"40ybYYuYceyFwKPFDs6S","jp-rifat","2","665","998877001000001","998877002000001","4","1","0"
"40ybYYuYceyFwKPFDs6S","jp-rifat","4","1060","998877001000002","998877002000002","5","1","1"
"40ybYYuYceyFwKPFDs6S","jp-rifat","999","730","998877001000003","998877002000003","4","1","0"
"40ybYYuYceyFwKPFDs6S","jp-rifat","1","1847","998877001000004","998877002000004","5","1","1"
"40ybYYuYceyFwKPFDs6S","jp-rifat","1","645","998877001000005","998877002000005","4","1","0"
"40ybYYuYceyFwKPFDs6S","jp-rifat","2","1700","998877001000006","998877002000006","5","1","1"
"40ybYYuYceyFwKPFDs6S","jp-rifat","2","657","998877001000007","998877002000007","4","1","0"
"40ybYYuYceyFwKPFDs6S","jp-rifat","999","908","998877001000008","998877002000008","5","1","1"
"40ybYYuYceyFwKPFDs6S","jp-rifat","1","713","998877001000009","998877002000009","4","1","0"
"40ybYYuYceyFwKPFDs6S","jp-rifat","2","1536","998877001000010","998877002000010","5","1","1"
"40ybYYuYceyFwKPFDs6S","jp-rifat","1","340","998877001000011","998877002000011","4","1","0"
"40ybYYuYceyFwKPFDs6S","jp-rifat","4","949","998877001000012","998877002000012","5","1","1"
"40ybYYuYceyFwKPFDs6S","jp-rifat","1","1523","998877001000013","998877002000013","4","1","0"
"40ybYYuYceyFwKPFDs6S","jp-rifat","3","1553","998877001000014","998877002000014","5","1","1"
"40ybYYuYceyFwKPFDs6S","jp-rifat","1","247","998877001000015","998877002000015","4","1","0"
"40ybYYuYceyFwKPFDs6S","jp-rifat","1","1614","998877001000016","998877002000016","5","1","1"
"40ybYYuYceyFwKPFDs6S","jp-rifat","2","1492","998877001000017","998877002000017","4","1","0"
"40ybYYuYceyFwKPFDs6S","jp-rifat","3","1056","998877001000018","998877002000018","5","1","1"
"40ybYYuYceyFwKPFDs6S","jp-rifat","2","34","998877001000019","998877002000019","4","1","0"
"40ybYYuYceyFwKPFDs6S","jp-rifat","999","800","998877001000020","998877002000020","5","1","1"
"40ybYYuYceyFwKPFDs6S","jp-rifat","4","1741","998877001000021","998877002000021","4","1","0"
"40ybYYuYceyFwKPFDs6S","jp-rifat","4","1104","998877001000022","998877002000022","5","1","1"
"40ybYYuYceyFwKPFDs6S","jp-rifat","4","414","998877001000023","998877002000023","4","1","0"
"40ybYYuYceyFwKPFDs6S","jp-rifat","4","1768","998877001000024","998877002000024","5","1","1"
"40ybYYuYceyFwKPFDs6S","jp-rifat","1","943","998877001000025","998877002000025","4","1","0"
"40ybYYuYceyFwKPFDs6S","jp-rifat","2","1471","998877001000026","998877002000026","5","1","1"
"40ybYYuYceyFwKPFDs6S","jp-rifat","2","1704","998877001000027","998877002000027","4","1","0"
"40ybYYuYceyFwKPFDs6S","jp-rifat","4","1625","998877001000028","998877002000028","5","1","1"
"40ybYYuYceyFwKPFDs6S","jp-rifat","2","334","998877001000029","998877002000029","4","1","0"
"40ybYYuYceyFwKPFDs6S","jp-rifat","4","1328","998877001000030","998877002000030","5","1","1"
"40ybYYuYceyFwKPFDs6S","jp-rifat","4","1110","998877001000031","998877002000031","4","1","0"
"40ybYYuYceyFwKPFDs6S","jp-rifat","1","55","998877001000032","998877002000032","5","1","1"
"40ybYYuYceyFwKPFDs6S","jp-rifat","3","1057","998877001000033","998877002000033","4","1","0"
"40ybYYuYceyFwKPFDs6S","jp-rifat","1","1544","998877001000034","998877002000034","5","1","1"
"40ybYYuYceyFwKPFDs6S","jp-rifat","4","733","998877001000035","998877002000035","4","1","0"
"40ybYYuYceyFwKPFDs6S","jp-rifat","999","487","998877001000036","998877002000036","5","1","1"
"40ybYYuYceyFwKPFDs6S","jp-rifat","4","1564","998877001000037","998877002000037","4","1","0"
"40ybYYuYceyFwKPFDs6S","jp-rifat","999","1591","998877001000038","998877002000038","5","1","1"
"40ybYYuYceyFwKPFDs6S","jp-rifat","999","1603","998877001000039","998877002000039","4","1","0"
"40ybYYuYceyFwKPFDs6S","jp-rifat","3","543","998877001000040","998877002000040","5","1","1"
"40ybYYuYceyFwKPFDs6S","jp-rifat","999","104","998877001000041","998877002000041","4","1","0"
"40ybYYuYceyFwKPFDs6S","jp-rifat","3","1267","998877001000042","998877002000042","5","1","1"
"40ybYYuYceyFwKPFDs6S","jp-rifat","2","1154","998877001000043","998877002000043","4","1","0"
"40ybYYuYceyFwKPFDs6S","jp-rifat","999","1193","998877001000044","998877002000044","5","1","1"
"40ybYYuYceyFwKPFDs6S","jp-rifat","2","1511","998877001000045","998877002000045","4","1","0"
"40ybYYuYceyFwKPFDs6S","jp-rifat","4","787","998877001000046","998877002000046","5","1","1"
"40ybYYuYceyFwKPFDs6S","jp-rifat","1","903","998877001000047","998877002000047","4","1","0"
"40ybYYuYceyFwKPFDs6S","jp-rifat","1","1943","998877001000048","998877002000048","5","1","1"
"40ybYYuYceyFwKPFDs6S","jp-rifat","999","670","998877001000049","998877002000049","4","1","0"
"40ybYYuYceyFwKPFDs6S","jp-rifat","1","1050","998877001000050","998877002000050","5","1","1"
"40ybYYuYceyFwKPFDs6S","jp-rifat","4","553","998877001000051","998877002000051","4","1","0"
"40ybYYuYceyFwKPFDs6S","jp-rifat","3","596","998877001000052","998877002000052","5","1","1"
"40ybYYuYceyFwKPFDs6S","jp-rifat","2","1846","998877001000053","998877002000053","4","1","0"
"40ybYYuYceyFwKPFDs6S","jp-rifat","1","815","998877001000054","998877002000054","5","1","1"
"40ybYYuYceyFwKPFDs6S","jp-rifat","3","268","998877001000055","998877002000055","4","1","0"
"40ybYYuYceyFwKPFDs6S","jp-rifat","3","1434","998877001000056","998877002000056","5","1","1"
"40ybYYuYceyFwKPFDs6S","jp-rifat","3","91","998877001000057","998877002000057","4","1","0"
"40ybYYuYceyFwKPFDs6S","jp-rifat","3","1616","998877001000058","998877002000058","5","1","1"
"40ybYYuYceyFwKPFDs6S","jp-rifat","1","316","998877001000059","998877002000059","4","1","0"
"40ybYYuYceyFwKPFDs6S","jp-rifat","4","1452","998877001000060","998877002000060","5","1","1"
"40ybYYuYceyFwKPFDs6S","jp-rifat","4","52","998877001000061","998877002000061","4","1","0"
"40ybYYuYceyFwKPFDs6S","jp-rifat","2","1167","998877001000062","998877002000062","5","1","1"
"40ybYYuYceyFwKPFDs6S","jp-rifat","999","519","998877001000063","998877002000063","4","1","0"
"40ybYYuYceyFwKPFDs6S","jp-rifat","1","915","998877001000064","998877002000064","5","1","1"
"40ybYYuYceyFwKPFDs6S","jp-rifat","3","1320","998877001000065","998877002000065","4","1","0"
"40ybYYuYceyFwKPFDs6S","jp-rifat","4","30","998877001000066","998877002000066","5","1","1"
"40ybYYuYceyFwKPFDs6S","jp-rifat","1","940","998877001000067","998877002000067","4","1","0"
"40ybYYuYceyFwKPFDs6S","jp-rifat","999","710","998877001000068","998877002000068","5","1","1"
"40ybYYuYceyFwKPFDs6S","jp-rifat","1","1531","998877001000069","998877002000069","4","1","0"
"40ybYYuYceyFwKPFDs6S","jp-rifat","3","1674","998877001000070","998877002000070","5","1","1"
"40ybYYuYceyFwKPFDs6S","jp-rifat","4","320","998877001000071","998877002000071","4","1","0"
"40ybYYuYceyFwKPFDs6S","jp-rifat","4","1608","998877001000072","998877002000072","5","1","1"
"40ybYYuYceyFwKPFDs6S","jp-rifat","1","531","998877001000073","998877002000073","4","1","0"
"40ybYYuYceyFwKPFDs6S","jp-rifat","1","1092","998877001000074","998877002000074","5","1","1"
"40ybYYuYceyFwKPFDs6S","jp-rifat","1","755","998877001000075","998877002000075","4","1","0"
"40ybYYuYceyFwKPFDs6S","jp-rifat","1","111","998877001000076","998877002000076","5","1","1"
"40ybYYuYceyFwKPFDs6S","jp-rifat","1","1503","998877001000077","998877002000077","4","1","0"
"40ybYYuYceyFwKPFDs6S","jp-rifat","2","479","998877001000078","998877002000078","5","1","1"
"40ybYYuYceyFwKPFDs6S","jp-rifat","999","1109","998877001000079","998877002000079","4","1","0"
"40ybYYuYceyFwKPFDs6S","jp-rifat","1","1928","998877001000080","998877002000080","5","1","1"
"40ybYYuYceyFwKPFDs6S","jp-rifat","3","797","998877001000081","998877002000081","4","1","0"
"40ybYYuYceyFwKPFDs6S","jp-rifat","2","1739","998877001000082","998877002000082","5","1","1"
"40ybYYuYceyFwKPFDs6S","jp-rifat","3","1302","998877001000083","998877002000083","4","1","0"
"40ybYYuYceyFwKPFDs6S","jp-rifat","2","1960","998877001000084","998877002000084","5","1","1"
"40ybYYuYceyFwKPFDs6S","jp-rifat","2","131","998877001000085","998877002000085","4","1","0"
"40ybYYuYceyFwKPFDs6S","jp-rifat","2","790","998877001000086","998877002000086","5","1","1"
"40ybYYuYceyFwKPFDs6S","jp-rifat","2","183","998877001000087","998877002000087","4","1","0"
"40ybYYuYceyFwKPFDs6S","jp-rifat","2","298","998877001000088","998877002000088","5","1","1"
"40ybYYuYceyFwKPFDs6S","jp-rifat","999","1062","998877001000089","998877002000089","4","1","0"
"40ybYYuYceyFwKPFDs6S","jp-rifat","999","279","998877001000090","998877002000090","5","1","1"
"40ybYYuYceyFwKPFDs6S","jp-rifat","1","654","998877001000091","998877002000091","4","1","0"
"40ybYYuYceyFwKPFDs6S","jp-rifat","3","61","998877001000092","998877002000092","5","1","1"
"40ybYYuYceyFwKPFDs6S","jp-rifat","2","1105","998877001000093","998877002000093","4","1","0"
"40ybYYuYceyFwKPFDs6S","jp-rifat","999","898","998877001000094","998877002000094","5","1","1"
"40ybYYuYceyFwKPFDs6S","jp-rifat","4","1370","998877001000095","998877002000095","4","1","0"
"40ybYYuYceyFwKPFDs6S","jp-rifat","1","82","998877001000096","998877002000096","5","1","1"
"40ybYYuYceyFwKPFDs6S","jp-rifat","2","224","998877001000097","998877002000097","4","1","0"
"40ybYYuYceyFwKPFDs6S","jp-rifat","999","1341","998877001000098","998877002000098","5","1","1"
"40ybYYuYceyFwKPFDs6S","jp-rifat","999","1708","998877001000099","998877002000099","4","1","0"
"40ybYYuYceyFwKPFDs6S","jp-rifat","3","516","998877001000100","998877002000100","5","1","1"
"40ybYYuYceyFwKPFDs6S","jp-rifat","4","1656","998877001000101","998877002000101","4","1","0"
"40ybYYuYceyFwKPFDs6S","jp-rifat","999","1008","998877001000102","998877002000102","5","1","1"
"40ybYYuYceyFwKPFDs6S","jp-rifat","999","424","998877001000103","998877002000103","4","1","0"
"40ybYYuYceyFwKPFDs6S","jp-rifat","3","1271","998877001000104","998877002000104","5","1","1"
"40ybYYuYceyFwKPFDs6S","jp-rifat","2","1413","998877001000105","998877002000105","4","1","0"
"40ybYYuYceyFwKPFDs6S","jp-rifat","3","22","998877001000106","998877002000106","5","1","1"
"40ybYYuYceyFwKPFDs6S","jp-rifat","1","1377","998877001000107","998877002000107","4","1","0"
"40ybYYuYceyFwKPFDs6S","jp-rifat","4","943","998877001000108","998877002000108","5","1","1"
"40ybYYuYceyFwKPFDs6S","jp-rifat","999","1339","998877001000109","998877002000109","4","1","0"
"40ybYYuYceyFwKPFDs6S","jp-rifat","4","1415","998877001000110","998877002000110","5","1","1"
"40ybYYuYceyFwKPFDs6S","jp-rifat","1","825","998877001000111","998877002000111","4","1","0"
"40ybYYuYceyFwKPFDs6S","jp-rifat","4","1595","998877001000112","998877002000112","5","1","1"
"40ybYYuYceyFwKPFDs6S","jp-rifat","3","37","998877001000113","998877002000113","4","1","0"
"40ybYYuYceyFwKPFDs6S","jp-rifat","4","12","998877001000114","998877002000114","5","1","1"
"40ybYYuYceyFwKPFDs6S","jp-rifat","1","958","998877001000115","998877002000115","4","1","0"
"40ybYYuYceyFwKPFDs6S","jp-rifat","1","304","998877001000116","998877002000116","5","1","1"
"40ybYYuYceyFwKPFDs6S","jp-rifat","3","1270","998877001000117","998877002000117","4","1","0"
"40ybYYuYceyFwKPFDs6S","jp-rifat","2","1890","998877001000118","998877002000118","5","1","1"
"40ybYYuYceyFwKPFDs6S","jp-rifat","999","1335","998877001000119","998877002000119","4","1","0"
"40ybYYuYceyFwKPFDs6S","jp-rifat","999","1898","998877001000120","998877002000120","5","1","1"
"40ybYYuYceyFwKPFDs6S","jp-rifat","4","152","998877001000121","998877002000121","4","1","0"
"40ybYYuYceyFwKPFDs6S","jp-rifat","2","817","998877001000122","998877002000122","5","1","1"
"40ybYYuYceyFwKPFDs6S","jp-rifat","999","1439","998877001000123","998877002000123","4","1","0"
"40ybYYuYceyFwKPFDs6S","jp-rifat","3","1448","998877001000124","998877002000124","5","1","1"
"40ybYYuYceyFwKPFDs6S","jp-rifat","999","1039","998877001000125","998877002000125","4","1","0"
"40ybYYuYceyFwKPFDs6S","jp-rifat","999","926","998877001000126","998877002000126","5","1","1"
"40ybYYuYceyFwKPFDs6S","jp-rifat","3","1079","998877001000127","998877002000127","4","1","0"
"40ybYYuYceyFwKPFDs6S","jp-rifat","999","350","998877001000128","998877002000128","5","1","1"
"40ybYYuYceyFwKPFDs6S","jp-rifat","2","178","998877001000129","998877002000129","4","1","0"
"40ybYYuYceyFwKPFDs6S","jp-rifat","3","299","998877001000130","998877002000130","5","1","1"
"40ybYYuYceyFwKPFDs6S","jp-rifat","4","325","998877001000131","998877002000131","4","1","0"
"40ybYYuYceyFwKPFDs6S","jp-rifat","1","1187","998877001000132","998877002000132","5","1","1"
"40ybYYuYceyFwKPFDs6S","jp-rifat","2","632","998877001000133","998877002000133","4","1","0"
"40ybYYuYceyFwKPFDs6S","jp-rifat","999","1290","998877001000134","998877002000134","5","1","1"
"40ybYYuYceyFwKPFDs6S","jp-rifat","4","961","998877001000135","998877002000135","4","1","0"
"40ybYYuYceyFwKPFDs6S","jp-rifat","999","1434","998877001000136","998877002000136","5","1","1"
"40ybYYuYceyFwKPFDs6S","jp-rifat","4","548","998877001000137","998877002000137","4","1","0"
"40ybYYuYceyFwKPFDs6S","jp-rifat","3","1359","998877001000138","998877002000138","5","1","1"
"40ybYYuYceyFwKPFDs6S","jp-rifat","1","1449","998877001000139","998877002000139","4","1","0"
"40ybYYuYceyFwKPFDs6S","jp-rifat","999","1485","998877001000140","998877002000140","5","1","1"
"40ybYYuYceyFwKPFDs6S","jp-rifat","4","1109","998877001000141","998877002000141","4","1","0"
"40ybYYuYceyFwKPFDs6S","jp-rifat","2","1071","998877001000142","998877002000142","5","1","1"
"40ybYYuYceyFwKPFDs6S","jp-rifat","3","1652","998877001000143","998877002000143","4","1","0"
"40ybYYuYceyFwKPFDs6S","jp-rifat","4","741","998877001000144","998877002000144","5","1","1"
"40ybYYuYceyFwKPFDs6S","jp-rifat","999","500","998877001000145","998877002000145","4","1","0"
"40ybYYuYceyFwKPFDs6S","jp-rifat","2","404","998877001000146","998877002000146","5","1","1"
"40ybYYuYceyFwKPFDs6S","jp-rifat","2","360","998877001000147","998877002000147","4","1","0"
"40ybYYuYceyFwKPFDs6S","jp-rifat","4","1138","998877001000148","998877002000148","5","1","1"
"40ybYYuYceyFwKPFDs6S","jp-rifat","2","1389","998877001000149","998877002000149","4","1","0"
"40ybYYuYceyFwKPFDs6S","jp-rifat","999","1676","998877001000150","998877002000150","5","1","1"
"40ybYYuYceyFwKPFDs6S","jp-rifat","999","1056","998877001000151","998877002000151","4","1","0"
"40ybYYuYceyFwKPFDs6S","jp-rifat","4","182","998877001000152","998877002000152","5","1","1"
"40ybYYuYceyFwKPFDs6S","jp-rifat","2","83","998877001000153","998877002000153","4","1","0"
"40ybYYuYceyFwKPFDs6S","jp-rifat","4","311","998877001000154","998877002000154","5","1","1"
"40ybYYuYceyFwKPFDs6S","jp-rifat","999","1785","998877001000155","998877002000155","4","1","0"
"40ybYYuYceyFwKPFDs6S","jp-rifat","4","739","998877001000156","998877002000156","5","1","1"
"40ybYYuYceyFwKPFDs6S","jp-rifat","3","928","998877001000157","998877002000157","4","1","0"
"40ybYYuYceyFwKPFDs6S","jp-rifat","4","1801","998877001000158","998877002000158","5","1","1"
"40ybYYuYceyFwKPFDs6S","jp-rifat","1","668","998877001000159","998877002000159","4","1","0"
"40ybYYuYceyFwKPFDs6S","jp-rifat","4","1848","998877001000160","998877002000160","5","1","1"
"40ybYYuYceyFwKPFDs6S","jp-rifat","1","1020","998877001000161","998877002000161","4","1","0"
"40ybYYuYceyFwKPFDs6S","jp-rifat","3","711","998877001000162","998877002000162","5","1","1"
"40ybYYuYceyFwKPFDs6S","jp-rifat","4","564","998877001000163","998877002000163","4","1","0"
"40ybYYuYceyFwKPFDs6S","jp-rifat","4","1808","998877001000164","998877002000164","5","1","1"
"40ybYYuYceyFwKPFDs6S","jp-rifat","2","997","998877001000165","998877002000165","4","1","0"
"40ybYYuYceyFwKPFDs6S","jp-rifat","999","1022","998877001000166","998877002000166","5","1","1"
"40ybYYuYceyFwKPFDs6S","jp-rifat","2","1316","998877001000167","998877002000167","4","1","0"
"40ybYYuYceyFwKPFDs6S","jp-rifat","2","376","998877001000168","998877002000168","5","1","1"
"40ybYYuYceyFwKPFDs6S","jp-rifat","999","182","998877001000169","998877002000169","4","1","0"
"40ybYYuYceyFwKPFDs6S","jp-rifat","4","1649","998877001000170","998877002000170","5","1","1"
"40ybYYuYceyFwKPFDs6S","jp-rifat","4","1202","998877001000171","998877002000171","4","1","0"
"40ybYYuYceyFwKPFDs6S","jp-rifat","1","862","998877001000172","998877002000172","5","1","1"
"40ybYYuYceyFwKPFDs6S","jp-rifat","2","356","998877001000173","998877002000173","4","1","0"
"40ybYYuYceyFwKPFDs6S","jp-rifat","4","149","998877001000174","998877002000174","5","1","1"
"40ybYYuYceyFwKPFDs6S","jp-rifat","999","644","998877001000175","998877002000175","4","1","0"
"40ybYYuYceyFwKPFDs6S","jp-rifat","2","192","998877001000176","998877002000176","5","1","1"
"40ybYYuYceyFwKPFDs6S","jp-rifat","2","970","998877001000177","998877002000177","4","1","0"
"40ybYYuYceyFwKPFDs6S","jp-rifat","1","1762","998877001000178","998877002000178","5","1","1"
"40ybYYuYceyFwKPFDs6S","jp-rifat","3","1470","998877001000179","998877002000179","4","1","0"
"40ybYYuYceyFwKPFDs6S","jp-rifat","3","1486","998877001000180","998877002000180","5","1","1"
"40ybYYuYceyFwKPFDs6S","jp-rifat","2","1775","998877001000181","998877002000181","4","1","0"
"40ybYYuYceyFwKPFDs6S","jp-rifat","1","1957","998877001000182","998877002000182","5","1","1"
"40ybYYuYceyFwKPFDs6S","jp-rifat","4","431","998877001000183","998877002000183","4","1","0"
"40ybYYuYceyFwKPFDs6S","jp-rifat","4","1929","998877001000184","998877002000184","5","1","1"
"40ybYYuYceyFwKPFDs6S","jp-rifat","999","1738","998877001000185","998877002000185","4","1","0"
"40ybYYuYceyFwKPFDs6S","jp-rifat","3","579","998877001000186","998877002000186","5","1","1"
"40ybYYuYceyFwKPFDs6S","jp-rifat","2","126","998877001000187","998877002000187","4","1","0"
"40ybYYuYceyFwKPFDs6S","jp-rifat","999","1789","998877001000188","998877002000188","5","1","1"
"40ybYYuYceyFwKPFDs6S","jp-rifat","1","261","998877001000189","998877002000189","4","1","0"
"40ybYYuYceyFwKPFDs6S","jp-rifat","2","1505","998877001000190","998877002000190","5","1","1"
"40ybYYuYceyFwKPFDs6S","jp-rifat","1","656","998877001000191","998877002000191","4","1","0"
"40ybYYuYceyFwKPFDs6S","jp-rifat","4","1287","998877001000192","998877002000192","5","1","1"
"40ybYYuYceyFwKPFDs6S","jp-rifat","999","38","998877001000193","998877002000193","4","1","0"
"40ybYYuYceyFwKPFDs6S","jp-rifat","2","1877","998877001000194","998877002000194","5","1","1"
"40ybYYuYceyFwKPFDs6S","jp-rifat","3","60","998877001000195","998877002000195","4","1","0"
"40ybYYuYceyFwKPFDs6S","jp-rifat","2","1412","998877001000196","998877002000196","5","1","1"
"40ybYYuYceyFwKPFDs6S","jp-rifat","2","1310","998877001000197","998877002000197","4","1","0"
"40ybYYuYceyFwKPFDs6S","jp-rifat","3","1084","998877001000198","998877002000198","5","1","1"
"40ybYYuYceyFwKPFDs6S","jp-rifat","2","423","998877001000199","998877002000199","4","1","0"
"40ybYYuYceyFwKPFDs6S","jp-rifat","4","353","998877001000200","998877002000200","5","1","1"
"40ybYYuYceyFwKPFDs6S","jp-rifat","2","33","998877001000201","998877002000201","4","1","0"
"40ybYYuYceyFwKPFDs6S","jp-rifat","999","1821","998877001000202","998877002000202","5","1","1"
"40ybYYuYceyFwKPFDs6S","jp-rifat","3","528","998877001000203","998877002000203","4","1","0"
"40ybYYuYceyFwKPFDs6S","jp-rifat","3","639","998877001000204","998877002000204","5","1","1"
"40ybYYuYceyFwKPFDs6S","jp-rifat","2","989","998877001000205","998877002000205","4","1","0"
"40ybYYuYceyFwKPFDs6S","jp-rifat","2","1129","998877001000206","998877002000206","5","1","1"
"40ybYYuYceyFwKPFDs6S","jp-rifat","3","561","998877001000207","998877002000207","4","1","0"
"40ybYYuYceyFwKPFDs6S","jp-rifat","3","1988","998877001000208","998877002000208","5","1","1"
"40ybYYuYceyFwKPFDs6S","jp-rifat","4","904","998877001000209","998877002000209","4","1","0"
"40ybYYuYceyFwKPFDs6S","jp-rifat","999","824","998877001000210","998877002000210","5","1","1"
"40ybYYuYceyFwKPFDs6S","jp-rifat","1","669","998877001000211","998877002000211","4","1","0"
"40ybYYuYceyFwKPFDs6S","jp-rifat","1","955","998877001000212","998877002000212","5","1","1"
"40ybYYuYceyFwKPFDs6S","jp-rifat","4","1044","998877001000213","998877002000213","4","1","0"
"40ybYYuYceyFwKPFDs6S","jp-rifat","1","439","998877001000214","998877002000214","5","1","1"
"40ybYYuYceyFwKPFDs6S","jp-rifat","2","1772","998877001000215","998877002000215","4","1","0"
"40ybYYuYceyFwKPFDs6S","jp-rifat","4","348","998877001000216","998877002000216","5","1","1"
"40ybYYuYceyFwKPFDs6S","jp-rifat","999","1159","998877001000217","998877002000217","4","1","0"
"40ybYYuYceyFwKPFDs6S","jp-rifat","999","681","998877001000218","998877002000218","5","1","1"
"40ybYYuYceyFwKPFDs6S","jp-rifat","999","502","998877001000219","998877002000219","4","1","0"
"40ybYYuYceyFwKPFDs6S","jp-rifat","2","631","998877001000220","998877002000220","5","1","1"
"40ybYYuYceyFwKPFDs6S","jp-rifat","4","184","998877001000221","998877002000221","4","1","0"
"40ybYYuYceyFwKPFDs6S","jp-rifat","1","1853","998877001000222","998877002000222","5","1","1"
"40ybYYuYceyFwKPFDs6S","jp-rifat","2","896","998877001000223","998877002000223","4","1","0"
"40ybYYuYceyFwKPFDs6S","jp-rifat","1","61","998877001000224","998877002000224","5","1","1"
"40ybYYuYceyFwKPFDs6S","jp-rifat","1","1147","998877001000225","998877002000225","4","1","0"
"40ybYYuYceyFwKPFDs6S","jp-rifat","4","202","998877001000226","998877002000226","5","1","1"
"40ybYYuYceyFwKPFDs6S","jp-rifat","2","1276","998877001000227","998877002000227","4","1","0"
"40ybYYuYceyFwKPFDs6S","jp-rifat","3","514","998877001000228","998877002000228","5","1","1"
"40ybYYuYceyFwKPFDs6S","jp-rifat","999","1913","998877001000229","998877002000229","4","1","0"
"40ybYYuYceyFwKPFDs6S","jp-rifat","3","1787","998877001000230","998877002000230","5","1","1"
"40ybYYuYceyFwKPFDs6S","jp-rifat","1","1180","998877001000231","998877002000231","4","1","0"
"40ybYYuYceyFwKPFDs6S","jp-rifat","3","211","998877001000232","998877002000232","5","1","1"
"40ybYYuYceyFwKPFDs6S","jp-rifat","999","1024","998877001000233","998877002000233","4","1","0"
"40ybYYuYceyFwKPFDs6S","jp-rifat","1","1463","998877001000234","998877002000234","5","1","1"
"40ybYYuYceyFwKPFDs6S","jp-rifat","2","213","998877001000235","998877002000235","4","1","0"
"40ybYYuYceyFwKPFDs6S","jp-rifat","1","1734","998877001000236","998877002000236","5","1","1"
"40ybYYuYceyFwKPFDs6S","jp-rifat","3","573","998877001000237","998877002000237","4","1","0"
"40ybYYuYceyFwKPFDs6S","jp-rifat","4","1858","998877001000238","998877002000238","5","1","1"
"40ybYYuYceyFwKPFDs6S","jp-rifat","3","869","998877001000239","998877002000239","4","1","0"
"40ybYYuYceyFwKPFDs6S","jp-rifat","3","1269","998877001000240","998877002000240","5","1","1"
"40ybYYuYceyFwKPFDs6S","jp-rifat","999","960","998877001000241","998877002000241","4","1","0"
"40ybYYuYceyFwKPFDs6S","jp-rifat","4","1269","998877001000242","998877002000242","5","1","1"
"40ybYYuYceyFwKPFDs6S","jp-rifat","4","1345","998877001000243","998877002000243","4","1","0"
"40ybYYuYceyFwKPFDs6S","jp-rifat","2","558","998877001000244","998877002000244","5","1","1"
"40ybYYuYceyFwKPFDs6S","jp-rifat","2","173","998877001000245","998877002000245","4","1","0"
"40ybYYuYceyFwKPFDs6S","jp-rifat","2","385","998877001000246","998877002000246","5","1","1"
"40ybYYuYceyFwKPFDs6S","jp-rifat","4","1917","998877001000247","998877002000247","4","1","0"
"40ybYYuYceyFwKPFDs6S","jp-rifat","1","411","998877001000248","998877002000248","5","1","1"
"40ybYYuYceyFwKPFDs6S","jp-rifat","3","1486","998877001000249","998877002000249","4","1","0"
"40ybYYuYceyFwKPFDs6S","jp-rifat","3","1905","998877001000250","998877002000250","5","1","1"
"40ybYYuYceyFwKPFDs6S","jp-rifat","4","1405","998877001000251","998877002000251","4","1","0"
"40ybYYuYceyFwKPFDs6S","jp-rifat","1","252","998877001000252","998877002000252","5","1","1"
"40ybYYuYceyFwKPFDs6S","jp-rifat","3","668","998877001000253","998877002000253","4","1","0"
"40ybYYuYceyFwKPFDs6S","jp-rifat","999","1447","998877001000254","998877002000254","5","1","1"
"40ybYYuYceyFwKPFDs6S","jp-rifat","999","1466","998877001000255","998877002000255","4","1","0"
"40ybYYuYceyFwKPFDs6S","jp-rifat","999","991","998877001000256","998877002000256","5","1","1"
"40ybYYuYceyFwKPFDs6S","jp-rifat","999","344","998877001000257","998877002000257","4","1","0"
"40ybYYuYceyFwKPFDs6S","jp-rifat","2","1382","998877001000258","998877002000258","5","1","1"
"40ybYYuYceyFwKPFDs6S","jp-rifat","2","201","998877001000259","998877002000259","4","1","0"
"40ybYYuYceyFwKPFDs6S","jp-rifat","4","387","998877001000260","998877002000260","5","1","1"
"40ybYYuYceyFwKPFDs6S","jp-rifat","4","1004","998877001000261","998877002000261","4","1","0"
"40ybYYuYceyFwKPFDs6S","jp-rifat","3","445","998877001000262","998877002000262","5","1","1"
"40ybYYuYceyFwKPFDs6S","jp-rifat","999","85","998877001000263","998877002000263","4","1","0"
"40ybYYuYceyFwKPFDs6S","jp-rifat","4","22","998877001000264","998877002000264","5","1","1"
"40ybYYuYceyFwKPFDs6S","jp-rifat","3","168","998877001000265","998877002000265","4","1","0"
"40ybYYuYceyFwKPFDs6S","jp-rifat","3","1426","998877001000266","998877002000266","5","1","1"
"40ybYYuYceyFwKPFDs6S","jp-rifat","3","1007","998877001000267","998877002000267","4","1","0"
"40ybYYuYceyFwKPFDs6S","jp-rifat","1","990","998877001000268","998877002000268","5","1","1"
"40ybYYuYceyFwKPFDs6S","jp-rifat","999","507","998877001000269","998877002000269","4","1","0"
"40ybYYuYceyFwKPFDs6S","jp-rifat","3","650","998877001000270","998877002000270","5","1","1"
"40ybYYuYceyFwKPFDs6S","jp-rifat","2","1311","998877001000271","998877002000271","4","1","0"
"40ybYYuYceyFwKPFDs6S","jp-rifat","999","1119","998877001000272","998877002000272","5","1","1"
"40ybYYuYceyFwKPFDs6S","jp-rifat","4","1340","998877001000273","998877002000273","4","1","0"
"40ybYYuYceyFwKPFDs6S","jp-rifat","3","64","998877001000274","998877002000274","5","1","1"
"40ybYYuYceyFwKPFDs6S","jp-rifat","999","1160","998877001000275","998877002000275","4","1","0"
"40ybYYuYceyFwKPFDs6S","jp-rifat","1","633","998877001000276","998877002000276","5","1","1"
"40ybYYuYceyFwKPFDs6S","jp-rifat","2","1938","998877001000277","998877002000277","4","1","0"
"40ybYYuYceyFwKPFDs6S","jp-rifat","4","525","998877001000278","998877002000278","5","1","1"
"40ybYYuYceyFwKPFDs6S","jp-rifat","2","653","998877001000279","998877002000279","4","1","0"
"40ybYYuYceyFwKPFDs6S","jp-rifat","2","314","998877001000280","998877002000280","5","1","1"
"40ybYYuYceyFwKPFDs6S","jp-rifat","4","1192","998877001000281","998877002000281","4","1","0"
"40ybYYuYceyFwKPFDs6S","jp-rifat","2","550","998877001000282","998877002000282","5","1","1"
"40ybYYuYceyFwKPFDs6S","jp-rifat","999","138","998877001000283","998877002000283","4","1","0"
"40ybYYuYceyFwKPFDs6S","jp-rifat","4","594","998877001000284","998877002000284","5","1","1"
"40ybYYuYceyFwKPFDs6S","jp-rifat","4","697","998877001000285","998877002000285","4","1","0"
"40ybYYuYceyFwKPFDs6S","jp-rifat","999","619","998877001000286","998877002000286","5","1","1"
"40ybYYuYceyFwKPFDs6S","jp-rifat","1","323","998877001000287","998877002000287","4","1","0"
"40ybYYuYceyFwKPFDs6S","jp-rifat","4","382","998877001000288","998877002000288","5","1","1"
"40ybYYuYceyFwKPFDs6S","jp-rifat","4","1677","998877001000289","998877002000289","4","1","0"
"40ybYYuYceyFwKPFDs6S","jp-rifat","1","1204","998877001000290","998877002000290","5","1","1"
"40ybYYuYceyFwKPFDs6S","jp-rifat","1","332","998877001000291","998877002000291","4","1","0"
"40ybYYuYceyFwKPFDs6S","jp-rifat","999","1721","998877001000292","998877002000292","5","1","1"
"40ybYYuYceyFwKPFDs6S","jp-rifat","999","1633","998877001000293","998877002000293","4","1","0"
"40ybYYuYceyFwKPFDs6S","jp-rifat","3","1013","998877001000294","998877002000294","5","1","1"
"40ybYYuYceyFwKPFDs6S","jp-rifat","1","792","998877001000295","998877002000295","4","1","0"
"40ybYYuYceyFwKPFDs6S","jp-rifat","4","1263","998877001000296","998877002000296","5","1","1"
"40ybYYuYceyFwKPFDs6S","jp-rifat","2","505","998877001000297","998877002000297","4","1","0"
"40ybYYuYceyFwKPFDs6S","jp-rifat","4","903","998877001000298","998877002000298","5","1","1"
"40ybYYuYceyFwKPFDs6S","jp-rifat","1","73","998877001000299","998877002000299","4","1","0"
"40ybYYuYceyFwKPFDs6S","jp-rifat","2","1287","998877001000300","998877002000300","5","1","1"
"40ybYYuYceyFwKPFDs6S","jp-rifat","1","179","998877001000301","998877002000301","4","1","0"
"40ybYYuYceyFwKPFDs6S","jp-rifat","999","1495","998877001000302","998877002000302","5","1","1"
"40ybYYuYceyFwKPFDs6S","jp-rifat","999","1799","998877001000303","998877002000303","4","1","0"
"40ybYYuYceyFwKPFDs6S","jp-rifat","3","883","998877001000304","998877002000304","5","1","1"
"40ybYYuYceyFwKPFDs6S","jp-rifat","3","1041","998877001000305","998877002000305","4","1","0"
"40ybYYuYceyFwKPFDs6S","jp-rifat","1","317","998877001000306","998877002000306","5","1","1"
"40ybYYuYceyFwKPFDs6S","jp-rifat","999","1361","998877001000307","998877002000307","4","1","0"
"40ybYYuYceyFwKPFDs6S","jp-rifat","3","363","998877001000308","998877002000308","5","1","1"
"40ybYYuYceyFwKPFDs6S","jp-rifat","999","1003","998877001000309","998877002000309","4","1","0"
"40ybYYuYceyFwKPFDs6S","jp-rifat","999","720","998877001000310","998877002000310","5","1","1"
"40ybYYuYceyFwKPFDs6S","jp-rifat","2","858","998877001000311","998877002000311","4","1","0"
"40ybYYuYceyFwKPFDs6S","jp-rifat","3","1217","998877001000312","998877002000312","5","1","1"
"40ybYYuYceyFwKPFDs6S","jp-rifat","4","1234","998877001000313","998877002000313","4","1","0"
"40ybYYuYceyFwKPFDs6S","jp-rifat","1","1443","998877001000314","998877002000314","5","1","1"
"40ybYYuYceyFwKPFDs6S","jp-rifat","3","1773","998877001000315","998877002000315","4","1","0"
"40ybYYuYceyFwKPFDs6S","jp-rifat","1","76","998877001000316","998877002000316","5","1","1"
"40ybYYuYceyFwKPFDs6S","jp-rifat","999","793","998877001000317","998877002000317","4","1","0"
"40ybYYuYceyFwKPFDs6S","jp-rifat","2","1172","998877001000318","998877002000318","5","1","1"
"40ybYYuYceyFwKPFDs6S","jp-rifat","1","885","998877001000319","998877002000319","4","1","0"
"40ybYYuYceyFwKPFDs6S","jp-rifat","4","790","998877001000320","998877002000320","5","1","1"
"40ybYYuYceyFwKPFDs6S","jp-rifat","3","1579","998877001000321","998877002000321","4","1","0"
"40ybYYuYceyFwKPFDs6S","jp-rifat","1","737","998877001000322","998877002000322","5","1","1"
"40ybYYuYceyFwKPFDs6S","jp-rifat","999","1862","998877001000323","998877002000323","4","1","0"
"40ybYYuYceyFwKPFDs6S","jp-rifat","4","1374","998877001000324","998877002000324","5","1","1"
"40ybYYuYceyFwKPFDs6S","jp-rifat","1","631","998877001000325","998877002000325","4","1","0"
"40ybYYuYceyFwKPFDs6S","jp-rifat","1","99","998877001000326","998877002000326","5","1","1"
"40ybYYuYceyFwKPFDs6S","jp-rifat","1","235","998877001000327","998877002000327","4","1","0"
"40ybYYuYceyFwKPFDs6S","jp-rifat","2","290","998877001000328","998877002000328","5","1","1"
"40ybYYuYceyFwKPFDs6S","jp-rifat","3","1593","998877001000329","998877002000329","4","1","0"
"40ybYYuYceyFwKPFDs6S","jp-rifat","4","775","998877001000330","998877002000330","5","1","1"
"40ybYYuYceyFwKPFDs6S","jp-rifat","2","1182","998877001000331","998877002000331","4","1","0"
"40ybYYuYceyFwKPFDs6S","jp-rifat","4","40","998877001000332","998877002000332","5","1","1"
"40ybYYuYceyFwKPFDs6S","jp-rifat","999","577","998877001000333","998877002000333","4","1","0"
"40ybYYuYceyFwKPFDs6S","jp-rifat","2","1287","998877001000334","998877002000334","5","1","1"
"40ybYYuYceyFwKPFDs6S","jp-rifat","3","704","998877001000335","998877002000335","4","1","0"
"40ybYYuYceyFwKPFDs6S","jp-rifat","3","826","998877001000336","998877002000336","5","1","1"
"40ybYYuYceyFwKPFDs6S","jp-rifat","999","1901","998877001000337","998877002000337","4","1","0"
"40ybYYuYceyFwKPFDs6S","jp-rifat","4","1380","998877001000338","998877002000338","5","1","1"
"40ybYYuYceyFwKPFDs6S","jp-rifat","2","100","998877001000339","998877002000339","4","1","0"
"40ybYYuYceyFwKPFDs6S","jp-rifat","2","787","998877001000340","998877002000340","5","1","1"
"40ybYYuYceyFwKPFDs6S","jp-rifat","3","289","998877001000341","998877002000341","4","1","0"
"40ybYYuYceyFwKPFDs6S","jp-rifat","2","938","998877001000342","998877002000342","5","1","1"
"40ybYYuYceyFwKPFDs6S","jp-rifat","3","1638","998877001000343","998877002000343","4","1","0"
"40ybYYuYceyFwKPFDs6S","jp-rifat","4","711","998877001000344","998877002000344","5","1","1"
"40ybYYuYceyFwKPFDs6S","jp-rifat","1","1679","998877001000345","998877002000345","4","1","0"
"40ybYYuYceyFwKPFDs6S","jp-rifat","2","1319","998877001000346","998877002000346","5","1","1"
"40ybYYuYceyFwKPFDs6S","jp-rifat","3","1773","998877001000347","998877002000347","4","1","0"
"40ybYYuYceyFwKPFDs6S","jp-rifat","3","276","998877001000348","998877002000348","5","1","1"
"40ybYYuYceyFwKPFDs6S","jp-rifat","2","1288","998877001000349","998877002000349","4","1","0"
"40ybYYuYceyFwKPFDs6S","jp-rifat","4","532","998877001000350","998877002000350","5","1","1"
"40ybYYuYceyFwKPFDs6S","jp-rifat","999","359","998877001000351","998877002000351","4","1","0"
"40ybYYuYceyFwKPFDs6S","jp-rifat","3","1712","998877001000352","998877002000352","5","1","1"
"40ybYYuYceyFwKPFDs6S","jp-rifat","999","1639","998877001000353","998877002000353","4","1","0"
"40ybYYuYceyFwKPFDs6S","jp-rifat","4","182","998877001000354","998877002000354","5","1","1"
"40ybYYuYceyFwKPFDs6S","jp-rifat","4","568","998877001000355","998877002000355","4","1","0"
"40ybYYuYceyFwKPFDs6S","jp-rifat","1","1906","998877001000356","998877002000356","5","1","1"
"40ybYYuYceyFwKPFDs6S","jp-rifat","3","572","998877001000357","998877002000357","4","1","0"
"40ybYYuYceyFwKPFDs6S","jp-rifat","3","1535","998877001000358","998877002000358","5","1","1"
"40ybYYuYceyFwKPFDs6S","jp-rifat","2","1510","998877001000359","998877002000359","4","1","0"
"40ybYYuYceyFwKPFDs6S","jp-rifat","3","881","998877001000360","998877002000360","5","1","1"
"40ybYYuYceyFwKPFDs6S","jp-rifat","1","1169","998877001000361","998877002000361","4","1","0"
"40ybYYuYceyFwKPFDs6S","jp-rifat","3","1489","998877001000362","998877002000362","5","1","1"
"40ybYYuYceyFwKPFDs6S","jp-rifat","1","1558","998877001000363","998877002000363","4","1","0"
"40ybYYuYceyFwKPFDs6S","jp-rifat","4","14","998877001000364","998877002000364","5","1","1"
"40ybYYuYceyFwKPFDs6S","jp-rifat","3","765","998877001000365","998877002000365","4","1","0"
"40ybYYuYceyFwKPFDs6S","jp-rifat","2","277","998877001000366","998877002000366","5","1","1"
"40ybYYuYceyFwKPFDs6S","jp-rifat","4","1340","998877001000367","998877002000367","4","1","0"
"40ybYYuYceyFwKPFDs6S","jp-rifat","2","821","998877001000368","998877002000368","5","1","1"
"40ybYYuYceyFwKPFDs6S","jp-rifat","1","1801","998877001000369","998877002000369","4","1","0"
"40ybYYuYceyFwKPFDs6S","jp-rifat","2","159","998877001000370","998877002000370","5","1","1"
"40ybYYuYceyFwKPFDs6S","jp-rifat","4","689","998877001000371","998877002000371","4","1","0"
"40ybYYuYceyFwKPFDs6S","jp-rifat","3","664","998877001000372","998877002000372","5","1","1"
"40ybYYuYceyFwKPFDs6S","jp-rifat","1","349","998877001000373","998877002000373","4","1","0"
"40ybYYuYceyFwKPFDs6S","jp-rifat","1","910","998877001000374","998877002000374","5","1","1"
"40ybYYuYceyFwKPFDs6S","jp-rifat","2","1164","998877001000375","998877002000375","4","1","0"
"40ybYYuYceyFwKPFDs6S","jp-rifat","999","1767","998877001000376","998877002000376","5","1","1"
"40ybYYuYceyFwKPFDs6S","jp-rifat","999","711","998877001000377","998877002000377","4","1","0"
"40ybYYuYceyFwKPFDs6S","jp-rifat","1","715","998877001000378","998877002000378","5","1","1"
"40ybYYuYceyFwKPFDs6S","jp-rifat","4","461","998877001000379","998877002000379","4","1","0"
"40ybYYuYceyFwKPFDs6S","jp-rifat","2","1835","998877001000380","998877002000380","5","1","1"
"40ybYYuYceyFwKPFDs6S","jp-rifat","3","710","998877001000381","998877002000381","4","1","0"
"40ybYYuYceyFwKPFDs6S","jp-rifat","2","1786","998877001000382","998877002000382","5","1","1"
"40ybYYuYceyFwKPFDs6S","jp-rifat","3","821","998877001000383","998877002000383","4","1","0"
"40ybYYuYceyFwKPFDs6S","jp-rifat","1","470","998877001000384","998877002000384","5","1","1"
"40ybYYuYceyFwKPFDs6S","jp-rifat","3","1048","998877001000385","998877002000385","4","1","0"
"40ybYYuYceyFwKPFDs6S","jp-rifat","3","430","998877001000386","998877002000386","5","1","1"
"40ybYYuYceyFwKPFDs6S","jp-rifat","1","131","998877001000387","998877002000387","4","1","0"
"40ybYYuYceyFwKPFDs6S","jp-rifat","4","1154","998877001000388","998877002000388","5","1","1"
"40ybYYuYceyFwKPFDs6S","jp-rifat","999","730","998877001000389","998877002000389","4","1","0"
"40ybYYuYceyFwKPFDs6S","jp-rifat","1","1056","998877001000390","998877002000390","5","1","1"
"40ybYYuYceyFwKPFDs6S","jp-rifat","3","1293","998877001000391","998877002000391","4","1","0"
"40ybYYuYceyFwKPFDs6S","jp-rifat","4","947","998877001000392","998877002000392","5","1","1"
"40ybYYuYceyFwKPFDs6S","jp-rifat","2","1519","998877001000393","998877002000393","4","1","0"
"40ybYYuYceyFwKPFDs6S","jp-rifat","999","274","998877001000394","998877002000394","5","1","1"
"40ybYYuYceyFwKPFDs6S","jp-rifat","1","1108","998877001000395","998877002000395","4","1","0"
"40ybYYuYceyFwKPFDs6S","jp-rifat","999","643","998877001000396","998877002000396","5","1","1"
"40ybYYuYceyFwKPFDs6S","jp-rifat","4","1659","998877001000397","998877002000397","4","1","0"
"40ybYYuYceyFwKPFDs6S","jp-rifat","1","1306","998877001000398","998877002000398","5","1","1"
"40ybYYuYceyFwKPFDs6S","jp-rifat","4","476","998877001000399","998877002000399","4","1","0"
"40ybYYuYceyFwKPFDs6S","jp-rifat","999","1821","998877001000400","998877002000400","5","1","1"
"40ybYYuYceyFwKPFDs6S","jp-rifat","1","560","998877001000401","998877002000401","4","1","0"
"40ybYYuYceyFwKPFDs6S","jp-rifat","999","698","998877001000402","998877002000402","5","1","1"
"40ybYYuYceyFwKPFDs6S","jp-rifat","1","65","998877001000403","998877002000403","4","1","0"
"40ybYYuYceyFwKPFDs6S","jp-rifat","1","607","998877001000404","998877002000404","5","1","1"
"40ybYYuYceyFwKPFDs6S","jp-rifat","1","1354","998877001000405","998877002000405","4","1","0"
"40ybYYuYceyFwKPFDs6S","jp-rifat","999","1407","998877001000406","998877002000406","5","1","1"
"40ybYYuYceyFwKPFDs6S","jp-rifat","999","488","998877001000407","998877002000407","4","1","0"
"40ybYYuYceyFwKPFDs6S","jp-rifat","999","652","998877001000408","998877002000408","5","1","1"
"40ybYYuYceyFwKPFDs6S","jp-rifat","1","1453","998877001000409","998877002000409","4","1","0"
"40ybYYuYceyFwKPFDs6S","jp-rifat","3","1424","998877001000410","998877002000410","5","1","1"
"40ybYYuYceyFwKPFDs6S","jp-rifat","999","1191","998877001000411","998877002000411","4","1","0"
"40ybYYuYceyFwKPFDs6S","jp-rifat","3","1816","998877001000412","998877002000412","5","1","1"
"40ybYYuYceyFwKPFDs6S","jp-rifat","2","1216","998877001000413","998877002000413","4","1","0"
"40ybYYuYceyFwKPFDs6S","jp-rifat","1","51","998877001000414","998877002000414","5","1","1"
"40ybYYuYceyFwKPFDs6S","jp-rifat","3","1056","998877001000415","998877002000415","4","1","0"
"40ybYYuYceyFwKPFDs6S","jp-rifat","4","1933","998877001000416","998877002000416","5","1","1"
"40ybYYuYceyFwKPFDs6S","jp-rifat","3","843","998877001000417","998877002000417","4","1","0"
"40ybYYuYceyFwKPFDs6S","jp-rifat","999","1744","998877001000418","998877002000418","5","1","1"
"40ybYYuYceyFwKPFDs6S","jp-rifat","3","1204","998877001000419","998877002000419","4","1","0"
"40ybYYuYceyFwKPFDs6S","jp-rifat","4","420","998877001000420","998877002000420","5","1","1"
"40ybYYuYceyFwKPFDs6S","jp-rifat","4","16","998877001000421","998877002000421","4","1","0"
"40ybYYuYceyFwKPFDs6S","jp-rifat","999","1925","998877001000422","998877002000422","5","1","1"
"40ybYYuYceyFwKPFDs6S","jp-rifat","3","1618","998877001000423","998877002000423","4","1","0"
"40ybYYuYceyFwKPFDs6S","jp-rifat","1","1947","998877001000424","998877002000424","5","1","1"
"40ybYYuYceyFwKPFDs6S","jp-rifat","4","1659","998877001000425","998877002000425","4","1","0"
"40ybYYuYceyFwKPFDs6S","jp-rifat","1","1071","998877001000426","998877002000426","5","1","1"
"40ybYYuYceyFwKPFDs6S","jp-rifat","4","161","998877001000427","998877002000427","4","1","0"
"40ybYYuYceyFwKPFDs6S","jp-rifat","3","1702","998877001000428","998877002000428","5","1","1"
"40ybYYuYceyFwKPFDs6S","jp-rifat","4","1450","998877001000429","998877002000429","4","1","0"
"40ybYYuYceyFwKPFDs6S","jp-rifat","4","1069","998877001000430","998877002000430","5","1","1"
"40ybYYuYceyFwKPFDs6S","jp-rifat","3","1063","998877001000431","998877002000431","4","1","0"
"40ybYYuYceyFwKPFDs6S","jp-rifat","3","1560","998877001000432","998877002000432","5","1","1"
"40ybYYuYceyFwKPFDs6S","jp-rifat","4","1073","998877001000433","998877002000433","4","1","0"
"40ybYYuYceyFwKPFDs6S","jp-rifat","2","1531","998877001000434","998877002000434","5","1","1"
"40ybYYuYceyFwKPFDs6S","jp-rifat","3","377","998877001000435","998877002000435","4","1","0"
"40ybYYuYceyFwKPFDs6S","jp-rifat","1","275","998877001000436","998877002000436","5","1","1"
"40ybYYuYceyFwKPFDs6S","jp-rifat","2","1216","998877001000437","998877002000437","4","1","0"
"40ybYYuYceyFwKPFDs6S","jp-rifat","999","333","998877001000438","998877002000438","5","1","1"
"40ybYYuYceyFwKPFDs6S","jp-rifat","4","216","998877001000439","998877002000439","4","1","0"
"40ybYYuYceyFwKPFDs6S","jp-rifat","4","627","998877001000440","998877002000440","5","1","1"
"40ybYYuYceyFwKPFDs6S","jp-rifat","2","1092","998877001000441","998877002000441","4","1","0"
"40ybYYuYceyFwKPFDs6S","jp-rifat","4","728","998877001000442","998877002000442","5","1","1"
"40ybYYuYceyFwKPFDs6S","jp-rifat","999","1306","998877001000443","998877002000443","4","1","0"
"40ybYYuYceyFwKPFDs6S","jp-rifat","1","1347","998877001000444","998877002000444","5","1","1"
"40ybYYuYceyFwKPFDs6S","jp-rifat","2","1621","998877001000445","998877002000445","4","1","0"
"40ybYYuYceyFwKPFDs6S","jp-rifat","1","701","998877001000446","998877002000446","5","1","1"
"40ybYYuYceyFwKPFDs6S","jp-rifat","3","140","998877001000447","998877002000447","4","1","0"
"40ybYYuYceyFwKPFDs6S","jp-rifat","1","1310","998877001000448","998877002000448","5","1","1"
"40ybYYuYceyFwKPFDs6S","jp-rifat","999","287","998877001000449","998877002000449","4","1","0"
"40ybYYuYceyFwKPFDs6S","jp-rifat","1","928","998877001000450","998877002000450","5","1","1"
"40ybYYuYceyFwKPFDs6S","jp-rifat","3","233","998877001000451","998877002000451","4","1","0"
"40ybYYuYceyFwKPFDs6S","jp-rifat","1","493","998877001000452","998877002000452","5","1","1"
"40ybYYuYceyFwKPFDs6S","jp-rifat","999","122","998877001000453","998877002000453","4","1","0"
"40ybYYuYceyFwKPFDs6S","jp-rifat","999","1003","998877001000454","998877002000454","5","1","1"
"40ybYYuYceyFwKPFDs6S","jp-rifat","3","544","998877001000455","998877002000455","4","1","0"
"40ybYYuYceyFwKPFDs6S","jp-rifat","4","213","998877001000456","998877002000456","5","1","1"
"40ybYYuYceyFwKPFDs6S","jp-rifat","999","49","998877001000457","998877002000457","4","1","0"
"40ybYYuYceyFwKPFDs6S","jp-rifat","3","326","998877001000458","998877002000458","5","1","1"
"40ybYYuYceyFwKPFDs6S","jp-rifat","1","809","998877001000459","998877002000459","4","1","0"
"40ybYYuYceyFwKPFDs6S","jp-rifat","1","830","998877001000460","998877002000460","5","1","1"
"40ybYYuYceyFwKPFDs6S","jp-rifat","1","809","998877001000461","998877002000461","4","1","0"
"40ybYYuYceyFwKPFDs6S","jp-rifat","4","554","998877001000462","998877002000462","5","1","1"
"40ybYYuYceyFwKPFDs6S","jp-rifat","3","512","998877001000463","998877002000463","4","1","0"
"40ybYYuYceyFwKPFDs6S","jp-rifat","3","1598","998877001000464","998877002000464","5","1","1"
"40ybYYuYceyFwKPFDs6S","jp-rifat","2","1426","998877001000465","998877002000465","4","1","0"
"40ybYYuYceyFwKPFDs6S","jp-rifat","4","899","998877001000466","998877002000466","5","1","1"
"40ybYYuYceyFwKPFDs6S","jp-rifat","999","1728","998877001000467","998877002000467","4","1","0"
"40ybYYuYceyFwKPFDs6S","jp-rifat","3","545","998877001000468","998877002000468","5","1","1"
"40ybYYuYceyFwKPFDs6S","jp-rifat","999","936","998877001000469","998877002000469","4","1","0"
"40ybYYuYceyFwKPFDs6S","jp-rifat","1","187","998877001000470","998877002000470","5","1","1"
"40ybYYuYceyFwKPFDs6S","jp-rifat","2","1897","998877001000471","998877002000471","4","1","0"
"40ybYYuYceyFwKPFDs6S","jp-rifat","3","1272","998877001000472","998877002000472","5","1","1"
"40ybYYuYceyFwKPFDs6S","jp-rifat","4","59","998877001000473","998877002000473","4","1","0"
"40ybYYuYceyFwKPFDs6S","jp-rifat","4","20","998877001000474","998877002000474","5","1","1"
"40ybYYuYceyFwKPFDs6S","jp-rifat","2","1271","998877001000475","998877002000475","4","1","0"
"40ybYYuYceyFwKPFDs6S","jp-rifat","1","736","998877001000476","998877002000476","5","1","1"
"40ybYYuYceyFwKPFDs6S","jp-rifat","4","1816","998877001000477","998877002000477","4","1","0"
"40ybYYuYceyFwKPFDs6S","jp-rifat","2","467","998877001000478","998877002000478","5","1","1"
"40ybYYuYceyFwKPFDs6S","jp-rifat","2","1872","998877001000479","998877002000479","4","1","0"
"40ybYYuYceyFwKPFDs6S","jp-rifat","999","566","998877001000480","998877002000480","5","1","1"
"40ybYYuYceyFwKPFDs6S","jp-rifat","3","592","998877001000481","998877002000481","4","1","0"
"40ybYYuYceyFwKPFDs6S","jp-rifat","3","396","998877001000482","998877002000482","5","1","1"
"40ybYYuYceyFwKPFDs6S","jp-rifat","1","1575","998877001000483","998877002000483","4","1","0"
"40ybYYuYceyFwKPFDs6S","jp-rifat","999","889","998877001000484","998877002000484","5","1","1"
"40ybYYuYceyFwKPFDs6S","jp-rifat","2","490","998877001000485","998877002000485","4","1","0"
"40ybYYuYceyFwKPFDs6S","jp-rifat","1","1428","998877001000486","998877002000486","5","1","1"
"40ybYYuYceyFwKPFDs6S","jp-rifat","999","913","998877001000487","998877002000487","4","1","0"
"40ybYYuYceyFwKPFDs6S","jp-rifat","3","1052","998877001000488","998877002000488","5","1","1"
"40ybYYuYceyFwKPFDs6S","jp-rifat","4","1018","998877001000489","998877002000489","4","1","0"
"40ybYYuYceyFwKPFDs6S","jp-rifat","2","1276","998877001000490","998877002000490","5","1","1"
"40ybYYuYceyFwKPFDs6S","jp-rifat","2","1357","998877001000491","998877002000491","4","1","0"
"40ybYYuYceyFwKPFDs6S","jp-rifat","3","1807","998877001000492","998877002000492","5","1","1"
"40ybYYuYceyFwKPFDs6S","jp-rifat","2","21","998877001000493","998877002000493","4","1","0"
"40ybYYuYceyFwKPFDs6S","jp-rifat","1","223","998877001000494","998877002000494","5","1","1"
"40ybYYuYceyFwKPFDs6S","jp-rifat","2","341","998877001000495","998877002000495","4","1","0"
"40ybYYuYceyFwKPFDs6S","jp-rifat","4","1911","998877001000496","998877002000496","5","1","1"
"40ybYYuYceyFwKPFDs6S","jp-rifat","999","254","998877001000497","998877002000497","4","1","0"
"40ybYYuYceyFwKPFDs6S","jp-rifat","999","691","998877001000498","998877002000498","5","1","1"
"40ybYYuYceyFwKPFDs6S","jp-rifat","1","1249","998877001000499","998877002000499","4","1","0"
"40ybYYuYceyFwKPFDs6S","jp-rifat","4","1777","998877001000500","998877002000500","5","1","1"