"pNOWJmthjFWEUBwJ42UI","jp-tanvir","2","665","998877001000001","998877002000001","4","1","0"
"pNOWJmthjFWEUBwJ42UI","jp-tanvir","4","1060","998877001000002","998877002000002","5","1","1"
"pNOWJmthjFWEUBwJ42UI","jp-tanvir","999","730","998877001000003","998877002000003","4","1","0"
"pNOWJmthjFWEUBwJ42UI","jp-tanvir","1","1847","998877001000004","998877002000004","5","1","1"
"pNOWJmthjFWEUBwJ42UI","jp-tanvir","1","645","998877001000005","998877002000005","4","1","0"
"pNOWJmthjFWEUBwJ42UI","jp-tanvir","2","1700","998877001000006","998877002000006","5","1","1"
"pNOWJmthjFWEUBwJ42UI","jp-tanvir","2","657","998877001000007","998877002000007","4","1","0"
"pNOWJmthjFWEUBwJ42UI","jp-tanvir","999","908","998877001000008","998877002000008","5","1","1"
"pNOWJmthjFWEUBwJ42UI","jp-tanvir","1","713","998877001000009","998877002000009","4","1","0"
"pNOWJmthjFWEUBwJ42UI","jp-tanvir","2","1536","998877001000010","998877002000010","5","1","1"
"pNOWJmthjFWEUBwJ42UI","jp-tanvir","1","340","998877001000011","998877002000011","4","1","0"
"pNOWJmthjFWEUBwJ42UI","jp-tanvir","4","949","998877001000012","998877002000012","5","1","1"
"pNOWJmthjFWEUBwJ42UI","jp-tanvir","1","1523","998877001000013","998877002000013","4","1","0"
"pNOWJmthjFWEUBwJ42UI","jp-tanvir","3","1553","998877001000014","998877002000014","5","1","1"
"pNOWJmthjFWEUBwJ42UI","jp-tanvir","1","247","998877001000015","998877002000015","4","1","0"
"pNOWJmthjFWEUBwJ42UI","jp-tanvir","1","1614","998877001000016","998877002000016","5","1","1"
"pNOWJmthjFWEUBwJ42UI","jp-tanvir","2","1492","998877001000017","998877002000017","4","1","0"
"pNOWJmthjFWEUBwJ42UI","jp-tanvir","3","1056","998877001000018","998877002000018","5","1","1"
"pNOWJmthjFWEUBwJ42UI","jp-tanvir","2","34","998877001000019","998877002000019","4","1","0"
"pNOWJmthjFWEUBwJ42UI","jp-tanvir","999","800","998877001000020","998877002000020","5","1","1"
"pNOWJmthjFWEUBwJ42UI","jp-tanvir","4","1741","998877001000021","998877002000021","4","1","0"
"pNOWJmthjFWEUBwJ42UI","jp-tanvir","4","1104","998877001000022","998877002000022","5","1","1"
"pNOWJmthjFWEUBwJ42UI","jp-tanvir","4","414","998877001000023","998877002000023","4","1","0"
"pNOWJmthjFWEUBwJ42UI","jp-tanvir","4","1768","998877001000024","998877002000024","5","1","1"
"pNOWJmthjFWEUBwJ42UI","jp-tanvir","1","943","998877001000025","998877002000025","4","1","0"
"pNOWJmthjFWEUBwJ42UI","jp-tanvir","2","1471","998877001000026","998877002000026","5","1","1"
"pNOWJmthjFWEUBwJ42UI","jp-tanvir","2","1704","998877001000027","998877002000027","4","1","0"
"pNOWJmthjFWEUBwJ42UI","jp-tanvir","4","1625","998877001000028","998877002000028","5","1","1"
"pNOWJmthjFWEUBwJ42UI","jp-tanvir","2","334","998877001000029","998877002000029","4","1","0"
"pNOWJmthjFWEUBwJ42UI","jp-tanvir","4","1328","998877001000030","998877002000030","5","1","1"
"pNOWJmthjFWEUBwJ42UI","jp-tanvir","4","1110","998877001000031","998877002000031","4","1","0"
"pNOWJmthjFWEUBwJ42UI","jp-tanvir","1","55","998877001000032","998877002000032","5","1","1"
"pNOWJmthjFWEUBwJ42UI","jp-tanvir","3","1057","998877001000033","998877002000033","4","1","0"
"pNOWJmthjFWEUBwJ42UI","jp-tanvir","1","1544","998877001000034","998877002000034","5","1","1"
"pNOWJmthjFWEUBwJ42UI","jp-tanvir","4","733","998877001000035","998877002000035","4","1","0"
"pNOWJmthjFWEUBwJ42UI","jp-tanvir","999","487","998877001000036","998877002000036","5","1","1"
"pNOWJmthjFWEUBwJ42UI","jp-tanvir","4","1564","998877001000037","998877002000037","4","1","0"
"pNOWJmthjFWEUBwJ42UI","jp-tanvir","999","1591","998877001000038","998877002000038","5","1","1"
"pNOWJmthjFWEUBwJ42UI","jp-tanvir","999","1603","998877001000039","998877002000039","4","1","0"
"pNOWJmthjFWEUBwJ42UI","jp-tanvir","3","543","998877001000040","998877002000040","5","1","1"
"pNOWJmthjFWEUBwJ42UI","jp-tanvir","999","104","998877001000041","998877002000041","4","1","0"
"pNOWJmthjFWEUBwJ42UI","jp-tanvir","3","1267","998877001000042","998877002000042","5","1","1"
"pNOWJmthjFWEUBwJ42UI","jp-tanvir","2","1154","998877001000043","998877002000043","4","1","0"
"pNOWJmthjFWEUBwJ42UI","jp-tanvir","999","1193","998877001000044","998877002000044","5","1","1"
"pNOWJmthjFWEUBwJ42UI","jp-tanvir","2","1511","998877001000045","998877002000045","4","1","0"
"pNOWJmthjFWEUBwJ42UI","jp-tanvir","4","787","998877001000046","998877002000046","5","1","1"
"pNOWJmthjFWEUBwJ42UI","jp-tanvir","1","903","998877001000047","998877002000047","4","1","0"
"pNOWJmthjFWEUBwJ42UI","jp-tanvir","1","1943","998877001000048","998877002000048","5","1","1"
"pNOWJmthjFWEUBwJ42UI","jp-tanvir","999","670","998877001000049","998877002000049","4","1","0"
"pNOWJmthjFWEUBwJ42UI","jp-tanvir","1","1050","998877001000050","998877002000050","5","1","1"
"pNOWJmthjFWEUBwJ42UI","jp-tanvir","4","553","998877001000051","998877002000051","4","1","0"
"pNOWJmthjFWEUBwJ42UI","jp-tanvir","3","596","998877001000052","998877002000052","5","1","1"
"pNOWJmthjFWEUBwJ42UI","jp-tanvir","2","1846","998877001000053","998877002000053","4","1","0"
"pNOWJmthjFWEUBwJ42UI","jp-tanvir","1","815","998877001000054","998877002000054","5","1","1"
"pNOWJmthjFWEUBwJ42UI","jp-tanvir","3","268","998877001000055","998877002000055","4","1","0"
"pNOWJmthjFWEUBwJ42UI","jp-tanvir","3","1434","998877001000056","998877002000056","5","1","1"
"pNOWJmthjFWEUBwJ42UI","jp-tanvir","3","91","998877001000057","998877002000057","4","1","0"
"pNOWJmthjFWEUBwJ42UI","jp-tanvir","3","1616","998877001000058","998877002000058","5","1","1"
"pNOWJmthjFWEUBwJ42UI","jp-tanvir","1","316","998877001000059","998877002000059","4","1","0"
"pNOWJmthjFWEUBwJ42UI","jp-tanvir","4","1452","998877001000060","998877002000060","5","1","1"
"pNOWJmthjFWEUBwJ42UI","jp-tanvir","4","52","998877001000061","998877002000061","4","1","0"
"pNOWJmthjFWEUBwJ42UI","jp-tanvir","2","1167","998877001000062","998877002000062","5","1","1"
"pNOWJmthjFWEUBwJ42UI","jp-tanvir","999","519","998877001000063","998877002000063","4","1","0"
"pNOWJmthjFWEUBwJ42UI","jp-tanvir","1","915","998877001000064","998877002000064","5","1","1"
"pNOWJmthjFWEUBwJ42UI","jp-tanvir","3","1320","998877001000065","998877002000065","4","1","0"
"pNOWJmthjFWEUBwJ42UI","jp-tanvir","4","30","998877001000066","998877002000066","5","1","1"
"pNOWJmthjFWEUBwJ42UI","jp-tanvir","1","940","998877001000067","998877002000067","4","1","0"
"pNOWJmthjFWEUBwJ42UI","jp-tanvir","999","710","998877001000068","998877002000068","5","1","1"
"pNOWJmthjFWEUBwJ42UI","jp-tanvir","1","1531","998877001000069","998877002000069","4","1","0"
"pNOWJmthjFWEUBwJ42UI","jp-tanvir","3","1674","998877001000070","998877002000070","5","1","1"
"pNOWJmthjFWEUBwJ42UI","jp-tanvir","4","320","998877001000071","998877002000071","4","1","0"
"pNOWJmthjFWEUBwJ42UI","jp-tanvir","4","1608","998877001000072","998877002000072","5","1","1"
"pNOWJmthjFWEUBwJ42UI","jp-tanvir","1","531","998877001000073","998877002000073","4","1","0"
"pNOWJmthjFWEUBwJ42UI","jp-tanvir","1","1092","998877001000074","998877002000074","5","1","1"
"pNOWJmthjFWEUBwJ42UI","jp-tanvir","1","755","998877001000075","998877002000075","4","1","0"
"pNOWJmthjFWEUBwJ42UI","jp-tanvir","1","111","998877001000076","998877002000076","5","1","1"
"pNOWJmthjFWEUBwJ42UI","jp-tanvir","1","1503","998877001000077","998877002000077","4","1","0"
"pNOWJmthjFWEUBwJ42UI","jp-tanvir","2","479","998877001000078","998877002000078","5","1","1"
"pNOWJmthjFWEUBwJ42UI","jp-tanvir","999","1109","998877001000079","998877002000079","4","1","0"
"pNOWJmthjFWEUBwJ42UI","jp-tanvir","1","1928","998877001000080","998877002000080","5","1","1"
"pNOWJmthjFWEUBwJ42UI","jp-tanvir","3","797","998877001000081","998877002000081","4","1","0"
"pNOWJmthjFWEUBwJ42UI","jp-tanvir","2","1739","998877001000082","998877002000082","5","1","1"
"pNOWJmthjFWEUBwJ42UI","jp-tanvir","3","1302","998877001000083","998877002000083","4","1","0"
"pNOWJmthjFWEUBwJ42UI","jp-tanvir","2","1960","998877001000084","998877002000084","5","1","1"
"pNOWJmthjFWEUBwJ42UI","jp-tanvir","2","131","998877001000085","998877002000085","4","1","0"
"pNOWJmthjFWEUBwJ42UI","jp-tanvir","2","790","998877001000086","998877002000086","5","1","1"
"pNOWJmthjFWEUBwJ42UI","jp-tanvir","2","183","998877001000087","998877002000087","4","1","0"
"pNOWJmthjFWEUBwJ42UI","jp-tanvir","2","298","998877001000088","998877002000088","5","1","1"
"pNOWJmthjFWEUBwJ42UI","jp-tanvir","999","1062","998877001000089","998877002000089","4","1","0"
"pNOWJmthjFWEUBwJ42UI","jp-tanvir","999","279","998877001000090","998877002000090","5","1","1"
"pNOWJmthjFWEUBwJ42UI","jp-tanvir","1","654","998877001000091","998877002000091","4","1","0"
"pNOWJmthjFWEUBwJ42UI","jp-tanvir","3","61","998877001000092","998877002000092","5","1","1"
"pNOWJmthjFWEUBwJ42UI","jp-tanvir","2","1105","998877001000093","998877002000093","4","1","0"
"pNOWJmthjFWEUBwJ42UI","jp-tanvir","999","898","998877001000094","998877002000094","5","1","1"
"pNOWJmthjFWEUBwJ42UI","jp-tanvir","4","1370","998877001000095","998877002000095","4","1","0"
"pNOWJmthjFWEUBwJ42UI","jp-tanvir","1","82","998877001000096","998877002000096","5","1","1"
"pNOWJmthjFWEUBwJ42UI","jp-tanvir","2","224","998877001000097","998877002000097","4","1","0"
"pNOWJmthjFWEUBwJ42UI","jp-tanvir","999","1341","998877001000098","998877002000098","5","1","1"
"pNOWJmthjFWEUBwJ42UI","jp-tanvir","999","1708","998877001000099","998877002000099","4","1","0"
"pNOWJmthjFWEUBwJ42UI","jp-tanvir","3","516","998877001000100","998877002000100","5","1","1"
"pNOWJmthjFWEUBwJ42UI","jp-tanvir","4","1656","998877001000101","998877002000101","4","1","0"
"pNOWJmthjFWEUBwJ42UI","jp-tanvir","999","1008","998877001000102","998877002000102","5","1","1"
"pNOWJmthjFWEUBwJ42UI","jp-tanvir","999","424","998877001000103","998877002000103","4","1","0"
"pNOWJmthjFWEUBwJ42UI","jp-tanvir","3","1271","998877001000104","998877002000104","5","1","1"
"pNOWJmthjFWEUBwJ42UI","jp-tanvir","2","1413","998877001000105","998877002000105","4","1","0"
"pNOWJmthjFWEUBwJ42UI","jp-tanvir","3","22","998877001000106","998877002000106","5","1","1"
"pNOWJmthjFWEUBwJ42UI","jp-tanvir","1","1377","998877001000107","998877002000107","4","1","0"
"pNOWJmthjFWEUBwJ42UI","jp-tanvir","4","943","998877001000108","998877002000108","5","1","1"
"pNOWJmthjFWEUBwJ42UI","jp-tanvir","999","1339","998877001000109","998877002000109","4","1","0"
"pNOWJmthjFWEUBwJ42UI","jp-tanvir","4","1415","998877001000110","998877002000110","5","1","1"
"pNOWJmthjFWEUBwJ42UI","jp-tanvir","1","825","998877001000111","998877002000111","4","1","0"
"pNOWJmthjFWEUBwJ42UI","jp-tanvir","4","1595","998877001000112","998877002000112","5","1","1"
"pNOWJmthjFWEUBwJ42UI","jp-tanvir","3","37","998877001000113","998877002000113","4","1","0"
"pNOWJmthjFWEUBwJ42UI","jp-tanvir","4","12","998877001000114","998877002000114","5","1","1"
"pNOWJmthjFWEUBwJ42UI","jp-tanvir","1","958","998877001000115","998877002000115","4","1","0"
"pNOWJmthjFWEUBwJ42UI","jp-tanvir","1","304","998877001000116","998877002000116","5","1","1"
"pNOWJmthjFWEUBwJ42UI","jp-tanvir","3","1270","998877001000117","998877002000117","4","1","0"
"pNOWJmthjFWEUBwJ42UI","jp-tanvir","2","1890","998877001000118","998877002000118","5","1","1"
"pNOWJmthjFWEUBwJ42UI","jp-tanvir","999","1335","998877001000119","998877002000119","4","1","0"
"pNOWJmthjFWEUBwJ42UI","jp-tanvir","999","1898","998877001000120","998877002000120","5","1","1"
"pNOWJmthjFWEUBwJ42UI","jp-tanvir","4","152","998877001000121","998877002000121","4","1","0"
"pNOWJmthjFWEUBwJ42UI","jp-tanvir","2","817","998877001000122","998877002000122","5","1","1"
"pNOWJmthjFWEUBwJ42UI","jp-tanvir","999","1439","998877001000123","998877002000123","4","1","0"
"pNOWJmthjFWEUBwJ42UI","jp-tanvir","3","1448","998877001000124","998877002000124","5","1","1"
"pNOWJmthjFWEUBwJ42UI","jp-tanvir","999","1039","998877001000125","998877002000125","4","1","0"
"pNOWJmthjFWEUBwJ42UI","jp-tanvir","999","926","998877001000126","998877002000126","5","1","1"
"pNOWJmthjFWEUBwJ42UI","jp-tanvir","3","1079","998877001000127","998877002000127","4","1","0"
"pNOWJmthjFWEUBwJ42UI","jp-tanvir","999","350","998877001000128","998877002000128","5","1","1"
"pNOWJmthjFWEUBwJ42UI","jp-tanvir","2","178","998877001000129","998877002000129","4","1","0"
"pNOWJmthjFWEUBwJ42UI","jp-tanvir","3","299","998877001000130","998877002000130","5","1","1"
"pNOWJmthjFWEUBwJ42UI","jp-tanvir","4","325","998877001000131","998877002000131","4","1","0"
"pNOWJmthjFWEUBwJ42UI","jp-tanvir","1","1187","998877001000132","998877002000132","5","1","1"
"pNOWJmthjFWEUBwJ42UI","jp-tanvir","2","632","998877001000133","998877002000133","4","1","0"
"pNOWJmthjFWEUBwJ42UI","jp-tanvir","999","1290","998877001000134","998877002000134","5","1","1"
"pNOWJmthjFWEUBwJ42UI","jp-tanvir","4","961","998877001000135","998877002000135","4","1","0"
"pNOWJmthjFWEUBwJ42UI","jp-tanvir","999","1434","998877001000136","998877002000136","5","1","1"
"pNOWJmthjFWEUBwJ42UI","jp-tanvir","4","548","998877001000137","998877002000137","4","1","0"
"pNOWJmthjFWEUBwJ42UI","jp-tanvir","3","1359","998877001000138","998877002000138","5","1","1"
"pNOWJmthjFWEUBwJ42UI","jp-tanvir","1","1449","998877001000139","998877002000139","4","1","0"
"pNOWJmthjFWEUBwJ42UI","jp-tanvir","999","1485","998877001000140","998877002000140","5","1","1"
"pNOWJmthjFWEUBwJ42UI","jp-tanvir","4","1109","998877001000141","998877002000141","4","1","0"
"pNOWJmthjFWEUBwJ42UI","jp-tanvir","2","1071","998877001000142","998877002000142","5","1","1"
"pNOWJmthjFWEUBwJ42UI","jp-tanvir","3","1652","998877001000143","998877002000143","4","1","0"
"pNOWJmthjFWEUBwJ42UI","jp-tanvir","4","741","998877001000144","998877002000144","5","1","1"
"pNOWJmthjFWEUBwJ42UI","jp-tanvir","999","500","998877001000145","998877002000145","4","1","0"
"pNOWJmthjFWEUBwJ42UI","jp-tanvir","2","404","998877001000146","998877002000146","5","1","1"
"pNOWJmthjFWEUBwJ42UI","jp-tanvir","2","360","998877001000147","998877002000147","4","1","0"
"pNOWJmthjFWEUBwJ42UI","jp-tanvir","4","1138","998877001000148","998877002000148","5","1","1"
"pNOWJmthjFWEUBwJ42UI","jp-tanvir","2","1389","998877001000149","998877002000149","4","1","0"
"pNOWJmthjFWEUBwJ42UI","jp-tanvir","999","1676","998877001000150","998877002000150","5","1","1"
"pNOWJmthjFWEUBwJ42UI","jp-tanvir","999","1056","998877001000151","998877002000151","4","1","0"
"pNOWJmthjFWEUBwJ42UI","jp-tanvir","4","182","998877001000152","998877002000152","5","1","1"
"pNOWJmthjFWEUBwJ42UI","jp-tanvir","2","83","998877001000153","998877002000153","4","1","0"
"pNOWJmthjFWEUBwJ42UI","jp-tanvir","4","311","998877001000154","998877002000154","5","1","1"
"pNOWJmthjFWEUBwJ42UI","jp-tanvir","999","1785","998877001000155","998877002000155","4","1","0"
"pNOWJmthjFWEUBwJ42UI","jp-tanvir","4","739","998877001000156","998877002000156","5","1","1"
"pNOWJmthjFWEUBwJ42UI","jp-tanvir","3","928","998877001000157","998877002000157","4","1","0"
"pNOWJmthjFWEUBwJ42UI","jp-tanvir","4","1801","998877001000158","998877002000158","5","1","1"
"pNOWJmthjFWEUBwJ42UI","jp-tanvir","1","668","998877001000159","998877002000159","4","1","0"
"pNOWJmthjFWEUBwJ42UI","jp-tanvir","4","1848","998877001000160","998877002000160","5","1","1"
"pNOWJmthjFWEUBwJ42UI","jp-tanvir","1","1020","998877001000161","998877002000161","4","1","0"
"pNOWJmthjFWEUBwJ42UI","jp-tanvir","3","711","998877001000162","998877002000162","5","1","1"
"pNOWJmthjFWEUBwJ42UI","jp-tanvir","4","564","998877001000163","998877002000163","4","1","0"
"pNOWJmthjFWEUBwJ42UI","jp-tanvir","4","1808","998877001000164","998877002000164","5","1","1"
"pNOWJmthjFWEUBwJ42UI","jp-tanvir","2","997","998877001000165","998877002000165","4","1","0"
"pNOWJmthjFWEUBwJ42UI","jp-tanvir","999","1022","998877001000166","998877002000166","5","1","1"
"pNOWJmthjFWEUBwJ42UI","jp-tanvir","2","1316","998877001000167","998877002000167","4","1","0"
"pNOWJmthjFWEUBwJ42UI","jp-tanvir","2","376","998877001000168","998877002000168","5","1","1"
"pNOWJmthjFWEUBwJ42UI","jp-tanvir","999","182","998877001000169","998877002000169","4","1","0"
"pNOWJmthjFWEUBwJ42UI","jp-tanvir","4","1649","998877001000170","998877002000170","5","1","1"
"pNOWJmthjFWEUBwJ42UI","jp-tanvir","4","1202","998877001000171","998877002000171","4","1","0"
"pNOWJmthjFWEUBwJ42UI","jp-tanvir","1","862","998877001000172","998877002000172","5","1","1"
"pNOWJmthjFWEUBwJ42UI","jp-tanvir","2","356","998877001000173","998877002000173","4","1","0"
"pNOWJmthjFWEUBwJ42UI","jp-tanvir","4","149","998877001000174","998877002000174","5","1","1"
"pNOWJmthjFWEUBwJ42UI","jp-tanvir","999","644","998877001000175","998877002000175","4","1","0"
"pNOWJmthjFWEUBwJ42UI","jp-tanvir","2","192","998877001000176","998877002000176","5","1","1"
"pNOWJmthjFWEUBwJ42UI","jp-tanvir","2","970","998877001000177","998877002000177","4","1","0"
"pNOWJmthjFWEUBwJ42UI","jp-tanvir","1","1762","998877001000178","998877002000178","5","1","1"
"pNOWJmthjFWEUBwJ42UI","jp-tanvir","3","1470","998877001000179","998877002000179","4","1","0"
"pNOWJmthjFWEUBwJ42UI","jp-tanvir","3","1486","998877001000180","998877002000180","5","1","1"
"pNOWJmthjFWEUBwJ42UI","jp-tanvir","2","1775","998877001000181","998877002000181","4","1","0"
"pNOWJmthjFWEUBwJ42UI","jp-tanvir","1","1957","998877001000182","998877002000182","5","1","1"
"pNOWJmthjFWEUBwJ42UI","jp-tanvir","4","431","998877001000183","998877002000183","4","1","0"
"pNOWJmthjFWEUBwJ42UI","jp-tanvir","4","1929","998877001000184","998877002000184","5","1","1"
"pNOWJmthjFWEUBwJ42UI","jp-tanvir","999","1738","998877001000185","998877002000185","4","1","0"
"pNOWJmthjFWEUBwJ42UI","jp-tanvir","3","579","998877001000186","998877002000186","5","1","1"
"pNOWJmthjFWEUBwJ42UI","jp-tanvir","2","126","998877001000187","998877002000187","4","1","0"
"pNOWJmthjFWEUBwJ42UI","jp-tanvir","999","1789","998877001000188","998877002000188","5","1","1"
"pNOWJmthjFWEUBwJ42UI","jp-tanvir","1","261","998877001000189","998877002000189","4","1","0"
"pNOWJmthjFWEUBwJ42UI","jp-tanvir","2","1505","998877001000190","998877002000190","5","1","1"
"pNOWJmthjFWEUBwJ42UI","jp-tanvir","1","656","998877001000191","998877002000191","4","1","0"
"pNOWJmthjFWEUBwJ42UI","jp-tanvir","4","1287","998877001000192","998877002000192","5","1","1"
"pNOWJmthjFWEUBwJ42UI","jp-tanvir","999","38","998877001000193","998877002000193","4","1","0"
"pNOWJmthjFWEUBwJ42UI","jp-tanvir","2","1877","998877001000194","998877002000194","5","1","1"
"pNOWJmthjFWEUBwJ42UI","jp-tanvir","3","60","998877001000195","998877002000195","4","1","0"
"pNOWJmthjFWEUBwJ42UI","jp-tanvir","2","1412","998877001000196","998877002000196","5","1","1"
"pNOWJmthjFWEUBwJ42UI","jp-tanvir","2","1310","998877001000197","998877002000197","4","1","0"
"pNOWJmthjFWEUBwJ42UI","jp-tanvir","3","1084","998877001000198","998877002000198","5","1","1"
"pNOWJmthjFWEUBwJ42UI","jp-tanvir","2","423","998877001000199","998877002000199","4","1","0"
"pNOWJmthjFWEUBwJ42UI","jp-tanvir","4","353","998877001000200","998877002000200","5","1","1"
"pNOWJmthjFWEUBwJ42UI","jp-tanvir","2","33","998877001000201","998877002000201","4","1","0"
"pNOWJmthjFWEUBwJ42UI","jp-tanvir","999","1821","998877001000202","998877002000202","5","1","1"
"pNOWJmthjFWEUBwJ42UI","jp-tanvir","3","528","998877001000203","998877002000203","4","1","0"
"pNOWJmthjFWEUBwJ42UI","jp-tanvir","3","639","998877001000204","998877002000204","5","1","1"
"pNOWJmthjFWEUBwJ42UI","jp-tanvir","2","989","998877001000205","998877002000205","4","1","0"
"pNOWJmthjFWEUBwJ42UI","jp-tanvir","2","1129","998877001000206","998877002000206","5","1","1"
"pNOWJmthjFWEUBwJ42UI","jp-tanvir","3","561","998877001000207","998877002000207","4","1","0"
"pNOWJmthjFWEUBwJ42UI","jp-tanvir","3","1988","998877001000208","998877002000208","5","1","1"
"pNOWJmthjFWEUBwJ42UI","jp-tanvir","4","904","998877001000209","998877002000209","4","1","0"
"pNOWJmthjFWEUBwJ42UI","jp-tanvir","999","824","998877001000210","998877002000210","5","1","1"
"pNOWJmthjFWEUBwJ42UI","jp-tanvir","1","669","998877001000211","998877002000211","4","1","0"
"pNOWJmthjFWEUBwJ42UI","jp-tanvir","1","955","998877001000212","998877002000212","5","1","1"
"pNOWJmthjFWEUBwJ42UI","jp-tanvir","4","1044","998877001000213","998877002000213","4","1","0"
"pNOWJmthjFWEUBwJ42UI","jp-tanvir","1","439","998877001000214","998877002000214","5","1","1"
"pNOWJmthjFWEUBwJ42UI","jp-tanvir","2","1772","998877001000215","998877002000215","4","1","0"
"pNOWJmthjFWEUBwJ42UI","jp-tanvir","4","348","998877001000216","998877002000216","5","1","1"
"pNOWJmthjFWEUBwJ42UI","jp-tanvir","999","1159","998877001000217","998877002000217","4","1","0"
"pNOWJmthjFWEUBwJ42UI","jp-tanvir","999","681","998877001000218","998877002000218","5","1","1"
"pNOWJmthjFWEUBwJ42UI","jp-tanvir","999","502","998877001000219","998877002000219","4","1","0"
"pNOWJmthjFWEUBwJ42UI","jp-tanvir","2","631","998877001000220","998877002000220","5","1","1"
"pNOWJmthjFWEUBwJ42UI","jp-tanvir","4","184","998877001000221","998877002000221","4","1","0"
"pNOWJmthjFWEUBwJ42UI","jp-tanvir","1","1853","998877001000222","998877002000222","5","1","1"
"pNOWJmthjFWEUBwJ42UI","jp-tanvir","2","896","998877001000223","998877002000223","4","1","0"
"pNOWJmthjFWEUBwJ42UI","jp-tanvir","1","61","998877001000224","998877002000224","5","1","1"
"pNOWJmthjFWEUBwJ42UI","jp-tanvir","1","1147","998877001000225","998877002000225","4","1","0"
"pNOWJmthjFWEUBwJ42UI","jp-tanvir","4","202","998877001000226","998877002000226","5","1","1"
"pNOWJmthjFWEUBwJ42UI","jp-tanvir","2","1276","998877001000227","998877002000227","4","1","0"
"pNOWJmthjFWEUBwJ42UI","jp-tanvir","3","514","998877001000228","998877002000228","5","1","1"
"pNOWJmthjFWEUBwJ42UI","jp-tanvir","999","1913","998877001000229","998877002000229","4","1","0"
"pNOWJmthjFWEUBwJ42UI","jp-tanvir","3","1787","998877001000230","998877002000230","5","1","1"
"pNOWJmthjFWEUBwJ42UI","jp-tanvir","1","1180","998877001000231","998877002000231","4","1","0"
"pNOWJmthjFWEUBwJ42UI","jp-tanvir","3","211","998877001000232","998877002000232","5","1","1"
"pNOWJmthjFWEUBwJ42UI","jp-tanvir","999","1024","998877001000233","998877002000233","4","1","0"
"pNOWJmthjFWEUBwJ42UI","jp-tanvir","1","1463","998877001000234","998877002000234","5","1","1"
"pNOWJmthjFWEUBwJ42UI","jp-tanvir","2","213","998877001000235","998877002000235","4","1","0"
"pNOWJmthjFWEUBwJ42UI","jp-tanvir","1","1734","998877001000236","998877002000236","5","1","1"
"pNOWJmthjFWEUBwJ42UI","jp-tanvir","3","573","998877001000237","998877002000237","4","1","0"
"pNOWJmthjFWEUBwJ42UI","jp-tanvir","4","1858","998877001000238","998877002000238","5","1","1"
"pNOWJmthjFWEUBwJ42UI","jp-tanvir","3","869","998877001000239","998877002000239","4","1","0"
"pNOWJmthjFWEUBwJ42UI","jp-tanvir","3","1269","998877001000240","998877002000240","5","1","1"
"pNOWJmthjFWEUBwJ42UI","jp-tanvir","999","960","998877001000241","998877002000241","4","1","0"
"pNOWJmthjFWEUBwJ42UI","jp-tanvir","4","1269","998877001000242","998877002000242","5","1","1"
"pNOWJmthjFWEUBwJ42UI","jp-tanvir","4","1345","998877001000243","998877002000243","4","1","0"
"pNOWJmthjFWEUBwJ42UI","jp-tanvir","2","558","998877001000244","998877002000244","5","1","1"
"pNOWJmthjFWEUBwJ42UI","jp-tanvir","2","173","998877001000245","998877002000245","4","1","0"
"pNOWJmthjFWEUBwJ42UI","jp-tanvir","2","385","998877001000246","998877002000246","5","1","1"
"pNOWJmthjFWEUBwJ42UI","jp-tanvir","4","1917","998877001000247","998877002000247","4","1","0"
"pNOWJmthjFWEUBwJ42UI","jp-tanvir","1","411","998877001000248","998877002000248","5","1","1"
"pNOWJmthjFWEUBwJ42UI","jp-tanvir","3","1486","998877001000249","998877002000249","4","1","0"
"pNOWJmthjFWEUBwJ42UI","jp-tanvir","3","1905","998877001000250","998877002000250","5","1","1"
"pNOWJmthjFWEUBwJ42UI","jp-tanvir","4","1405","998877001000251","998877002000251","4","1","0"
"pNOWJmthjFWEUBwJ42UI","jp-tanvir","1","252","998877001000252","998877002000252","5","1","1"
"pNOWJmthjFWEUBwJ42UI","jp-tanvir","3","668","998877001000253","998877002000253","4","1","0"
"pNOWJmthjFWEUBwJ42UI","jp-tanvir","999","1447","998877001000254","998877002000254","5","1","1"
"pNOWJmthjFWEUBwJ42UI","jp-tanvir","999","1466","998877001000255","998877002000255","4","1","0"
"pNOWJmthjFWEUBwJ42UI","jp-tanvir","999","991","998877001000256","998877002000256","5","1","1"
"pNOWJmthjFWEUBwJ42UI","jp-tanvir","999","344","998877001000257","998877002000257","4","1","0"
"pNOWJmthjFWEUBwJ42UI","jp-tanvir","2","1382","998877001000258","998877002000258","5","1","1"
"pNOWJmthjFWEUBwJ42UI","jp-tanvir","2","201","998877001000259","998877002000259","4","1","0"
"pNOWJmthjFWEUBwJ42UI","jp-tanvir","4","387","998877001000260","998877002000260","5","1","1"
"pNOWJmthjFWEUBwJ42UI","jp-tanvir","4","1004","998877001000261","998877002000261","4","1","0"
"pNOWJmthjFWEUBwJ42UI","jp-tanvir","3","445","998877001000262","998877002000262","5","1","1"
"pNOWJmthjFWEUBwJ42UI","jp-tanvir","999","85","998877001000263","998877002000263","4","1","0"
"pNOWJmthjFWEUBwJ42UI","jp-tanvir","4","22","998877001000264","998877002000264","5","1","1"
"pNOWJmthjFWEUBwJ42UI","jp-tanvir","3","168","998877001000265","998877002000265","4","1","0"
"pNOWJmthjFWEUBwJ42UI","jp-tanvir","3","1426","998877001000266","998877002000266","5","1","1"
"pNOWJmthjFWEUBwJ42UI","jp-tanvir","3","1007","998877001000267","998877002000267","4","1","0"
"pNOWJmthjFWEUBwJ42UI","jp-tanvir","1","990","998877001000268","998877002000268","5","1","1"
"pNOWJmthjFWEUBwJ42UI","jp-tanvir","999","507","998877001000269","998877002000269","4","1","0"
"pNOWJmthjFWEUBwJ42UI","jp-tanvir","3","650","998877001000270","998877002000270","5","1","1"
"pNOWJmthjFWEUBwJ42UI","jp-tanvir","2","1311","998877001000271","998877002000271","4","1","0"
"pNOWJmthjFWEUBwJ42UI","jp-tanvir","999","1119","998877001000272","998877002000272","5","1","1"
"pNOWJmthjFWEUBwJ42UI","jp-tanvir","4","1340","998877001000273","998877002000273","4","1","0"
"pNOWJmthjFWEUBwJ42UI","jp-tanvir","3","64","998877001000274","998877002000274","5","1","1"
"pNOWJmthjFWEUBwJ42UI","jp-tanvir","999","1160","998877001000275","998877002000275","4","1","0"
"pNOWJmthjFWEUBwJ42UI","jp-tanvir","1","633","998877001000276","998877002000276","5","1","1"
"pNOWJmthjFWEUBwJ42UI","jp-tanvir","2","1938","998877001000277","998877002000277","4","1","0"
"pNOWJmthjFWEUBwJ42UI","jp-tanvir","4","525","998877001000278","998877002000278","5","1","1"
"pNOWJmthjFWEUBwJ42UI","jp-tanvir","2","653","998877001000279","998877002000279","4","1","0"
"pNOWJmthjFWEUBwJ42UI","jp-tanvir","2","314","998877001000280","998877002000280","5","1","1"
"pNOWJmthjFWEUBwJ42UI","jp-tanvir","4","1192","998877001000281","998877002000281","4","1","0"
"pNOWJmthjFWEUBwJ42UI","jp-tanvir","2","550","998877001000282","998877002000282","5","1","1"
"pNOWJmthjFWEUBwJ42UI","jp-tanvir","999","138","998877001000283","998877002000283","4","1","0"
"pNOWJmthjFWEUBwJ42UI","jp-tanvir","4","594","998877001000284","998877002000284","5","1","1"
"pNOWJmthjFWEUBwJ42UI","jp-tanvir","4","697","998877001000285","998877002000285","4","1","0"
"pNOWJmthjFWEUBwJ42UI","jp-tanvir","999","619","998877001000286","998877002000286","5","1","1"
"pNOWJmthjFWEUBwJ42UI","jp-tanvir","1","323","998877001000287","998877002000287","4","1","0"
"pNOWJmthjFWEUBwJ42UI","jp-tanvir","4","382","998877001000288","998877002000288","5","1","1"
"pNOWJmthjFWEUBwJ42UI","jp-tanvir","4","1677","998877001000289","998877002000289","4","1","0"
"pNOWJmthjFWEUBwJ42UI","jp-tanvir","1","1204","998877001000290","998877002000290","5","1","1"
"pNOWJmthjFWEUBwJ42UI","jp-tanvir","1","332","998877001000291","998877002000291","4","1","0"
"pNOWJmthjFWEUBwJ42UI","jp-tanvir","999","1721","998877001000292","998877002000292","5","1","1"
"pNOWJmthjFWEUBwJ42UI","jp-tanvir","999","1633","998877001000293","998877002000293","4","1","0"
"pNOWJmthjFWEUBwJ42UI","jp-tanvir","3","1013","998877001000294","998877002000294","5","1","1"
"pNOWJmthjFWEUBwJ42UI","jp-tanvir","1","792","998877001000295","998877002000295","4","1","0"
"pNOWJmthjFWEUBwJ42UI","jp-tanvir","4","1263","998877001000296","998877002000296","5","1","1"
"pNOWJmthjFWEUBwJ42UI","jp-tanvir","2","505","998877001000297","998877002000297","4","1","0"
"pNOWJmthjFWEUBwJ42UI","jp-tanvir","4","903","998877001000298","998877002000298","5","1","1"
"pNOWJmthjFWEUBwJ42UI","jp-tanvir","1","73","998877001000299","998877002000299","4","1","0"
"pNOWJmthjFWEUBwJ42UI","jp-tanvir","2","1287","998877001000300","998877002000300","5","1","1"
"pNOWJmthjFWEUBwJ42UI","jp-tanvir","1","179","998877001000301","998877002000301","4","1","0"
"pNOWJmthjFWEUBwJ42UI","jp-tanvir","999","1495","998877001000302","998877002000302","5","1","1"
"pNOWJmthjFWEUBwJ42UI","jp-tanvir","999","1799","998877001000303","998877002000303","4","1","0"
"pNOWJmthjFWEUBwJ42UI","jp-tanvir","3","883","998877001000304","998877002000304","5","1","1"
"pNOWJmthjFWEUBwJ42UI","jp-tanvir","3","1041","998877001000305","998877002000305","4","1","0"
"pNOWJmthjFWEUBwJ42UI","jp-tanvir","1","317","998877001000306","998877002000306","5","1","1"
"pNOWJmthjFWEUBwJ42UI","jp-tanvir","999","1361","998877001000307","998877002000307","4","1","0"
"pNOWJmthjFWEUBwJ42UI","jp-tanvir","3","363","998877001000308","998877002000308","5","1","1"
"pNOWJmthjFWEUBwJ42UI","jp-tanvir","999","1003","998877001000309","998877002000309","4","1","0"
"pNOWJmthjFWEUBwJ42UI","jp-tanvir","999","720","998877001000310","998877002000310","5","1","1"
"pNOWJmthjFWEUBwJ42UI","jp-tanvir","2","858","998877001000311","998877002000311","4","1","0"
"pNOWJmthjFWEUBwJ42UI","jp-tanvir","3","1217","998877001000312","998877002000312","5","1","1"
"pNOWJmthjFWEUBwJ42UI","jp-tanvir","4","1234","998877001000313","998877002000313","4","1","0"
"pNOWJmthjFWEUBwJ42UI","jp-tanvir","1","1443","998877001000314","998877002000314","5","1","1"
"pNOWJmthjFWEUBwJ42UI","jp-tanvir","3","1773","998877001000315","998877002000315","4","1","0"
"pNOWJmthjFWEUBwJ42UI","jp-tanvir","1","76","998877001000316","998877002000316","5","1","1"
"pNOWJmthjFWEUBwJ42UI","jp-tanvir","999","793","998877001000317","998877002000317","4","1","0"
"pNOWJmthjFWEUBwJ42UI","jp-tanvir","2","1172","998877001000318","998877002000318","5","1","1"
"pNOWJmthjFWEUBwJ42UI","jp-tanvir","1","885","998877001000319","998877002000319","4","1","0"
"pNOWJmthjFWEUBwJ42UI","jp-tanvir","4","790","998877001000320","998877002000320","5","1","1"
"pNOWJmthjFWEUBwJ42UI","jp-tanvir","3","1579","998877001000321","998877002000321","4","1","0"
"pNOWJmthjFWEUBwJ42UI","jp-tanvir","1","737","998877001000322","998877002000322","5","1","1"
"pNOWJmthjFWEUBwJ42UI","jp-tanvir","999","1862","998877001000323","998877002000323","4","1","0"
"pNOWJmthjFWEUBwJ42UI","jp-tanvir","4","1374","998877001000324","998877002000324","5","1","1"
"pNOWJmthjFWEUBwJ42UI","jp-tanvir","1","631","998877001000325","998877002000325","4","1","0"
"pNOWJmthjFWEUBwJ42UI","jp-tanvir","1","99","998877001000326","998877002000326","5","1","1"
"pNOWJmthjFWEUBwJ42UI","jp-tanvir","1","235","998877001000327","998877002000327","4","1","0"
"pNOWJmthjFWEUBwJ42UI","jp-tanvir","2","290","998877001000328","998877002000328","5","1","1"
"pNOWJmthjFWEUBwJ42UI","jp-tanvir","3","1593","998877001000329","998877002000329","4","1","0"
"pNOWJmthjFWEUBwJ42UI","jp-tanvir","4","775","998877001000330","998877002000330","5","1","1"
"pNOWJmthjFWEUBwJ42UI","jp-tanvir","2","1182","998877001000331","998877002000331","4","1","0"
"pNOWJmthjFWEUBwJ42UI","jp-tanvir","4","40","998877001000332","998877002000332","5","1","1"
"pNOWJmthjFWEUBwJ42UI","jp-tanvir","999","577","998877001000333","998877002000333","4","1","0"
"pNOWJmthjFWEUBwJ42UI","jp-tanvir","2","1287","998877001000334","998877002000334","5","1","1"
"pNOWJmthjFWEUBwJ42UI","jp-tanvir","3","704","998877001000335","998877002000335","4","1","0"
"pNOWJmthjFWEUBwJ42UI","jp-tanvir","3","826","998877001000336","998877002000336","5","1","1"
"pNOWJmthjFWEUBwJ42UI","jp-tanvir","999","1901","998877001000337","998877002000337","4","1","0"
"pNOWJmthjFWEUBwJ42UI","jp-tanvir","4","1380","998877001000338","998877002000338","5","1","1"
"pNOWJmthjFWEUBwJ42UI","jp-tanvir","2","100","998877001000339","998877002000339","4","1","0"
"pNOWJmthjFWEUBwJ42UI","jp-tanvir","2","787","998877001000340","998877002000340","5","1","1"
"pNOWJmthjFWEUBwJ42UI","jp-tanvir","3","289","998877001000341","998877002000341","4","1","0"
"pNOWJmthjFWEUBwJ42UI","jp-tanvir","2","938","998877001000342","998877002000342","5","1","1"
"pNOWJmthjFWEUBwJ42UI","jp-tanvir","3","1638","998877001000343","998877002000343","4","1","0"
"pNOWJmthjFWEUBwJ42UI","jp-tanvir","4","711","998877001000344","998877002000344","5","1","1"
"pNOWJmthjFWEUBwJ42UI","jp-tanvir","1","1679","998877001000345","998877002000345","4","1","0"
"pNOWJmthjFWEUBwJ42UI","jp-tanvir","2","1319","998877001000346","998877002000346","5","1","1"
"pNOWJmthjFWEUBwJ42UI","jp-tanvir","3","1773","998877001000347","998877002000347","4","1","0"
"pNOWJmthjFWEUBwJ42UI","jp-tanvir","3","276","998877001000348","998877002000348","5","1","1"
"pNOWJmthjFWEUBwJ42UI","jp-tanvir","2","1288","998877001000349","998877002000349","4","1","0"
"pNOWJmthjFWEUBwJ42UI","jp-tanvir","4","532","998877001000350","998877002000350","5","1","1"
"pNOWJmthjFWEUBwJ42UI","jp-tanvir","999","359","998877001000351","998877002000351","4","1","0"
"pNOWJmthjFWEUBwJ42UI","jp-tanvir","3","1712","998877001000352","998877002000352","5","1","1"
"pNOWJmthjFWEUBwJ42UI","jp-tanvir","999","1639","998877001000353","998877002000353","4","1","0"
"pNOWJmthjFWEUBwJ42UI","jp-tanvir","4","182","998877001000354","998877002000354","5","1","1"
"pNOWJmthjFWEUBwJ42UI","jp-tanvir","4","568","998877001000355","998877002000355","4","1","0"
"pNOWJmthjFWEUBwJ42UI","jp-tanvir","1","1906","998877001000356","998877002000356","5","1","1"
"pNOWJmthjFWEUBwJ42UI","jp-tanvir","3","572","998877001000357","998877002000357","4","1","0"
"pNOWJmthjFWEUBwJ42UI","jp-tanvir","3","1535","998877001000358","998877002000358","5","1","1"
"pNOWJmthjFWEUBwJ42UI","jp-tanvir","2","1510","998877001000359","998877002000359","4","1","0"
"pNOWJmthjFWEUBwJ42UI","jp-tanvir","3","881","998877001000360","998877002000360","5","1","1"
"pNOWJmthjFWEUBwJ42UI","jp-tanvir","1","1169","998877001000361","998877002000361","4","1","0"
"pNOWJmthjFWEUBwJ42UI","jp-tanvir","3","1489","998877001000362","998877002000362","5","1","1"
"pNOWJmthjFWEUBwJ42UI","jp-tanvir","1","1558","998877001000363","998877002000363","4","1","0"
"pNOWJmthjFWEUBwJ42UI","jp-tanvir","4","14","998877001000364","998877002000364","5","1","1"
"pNOWJmthjFWEUBwJ42UI","jp-tanvir","3","765","998877001000365","998877002000365","4","1","0"
"pNOWJmthjFWEUBwJ42UI","jp-tanvir","2","277","998877001000366","998877002000366","5","1","1"
"pNOWJmthjFWEUBwJ42UI","jp-tanvir","4","1340","998877001000367","998877002000367","4","1","0"
"pNOWJmthjFWEUBwJ42UI","jp-tanvir","2","821","998877001000368","998877002000368","5","1","1"
"pNOWJmthjFWEUBwJ42UI","jp-tanvir","1","1801","998877001000369","998877002000369","4","1","0"
"pNOWJmthjFWEUBwJ42UI","jp-tanvir","2","159","998877001000370","998877002000370","5","1","1"
"pNOWJmthjFWEUBwJ42UI","jp-tanvir","4","689","998877001000371","998877002000371","4","1","0"
"pNOWJmthjFWEUBwJ42UI","jp-tanvir","3","664","998877001000372","998877002000372","5","1","1"
"pNOWJmthjFWEUBwJ42UI","jp-tanvir","1","349","998877001000373","998877002000373","4","1","0"
"pNOWJmthjFWEUBwJ42UI","jp-tanvir","1","910","998877001000374","998877002000374","5","1","1"
"pNOWJmthjFWEUBwJ42UI","jp-tanvir","2","1164","998877001000375","998877002000375","4","1","0"
"pNOWJmthjFWEUBwJ42UI","jp-tanvir","999","1767","998877001000376","998877002000376","5","1","1"
"pNOWJmthjFWEUBwJ42UI","jp-tanvir","999","711","998877001000377","998877002000377","4","1","0"
"pNOWJmthjFWEUBwJ42UI","jp-tanvir","1","715","998877001000378","998877002000378","5","1","1"
"pNOWJmthjFWEUBwJ42UI","jp-tanvir","4","461","998877001000379","998877002000379","4","1","0"
"pNOWJmthjFWEUBwJ42UI","jp-tanvir","2","1835","998877001000380","998877002000380","5","1","1"
"pNOWJmthjFWEUBwJ42UI","jp-tanvir","3","710","998877001000381","998877002000381","4","1","0"
"pNOWJmthjFWEUBwJ42UI","jp-tanvir","2","1786","998877001000382","998877002000382","5","1","1"
"pNOWJmthjFWEUBwJ42UI","jp-tanvir","3","821","998877001000383","998877002000383","4","1","0"
"pNOWJmthjFWEUBwJ42UI","jp-tanvir","1","470","998877001000384","998877002000384","5","1","1"
"pNOWJmthjFWEUBwJ42UI","jp-tanvir","3","1048","998877001000385","998877002000385","4","1","0"
"pNOWJmthjFWEUBwJ42UI","jp-tanvir","3","430","998877001000386","998877002000386","5","1","1"
"pNOWJmthjFWEUBwJ42UI","jp-tanvir","1","131","998877001000387","998877002000387","4","1","0"
"pNOWJmthjFWEUBwJ42UI","jp-tanvir","4","1154","998877001000388","998877002000388","5","1","1"
"pNOWJmthjFWEUBwJ42UI","jp-tanvir","999","730","998877001000389","998877002000389","4","1","0"
"pNOWJmthjFWEUBwJ42UI","jp-tanvir","1","1056","998877001000390","998877002000390","5","1","1"
"pNOWJmthjFWEUBwJ42UI","jp-tanvir","3","1293","998877001000391","998877002000391","4","1","0"
"pNOWJmthjFWEUBwJ42UI","jp-tanvir","4","947","998877001000392","998877002000392","5","1","1"
"pNOWJmthjFWEUBwJ42UI","jp-tanvir","2","1519","998877001000393","998877002000393","4","1","0"
"pNOWJmthjFWEUBwJ42UI","jp-tanvir","999","274","998877001000394","998877002000394","5","1","1"
"pNOWJmthjFWEUBwJ42UI","jp-tanvir","1","1108","998877001000395","998877002000395","4","1","0"
"pNOWJmthjFWEUBwJ42UI","jp-tanvir","999","643","998877001000396","998877002000396","5","1","1"
"pNOWJmthjFWEUBwJ42UI","jp-tanvir","4","1659","998877001000397","998877002000397","4","1","0"
"pNOWJmthjFWEUBwJ42UI","jp-tanvir","1","1306","998877001000398","998877002000398","5","1","1"
"pNOWJmthjFWEUBwJ42UI","jp-tanvir","4","476","998877001000399","998877002000399","4","1","0"
"pNOWJmthjFWEUBwJ42UI","jp-tanvir","999","1821","998877001000400","998877002000400","5","1","1"
"pNOWJmthjFWEUBwJ42UI","jp-tanvir","1","560","998877001000401","998877002000401","4","1","0"
"pNOWJmthjFWEUBwJ42UI","jp-tanvir","999","698","998877001000402","998877002000402","5","1","1"
"pNOWJmthjFWEUBwJ42UI","jp-tanvir","1","65","998877001000403","998877002000403","4","1","0"
"pNOWJmthjFWEUBwJ42UI","jp-tanvir","1","607","998877001000404","998877002000404","5","1","1"
"pNOWJmthjFWEUBwJ42UI","jp-tanvir","1","1354","998877001000405","998877002000405","4","1","0"
"pNOWJmthjFWEUBwJ42UI","jp-tanvir","999","1407","998877001000406","998877002000406","5","1","1"
"pNOWJmthjFWEUBwJ42UI","jp-tanvir","999","488","998877001000407","998877002000407","4","1","0"
"pNOWJmthjFWEUBwJ42UI","jp-tanvir","999","652","998877001000408","998877002000408","5","1","1"
"pNOWJmthjFWEUBwJ42UI","jp-tanvir","1","1453","998877001000409","998877002000409","4","1","0"
"pNOWJmthjFWEUBwJ42UI","jp-tanvir","3","1424","998877001000410","998877002000410","5","1","1"
"pNOWJmthjFWEUBwJ42UI","jp-tanvir","999","1191","998877001000411","998877002000411","4","1","0"
"pNOWJmthjFWEUBwJ42UI","jp-tanvir","3","1816","998877001000412","998877002000412","5","1","1"
"pNOWJmthjFWEUBwJ42UI","jp-tanvir","2","1216","998877001000413","998877002000413","4","1","0"
"pNOWJmthjFWEUBwJ42UI","jp-tanvir","1","51","998877001000414","998877002000414","5","1","1"
"pNOWJmthjFWEUBwJ42UI","jp-tanvir","3","1056","998877001000415","998877002000415","4","1","0"
"pNOWJmthjFWEUBwJ42UI","jp-tanvir","4","1933","998877001000416","998877002000416","5","1","1"
"pNOWJmthjFWEUBwJ42UI","jp-tanvir","3","843","998877001000417","998877002000417","4","1","0"
"pNOWJmthjFWEUBwJ42UI","jp-tanvir","999","1744","998877001000418","998877002000418","5","1","1"
"pNOWJmthjFWEUBwJ42UI","jp-tanvir","3","1204","998877001000419","998877002000419","4","1","0"
"pNOWJmthjFWEUBwJ42UI","jp-tanvir","4","420","998877001000420","998877002000420","5","1","1"
"pNOWJmthjFWEUBwJ42UI","jp-tanvir","4","16","998877001000421","998877002000421","4","1","0"
"pNOWJmthjFWEUBwJ42UI","jp-tanvir","999","1925","998877001000422","998877002000422","5","1","1"
"pNOWJmthjFWEUBwJ42UI","jp-tanvir","3","1618","998877001000423","998877002000423","4","1","0"
"pNOWJmthjFWEUBwJ42UI","jp-tanvir","1","1947","998877001000424","998877002000424","5","1","1"
"pNOWJmthjFWEUBwJ42UI","jp-tanvir","4","1659","998877001000425","998877002000425","4","1","0"
"pNOWJmthjFWEUBwJ42UI","jp-tanvir","1","1071","998877001000426","998877002000426","5","1","1"
"pNOWJmthjFWEUBwJ42UI","jp-tanvir","4","161","998877001000427","998877002000427","4","1","0"
"pNOWJmthjFWEUBwJ42UI","jp-tanvir","3","1702","998877001000428","998877002000428","5","1","1"
"pNOWJmthjFWEUBwJ42UI","jp-tanvir","4","1450","998877001000429","998877002000429","4","1","0"
"pNOWJmthjFWEUBwJ42UI","jp-tanvir","4","1069","998877001000430","998877002000430","5","1","1"
"pNOWJmthjFWEUBwJ42UI","jp-tanvir","3","1063","998877001000431","998877002000431","4","1","0"
"pNOWJmthjFWEUBwJ42UI","jp-tanvir","3","1560","998877001000432","998877002000432","5","1","1"
"pNOWJmthjFWEUBwJ42UI","jp-tanvir","4","1073","998877001000433","998877002000433","4","1","0"
"pNOWJmthjFWEUBwJ42UI","jp-tanvir","2","1531","998877001000434","998877002000434","5","1","1"
"pNOWJmthjFWEUBwJ42UI","jp-tanvir","3","377","998877001000435","998877002000435","4","1","0"
"pNOWJmthjFWEUBwJ42UI","jp-tanvir","1","275","998877001000436","998877002000436","5","1","1"
"pNOWJmthjFWEUBwJ42UI","jp-tanvir","2","1216","998877001000437","998877002000437","4","1","0"
"pNOWJmthjFWEUBwJ42UI","jp-tanvir","999","333","998877001000438","998877002000438","5","1","1"
"pNOWJmthjFWEUBwJ42UI","jp-tanvir","4","216","998877001000439","998877002000439","4","1","0"
"pNOWJmthjFWEUBwJ42UI","jp-tanvir","4","627","998877001000440","998877002000440","5","1","1"
"pNOWJmthjFWEUBwJ42UI","jp-tanvir","2","1092","998877001000441","998877002000441","4","1","0"
"pNOWJmthjFWEUBwJ42UI","jp-tanvir","4","728","998877001000442","998877002000442","5","1","1"
"pNOWJmthjFWEUBwJ42UI","jp-tanvir","999","1306","998877001000443","998877002000443","4","1","0"
"pNOWJmthjFWEUBwJ42UI","jp-tanvir","1","1347","998877001000444","998877002000444","5","1","1"
"pNOWJmthjFWEUBwJ42UI","jp-tanvir","2","1621","998877001000445","998877002000445","4","1","0"
"pNOWJmthjFWEUBwJ42UI","jp-tanvir","1","701","998877001000446","998877002000446","5","1","1"
"pNOWJmthjFWEUBwJ42UI","jp-tanvir","3","140","998877001000447","998877002000447","4","1","0"
"pNOWJmthjFWEUBwJ42UI","jp-tanvir","1","1310","998877001000448","998877002000448","5","1","1"
"pNOWJmthjFWEUBwJ42UI","jp-tanvir","999","287","998877001000449","998877002000449","4","1","0"
"pNOWJmthjFWEUBwJ42UI","jp-tanvir","1","928","998877001000450","998877002000450","5","1","1"
"pNOWJmthjFWEUBwJ42UI","jp-tanvir","3","233","998877001000451","998877002000451","4","1","0"
"pNOWJmthjFWEUBwJ42UI","jp-tanvir","1","493","998877001000452","998877002000452","5","1","1"
"pNOWJmthjFWEUBwJ42UI","jp-tanvir","999","122","998877001000453","998877002000453","4","1","0"
"pNOWJmthjFWEUBwJ42UI","jp-tanvir","999","1003","998877001000454","998877002000454","5","1","1"
"pNOWJmthjFWEUBwJ42UI","jp-tanvir","3","544","998877001000455","998877002000455","4","1","0"
"pNOWJmthjFWEUBwJ42UI","jp-tanvir","4","213","998877001000456","998877002000456","5","1","1"
"pNOWJmthjFWEUBwJ42UI","jp-tanvir","999","49","998877001000457","998877002000457","4","1","0"
"pNOWJmthjFWEUBwJ42UI","jp-tanvir","3","326","998877001000458","998877002000458","5","1","1"
"pNOWJmthjFWEUBwJ42UI","jp-tanvir","1","809","998877001000459","998877002000459","4","1","0"
"pNOWJmthjFWEUBwJ42UI","jp-tanvir","1","830","998877001000460","998877002000460","5","1","1"
"pNOWJmthjFWEUBwJ42UI","jp-tanvir","1","809","998877001000461","998877002000461","4","1","0"
"pNOWJmthjFWEUBwJ42UI","jp-tanvir","4","554","998877001000462","998877002000462","5","1","1"
"pNOWJmthjFWEUBwJ42UI","jp-tanvir","3","512","998877001000463","998877002000463","4","1","0"
"pNOWJmthjFWEUBwJ42UI","jp-tanvir","3","1598","998877001000464","998877002000464","5","1","1"
"pNOWJmthjFWEUBwJ42UI","jp-tanvir","2","1426","998877001000465","998877002000465","4","1","0"
"pNOWJmthjFWEUBwJ42UI","jp-tanvir","4","899","998877001000466","998877002000466","5","1","1"
"pNOWJmthjFWEUBwJ42UI","jp-tanvir","999","1728","998877001000467","998877002000467","4","1","0"
"pNOWJmthjFWEUBwJ42UI","jp-tanvir","3","545","998877001000468","998877002000468","5","1","1"
"pNOWJmthjFWEUBwJ42UI","jp-tanvir","999","936","998877001000469","998877002000469","4","1","0"
"pNOWJmthjFWEUBwJ42UI","jp-tanvir","1","187","998877001000470","998877002000470","5","1","1"
"pNOWJmthjFWEUBwJ42UI","jp-tanvir","2","1897","998877001000471","998877002000471","4","1","0"
"pNOWJmthjFWEUBwJ42UI","jp-tanvir","3","1272","998877001000472","998877002000472","5","1","1"
"pNOWJmthjFWEUBwJ42UI","jp-tanvir","4","59","998877001000473","998877002000473","4","1","0"
"pNOWJmthjFWEUBwJ42UI","jp-tanvir","4","20","998877001000474","998877002000474","5","1","1"
"pNOWJmthjFWEUBwJ42UI","jp-tanvir","2","1271","998877001000475","998877002000475","4","1","0"
"pNOWJmthjFWEUBwJ42UI","jp-tanvir","1","736","998877001000476","998877002000476","5","1","1"
"pNOWJmthjFWEUBwJ42UI","jp-tanvir","4","1816","998877001000477","998877002000477","4","1","0"
"pNOWJmthjFWEUBwJ42UI","jp-tanvir","2","467","998877001000478","998877002000478","5","1","1"
"pNOWJmthjFWEUBwJ42UI","jp-tanvir","2","1872","998877001000479","998877002000479","4","1","0"
"pNOWJmthjFWEUBwJ42UI","jp-tanvir","999","566","998877001000480","998877002000480","5","1","1"
"pNOWJmthjFWEUBwJ42UI","jp-tanvir","3","592","998877001000481","998877002000481","4","1","0"
"pNOWJmthjFWEUBwJ42UI","jp-tanvir","3","396","998877001000482","998877002000482","5","1","1"
"pNOWJmthjFWEUBwJ42UI","jp-tanvir","1","1575","998877001000483","998877002000483","4","1","0"
"pNOWJmthjFWEUBwJ42UI","jp-tanvir","999","889","998877001000484","998877002000484","5","1","1"
"pNOWJmthjFWEUBwJ42UI","jp-tanvir","2","490","998877001000485","998877002000485","4","1","0"
"pNOWJmthjFWEUBwJ42UI","jp-tanvir","1","1428","998877001000486","998877002000486","5","1","1"
"pNOWJmthjFWEUBwJ42UI","jp-tanvir","999","913","998877001000487","998877002000487","4","1","0"
"pNOWJmthjFWEUBwJ42UI","jp-tanvir","3","1052","998877001000488","998877002000488","5","1","1"
"pNOWJmthjFWEUBwJ42UI","jp-tanvir","4","1018","998877001000489","998877002000489","4","1","0"
"pNOWJmthjFWEUBwJ42UI","jp-tanvir","2","1276","998877001000490","998877002000490","5","1","1"
"pNOWJmthjFWEUBwJ42UI","jp-tanvir","2","1357","998877001000491","998877002000491","4","1","0"
"pNOWJmthjFWEUBwJ42UI","jp-tanvir","3","1807","998877001000492","998877002000492","5","1","1"
"pNOWJmthjFWEUBwJ42UI","jp-tanvir","2","21","998877001000493","998877002000493","4","1","0"
"pNOWJmthjFWEUBwJ42UI","jp-tanvir","1","223","998877001000494","998877002000494","5","1","1"
"pNOWJmthjFWEUBwJ42UI","jp-tanvir","2","341","998877001000495","998877002000495","4","1","0"
"pNOWJmthjFWEUBwJ42UI","jp-tanvir","4","1911","998877001000496","998877002000496","5","1","1"
"pNOWJmthjFWEUBwJ42UI","jp-tanvir","999","254","998877001000497","998877002000497","4","1","0"
"pNOWJmthjFWEUBwJ42UI","jp-tanvir","999","691","998877001000498","998877002000498","5","1","1"
"pNOWJmthjFWEUBwJ42UI","jp-tanvir","1","1249","998877001000499","998877002000499","4","1","0"
"pNOWJmthjFWEUBwJ42UI","jp-tanvir","4","1777","998877001000500","998877002000500","5","1","1"
"pNOWJmthjFWEUBwJ42UI","jp-tanvir","999","1375","998877001000501","998877002000501","4","1","0"
"pNOWJmthjFWEUBwJ42UI","jp-tanvir","4","1563","998877001000502","998877002000502","5","1","1"
"pNOWJmthjFWEUBwJ42UI","jp-tanvir","1","1345","998877001000503","998877002000503","4","1","0"
"pNOWJmthjFWEUBwJ42UI","jp-tanvir","999","1977","998877001000504","998877002000504","5","1","1"
"pNOWJmthjFWEUBwJ42UI","jp-tanvir","999","1124","998877001000505","998877002000505","4","1","0"
"pNOWJmthjFWEUBwJ42UI","jp-tanvir","1","91","998877001000506","998877002000506","5","1","1"
"pNOWJmthjFWEUBwJ42UI","jp-tanvir","4","704","998877001000507","998877002000507","4","1","0"
"pNOWJmthjFWEUBwJ42UI","jp-tanvir","3","375","998877001000508","998877002000508","5","1","1"
"pNOWJmthjFWEUBwJ42UI","jp-tanvir","1","893","998877001000509","998877002000509","4","1","0"
"pNOWJmthjFWEUBwJ42UI","jp-tanvir","2","1337","998877001000510","998877002000510","5","1","1"
"pNOWJmthjFWEUBwJ42UI","jp-tanvir","1","105","998877001000511","998877002000511","4","1","0"
"pNOWJmthjFWEUBwJ42UI","jp-tanvir","4","1603","998877001000512","998877002000512","5","1","1"
"pNOWJmthjFWEUBwJ42UI","jp-tanvir","3","1557","998877001000513","998877002000513","4","1","0"
"pNOWJmthjFWEUBwJ42UI","jp-tanvir","2","905","998877001000514","998877002000514","5","1","1"
"pNOWJmthjFWEUBwJ42UI","jp-tanvir","3","1875","998877001000515","998877002000515","4","1","0"
"pNOWJmthjFWEUBwJ42UI","jp-tanvir","1","1982","998877001000516","998877002000516","5","1","1"
"pNOWJmthjFWEUBwJ42UI","jp-tanvir","999","1327","998877001000517","998877002000517","4","1","0"
"pNOWJmthjFWEUBwJ42UI","jp-tanvir","2","977","998877001000518","998877002000518","5","1","1"
"pNOWJmthjFWEUBwJ42UI","jp-tanvir","999","881","998877001000519","998877002000519","4","1","0"
"pNOWJmthjFWEUBwJ42UI","jp-tanvir","2","1036","998877001000520","998877002000520","5","1","1"
"pNOWJmthjFWEUBwJ42UI","jp-tanvir","999","1647","998877001000521","998877002000521","4","1","0"
"pNOWJmthjFWEUBwJ42UI","jp-tanvir","1","487","998877001000522","998877002000522","5","1","1"
"pNOWJmthjFWEUBwJ42UI","jp-tanvir","4","1743","998877001000523","998877002000523","4","1","0"
"pNOWJmthjFWEUBwJ42UI","jp-tanvir","999","514","998877001000524","998877002000524","5","1","1"
"pNOWJmthjFWEUBwJ42UI","jp-tanvir","4","179","998877001000525","998877002000525","4","1","0"
"pNOWJmthjFWEUBwJ42UI","jp-tanvir","4","590","998877001000526","998877002000526","5","1","1"
"pNOWJmthjFWEUBwJ42UI","jp-tanvir","4","1819","998877001000527","998877002000527","4","1","0"
"pNOWJmthjFWEUBwJ42UI","jp-tanvir","1","1359","998877001000528","998877002000528","5","1","1"
"pNOWJmthjFWEUBwJ42UI","jp-tanvir","2","1207","998877001000529","998877002000529","4","1","0"
"pNOWJmthjFWEUBwJ42UI","jp-tanvir","3","1622","998877001000530","998877002000530","5","1","1"
"pNOWJmthjFWEUBwJ42UI","jp-tanvir","3","386","998877001000531","998877002000531","4","1","0"
"pNOWJmthjFWEUBwJ42UI","jp-tanvir","3","1771","998877001000532","998877002000532","5","1","1"
"pNOWJmthjFWEUBwJ42UI","jp-tanvir","999","1153","998877001000533","998877002000533","4","1","0"
"pNOWJmthjFWEUBwJ42UI","jp-tanvir","999","386","998877001000534","998877002000534","5","1","1"
"pNOWJmthjFWEUBwJ42UI","jp-tanvir","2","1142","998877001000535","998877002000535","4","1","0"
"pNOWJmthjFWEUBwJ42UI","jp-tanvir","4","41","998877001000536","998877002000536","5","1","1"
"pNOWJmthjFWEUBwJ42UI","jp-tanvir","1","1984","998877001000537","998877002000537","4","1","0"
"pNOWJmthjFWEUBwJ42UI","jp-tanvir","1","579","998877001000538","998877002000538","5","1","1"
"pNOWJmthjFWEUBwJ42UI","jp-tanvir","1","826","998877001000539","998877002000539","4","1","0"
"pNOWJmthjFWEUBwJ42UI","jp-tanvir","999","367","998877001000540","998877002000540","5","1","1"
"pNOWJmthjFWEUBwJ42UI","jp-tanvir","1","1662","998877001000541","998877002000541","4","1","0"
"pNOWJmthjFWEUBwJ42UI","jp-tanvir","999","7","998877001000542","998877002000542","5","1","1"
"pNOWJmthjFWEUBwJ42UI","jp-tanvir","4","588","998877001000543","998877002000543","4","1","0"
"pNOWJmthjFWEUBwJ42UI","jp-tanvir","999","1579","998877001000544","998877002000544","5","1","1"
"pNOWJmthjFWEUBwJ42UI","jp-tanvir","2","1785","998877001000545","998877002000545","4","1","0"
"pNOWJmthjFWEUBwJ42UI","jp-tanvir","4","317","998877001000546","998877002000546","5","1","1"
"pNOWJmthjFWEUBwJ42UI","jp-tanvir","2","808","998877001000547","998877002000547","4","1","0"
"pNOWJmthjFWEUBwJ42UI","jp-tanvir","999","603","998877001000548","998877002000548","5","1","1"
"pNOWJmthjFWEUBwJ42UI","jp-tanvir","2","276","998877001000549","998877002000549","4","1","0"
"pNOWJmthjFWEUBwJ42UI","jp-tanvir","3","1433","998877001000550","998877002000550","5","1","1"
"pNOWJmthjFWEUBwJ42UI","jp-tanvir","1","1846","998877001000551","998877002000551","4","1","0"
"pNOWJmthjFWEUBwJ42UI","jp-tanvir","4","926","998877001000552","998877002000552","5","1","1"
"pNOWJmthjFWEUBwJ42UI","jp-tanvir","2","1437","998877001000553","998877002000553","4","1","0"
"pNOWJmthjFWEUBwJ42UI","jp-tanvir","1","1562","998877001000554","998877002000554","5","1","1"
"pNOWJmthjFWEUBwJ42UI","jp-tanvir","3","1316","998877001000555","998877002000555","4","1","0"
"pNOWJmthjFWEUBwJ42UI","jp-tanvir","2","706","998877001000556","998877002000556","5","1","1"
"pNOWJmthjFWEUBwJ42UI","jp-tanvir","999","1042","998877001000557","998877002000557","4","1","0"
"pNOWJmthjFWEUBwJ42UI","jp-tanvir","4","463","998877001000558","998877002000558","5","1","1"
"pNOWJmthjFWEUBwJ42UI","jp-tanvir","4","234","998877001000559","998877002000559","4","1","0"
"pNOWJmthjFWEUBwJ42UI","jp-tanvir","999","144","998877001000560","998877002000560","5","1","1"
"pNOWJmthjFWEUBwJ42UI","jp-tanvir","4","1962","998877001000561","998877002000561","4","1","0"
"pNOWJmthjFWEUBwJ42UI","jp-tanvir","3","192","998877001000562","998877002000562","5","1","1"
"pNOWJmthjFWEUBwJ42UI","jp-tanvir","1","1985","998877001000563","998877002000563","4","1","0"
"pNOWJmthjFWEUBwJ42UI","jp-tanvir","999","1451","998877001000564","998877002000564","5","1","1"
"pNOWJmthjFWEUBwJ42UI","jp-tanvir","4","1220","998877001000565","998877002000565","4","1","0"
"pNOWJmthjFWEUBwJ42UI","jp-tanvir","4","398","998877001000566","998877002000566","5","1","1"
"pNOWJmthjFWEUBwJ42UI","jp-tanvir","3","1795","998877001000567","998877002000567","4","1","0"
"pNOWJmthjFWEUBwJ42UI","jp-tanvir","1","1619","998877001000568","998877002000568","5","1","1"
"pNOWJmthjFWEUBwJ42UI","jp-tanvir","1","266","998877001000569","998877002000569","4","1","0"
"pNOWJmthjFWEUBwJ42UI","jp-tanvir","2","936","998877001000570","998877002000570","5","1","1"
"pNOWJmthjFWEUBwJ42UI","jp-tanvir","3","549","998877001000571","998877002000571","4","1","0"
"pNOWJmthjFWEUBwJ42UI","jp-tanvir","4","1281","998877001000572","998877002000572","5","1","1"
"pNOWJmthjFWEUBwJ42UI","jp-tanvir","3","511","998877001000573","998877002000573","4","1","0"
"pNOWJmthjFWEUBwJ42UI","jp-tanvir","3","1938","998877001000574","998877002000574","5","1","1"
"pNOWJmthjFWEUBwJ42UI","jp-tanvir","4","1224","998877001000575","998877002000575","4","1","0"
"pNOWJmthjFWEUBwJ42UI","jp-tanvir","999","764","998877001000576","998877002000576","5","1","1"
"pNOWJmthjFWEUBwJ42UI","jp-tanvir","4","1261","998877001000577","998877002000577","4","1","0"
"pNOWJmthjFWEUBwJ42UI","jp-tanvir","4","678","998877001000578","998877002000578","5","1","1"
"pNOWJmthjFWEUBwJ42UI","jp-tanvir","3","1188","998877001000579","998877002000579","4","1","0"
"pNOWJmthjFWEUBwJ42UI","jp-tanvir","999","228","998877001000580","998877002000580","5","1","1"
"pNOWJmthjFWEUBwJ42UI","jp-tanvir","1","453","998877001000581","998877002000581","4","1","0"
"pNOWJmthjFWEUBwJ42UI","jp-tanvir","3","196","998877001000582","998877002000582","5","1","1"
"pNOWJmthjFWEUBwJ42UI","jp-tanvir","999","667","998877001000583","998877002000583","4","1","0"
"pNOWJmthjFWEUBwJ42UI","jp-tanvir","3","203","998877001000584","998877002000584","5","1","1"
"pNOWJmthjFWEUBwJ42UI","jp-tanvir","3","1715","998877001000585","998877002000585","4","1","0"
"pNOWJmthjFWEUBwJ42UI","jp-tanvir","1","1234","998877001000586","998877002000586","5","1","1"
"pNOWJmthjFWEUBwJ42UI","jp-tanvir","3","218","998877001000587","998877002000587","4","1","0"
"pNOWJmthjFWEUBwJ42UI","jp-tanvir","999","575","998877001000588","998877002000588","5","1","1"
"pNOWJmthjFWEUBwJ42UI","jp-tanvir","999","1696","998877001000589","998877002000589","4","1","0"
"pNOWJmthjFWEUBwJ42UI","jp-tanvir","3","1472","998877001000590","998877002000590","5","1","1"
"pNOWJmthjFWEUBwJ42UI","jp-tanvir","3","1316","998877001000591","998877002000591","4","1","0"
"pNOWJmthjFWEUBwJ42UI","jp-tanvir","2","828","998877001000592","998877002000592","5","1","1"
"pNOWJmthjFWEUBwJ42UI","jp-tanvir","4","630","998877001000593","998877002000593","4","1","0"
"pNOWJmthjFWEUBwJ42UI","jp-tanvir","4","1263","998877001000594","998877002000594","5","1","1"
"pNOWJmthjFWEUBwJ42UI","jp-tanvir","4","1073","998877001000595","998877002000595","4","1","0"
"pNOWJmthjFWEUBwJ42UI","jp-tanvir","1","1664","998877001000596","998877002000596","5","1","1"
"pNOWJmthjFWEUBwJ42UI","jp-tanvir","3","835","998877001000597","998877002000597","4","1","0"
"pNOWJmthjFWEUBwJ42UI","jp-tanvir","4","1775","998877001000598","998877002000598","5","1","1"
"pNOWJmthjFWEUBwJ42UI","jp-tanvir","999","1113","998877001000599","998877002000599","4","1","0"
"pNOWJmthjFWEUBwJ42UI","jp-tanvir","999","1153","998877001000600","998877002000600","5","1","1"
"pNOWJmthjFWEUBwJ42UI","jp-tanvir","4","554","998877001000601","998877002000601","4","1","0"
"pNOWJmthjFWEUBwJ42UI","jp-tanvir","999","1812","998877001000602","998877002000602","5","1","1"
"pNOWJmthjFWEUBwJ42UI","jp-tanvir","2","1621","998877001000603","998877002000603","4","1","0"
"pNOWJmthjFWEUBwJ42UI","jp-tanvir","3","1499","998877001000604","998877002000604","5","1","1"
"pNOWJmthjFWEUBwJ42UI","jp-tanvir","999","1621","998877001000605","998877002000605","4","1","0"
"pNOWJmthjFWEUBwJ42UI","jp-tanvir","999","959","998877001000606","998877002000606","5","1","1"
"pNOWJmthjFWEUBwJ42UI","jp-tanvir","999","646","998877001000607","998877002000607","4","1","0"
"pNOWJmthjFWEUBwJ42UI","jp-tanvir","2","953","998877001000608","998877002000608","5","1","1"
"pNOWJmthjFWEUBwJ42UI","jp-tanvir","3","13","998877001000609","998877002000609","4","1","0"
"pNOWJmthjFWEUBwJ42UI","jp-tanvir","1","532","998877001000610","998877002000610","5","1","1"
"pNOWJmthjFWEUBwJ42UI","jp-tanvir","2","427","998877001000611","998877002000611","4","1","0"
"pNOWJmthjFWEUBwJ42UI","jp-tanvir","4","612","998877001000612","998877002000612","5","1","1"
"pNOWJmthjFWEUBwJ42UI","jp-tanvir","4","1494","998877001000613","998877002000613","4","1","0"
"pNOWJmthjFWEUBwJ42UI","jp-tanvir","2","1481","998877001000614","998877002000614","5","1","1"
"pNOWJmthjFWEUBwJ42UI","jp-tanvir","1","1802","998877001000615","998877002000615","4","1","0"
"pNOWJmthjFWEUBwJ42UI","jp-tanvir","1","156","998877001000616","998877002000616","5","1","1"
"pNOWJmthjFWEUBwJ42UI","jp-tanvir","4","1741","998877001000617","998877002000617","4","1","0"
"pNOWJmthjFWEUBwJ42UI","jp-tanvir","2","1846","998877001000618","998877002000618","5","1","1"
"pNOWJmthjFWEUBwJ42UI","jp-tanvir","3","1076","998877001000619","998877002000619","4","1","0"
"pNOWJmthjFWEUBwJ42UI","jp-tanvir","2","122","998877001000620","998877002000620","5","1","1"
"pNOWJmthjFWEUBwJ42UI","jp-tanvir","999","1037","998877001000621","998877002000621","4","1","0"
"pNOWJmthjFWEUBwJ42UI","jp-tanvir","2","1791","998877001000622","998877002000622","5","1","1"
"pNOWJmthjFWEUBwJ42UI","jp-tanvir","999","1586","998877001000623","998877002000623","4","1","0"
"pNOWJmthjFWEUBwJ42UI","jp-tanvir","999","1677","998877001000624","998877002000624","5","1","1"
"pNOWJmthjFWEUBwJ42UI","jp-tanvir","3","400","998877001000625","998877002000625","4","1","0"
"pNOWJmthjFWEUBwJ42UI","jp-tanvir","4","1402","998877001000626","998877002000626","5","1","1"
"pNOWJmthjFWEUBwJ42UI","jp-tanvir","1","1843","998877001000627","998877002000627","4","1","0"
"pNOWJmthjFWEUBwJ42UI","jp-tanvir","2","806","998877001000628","998877002000628","5","1","1"
"pNOWJmthjFWEUBwJ42UI","jp-tanvir","1","559","998877001000629","998877002000629","4","1","0"
"pNOWJmthjFWEUBwJ42UI","jp-tanvir","2","665","998877001000630","998877002000630","5","1","1"
"pNOWJmthjFWEUBwJ42UI","jp-tanvir","1","361","998877001000631","998877002000631","4","1","0"
"pNOWJmthjFWEUBwJ42UI","jp-tanvir","2","1437","998877001000632","998877002000632","5","1","1"
"pNOWJmthjFWEUBwJ42UI","jp-tanvir","4","1508","998877001000633","998877002000633","4","1","0"
"pNOWJmthjFWEUBwJ42UI","jp-tanvir","1","905","998877001000634","998877002000634","5","1","1"
"pNOWJmthjFWEUBwJ42UI","jp-tanvir","999","1349","998877001000635","998877002000635","4","1","0"
"pNOWJmthjFWEUBwJ42UI","jp-tanvir","1","1438","998877001000636","998877002000636","5","1","1"
"pNOWJmthjFWEUBwJ42UI","jp-tanvir","1","825","998877001000637","998877002000637","4","1","0"
"pNOWJmthjFWEUBwJ42UI","jp-tanvir","3","789","998877001000638","998877002000638","5","1","1"
"pNOWJmthjFWEUBwJ42UI","jp-tanvir","4","1412","998877001000639","998877002000639","4","1","0"
"pNOWJmthjFWEUBwJ42UI","jp-tanvir","1","1447","998877001000640","998877002000640","5","1","1"
"pNOWJmthjFWEUBwJ42UI","jp-tanvir","4","115","998877001000641","998877002000641","4","1","0"
"pNOWJmthjFWEUBwJ42UI","jp-tanvir","4","1356","998877001000642","998877002000642","5","1","1"
"pNOWJmthjFWEUBwJ42UI","jp-tanvir","3","304","998877001000643","998877002000643","4","1","0"
"pNOWJmthjFWEUBwJ42UI","jp-tanvir","1","735","998877001000644","998877002000644","5","1","1"
"pNOWJmthjFWEUBwJ42UI","jp-tanvir","1","1887","998877001000645","998877002000645","4","1","0"
"pNOWJmthjFWEUBwJ42UI","jp-tanvir","1","1942","998877001000646","998877002000646","5","1","1"
"pNOWJmthjFWEUBwJ42UI","jp-tanvir","1","1658","998877001000647","998877002000647","4","1","0"
"pNOWJmthjFWEUBwJ42UI","jp-tanvir","4","1788","998877001000648","998877002000648","5","1","1"
"pNOWJmthjFWEUBwJ42UI","jp-tanvir","3","104","998877001000649","998877002000649","4","1","0"
"pNOWJmthjFWEUBwJ42UI","jp-tanvir","1","1189","998877001000650","998877002000650","5","1","1"
"pNOWJmthjFWEUBwJ42UI","jp-tanvir","1","1157","998877001000651","998877002000651","4","1","0"
"pNOWJmthjFWEUBwJ42UI","jp-tanvir","1","1277","998877001000652","998877002000652","5","1","1"
"pNOWJmthjFWEUBwJ42UI","jp-tanvir","2","1295","998877001000653","998877002000653","4","1","0"
"pNOWJmthjFWEUBwJ42UI","jp-tanvir","3","1831","998877001000654","998877002000654","5","1","1"
"pNOWJmthjFWEUBwJ42UI","jp-tanvir","4","1970","998877001000655","998877002000655","4","1","0"
"pNOWJmthjFWEUBwJ42UI","jp-tanvir","999","1239","998877001000656","998877002000656","5","1","1"
"pNOWJmthjFWEUBwJ42UI","jp-tanvir","1","850","998877001000657","998877002000657","4","1","0"
"pNOWJmthjFWEUBwJ42UI","jp-tanvir","999","1481","998877001000658","998877002000658","5","1","1"
"pNOWJmthjFWEUBwJ42UI","jp-tanvir","1","1477","998877001000659","998877002000659","4","1","0"
"pNOWJmthjFWEUBwJ42UI","jp-tanvir","1","734","998877001000660","998877002000660","5","1","1"
"pNOWJmthjFWEUBwJ42UI","jp-tanvir","2","337","998877001000661","998877002000661","4","1","0"
"pNOWJmthjFWEUBwJ42UI","jp-tanvir","4","333","998877001000662","998877002000662","5","1","1"
"pNOWJmthjFWEUBwJ42UI","jp-tanvir","4","778","998877001000663","998877002000663","4","1","0"
"pNOWJmthjFWEUBwJ42UI","jp-tanvir","999","1880","998877001000664","998877002000664","5","1","1"
"pNOWJmthjFWEUBwJ42UI","jp-tanvir","999","1534","998877001000665","998877002000665","4","1","0"
"pNOWJmthjFWEUBwJ42UI","jp-tanvir","1","1053","998877001000666","998877002000666","5","1","1"
"pNOWJmthjFWEUBwJ42UI","jp-tanvir","999","1135","998877001000667","998877002000667","4","1","0"
"pNOWJmthjFWEUBwJ42UI","jp-tanvir","999","1394","998877001000668","998877002000668","5","1","1"
"pNOWJmthjFWEUBwJ42UI","jp-tanvir","999","1116","998877001000669","998877002000669","4","1","0"
"pNOWJmthjFWEUBwJ42UI","jp-tanvir","2","1856","998877001000670","998877002000670","5","1","1"
"pNOWJmthjFWEUBwJ42UI","jp-tanvir","4","1943","998877001000671","998877002000671","4","1","0"
"pNOWJmthjFWEUBwJ42UI","jp-tanvir","1","611","998877001000672","998877002000672","5","1","1"
"pNOWJmthjFWEUBwJ42UI","jp-tanvir","3","412","998877001000673","998877002000673","4","1","0"
"pNOWJmthjFWEUBwJ42UI","jp-tanvir","4","666","998877001000674","998877002000674","5","1","1"
"pNOWJmthjFWEUBwJ42UI","jp-tanvir","999","310","998877001000675","998877002000675","4","1","0"
"pNOWJmthjFWEUBwJ42UI","jp-tanvir","1","1972","998877001000676","998877002000676","5","1","1"
"pNOWJmthjFWEUBwJ42UI","jp-tanvir","1","797","998877001000677","998877002000677","4","1","0"
"pNOWJmthjFWEUBwJ42UI","jp-tanvir","4","1359","998877001000678","998877002000678","5","1","1"
"pNOWJmthjFWEUBwJ42UI","jp-tanvir","999","428","998877001000679","998877002000679","4","1","0"
"pNOWJmthjFWEUBwJ42UI","jp-tanvir","3","1174","998877001000680","998877002000680","5","1","1"
"pNOWJmthjFWEUBwJ42UI","jp-tanvir","2","1747","998877001000681","998877002000681","4","1","0"
"pNOWJmthjFWEUBwJ42UI","jp-tanvir","999","1374","998877001000682","998877002000682","5","1","1"
"pNOWJmthjFWEUBwJ42UI","jp-tanvir","2","1278","998877001000683","998877002000683","4","1","0"
"pNOWJmthjFWEUBwJ42UI","jp-tanvir","1","33","998877001000684","998877002000684","5","1","1"
"pNOWJmthjFWEUBwJ42UI","jp-tanvir","4","714","998877001000685","998877002000685","4","1","0"
"pNOWJmthjFWEUBwJ42UI","jp-tanvir","3","920","998877001000686","998877002000686","5","1","1"
"pNOWJmthjFWEUBwJ42UI","jp-tanvir","999","424","998877001000687","998877002000687","4","1","0"
"pNOWJmthjFWEUBwJ42UI","jp-tanvir","1","890","998877001000688","998877002000688","5","1","1"
"pNOWJmthjFWEUBwJ42UI","jp-tanvir","999","1622","998877001000689","998877002000689","4","1","0"
"pNOWJmthjFWEUBwJ42UI","jp-tanvir","4","1442","998877001000690","998877002000690","5","1","1"
"pNOWJmthjFWEUBwJ42UI","jp-tanvir","999","395","998877001000691","998877002000691","4","1","0"
"pNOWJmthjFWEUBwJ42UI","jp-tanvir","1","17","998877001000692","998877002000692","5","1","1"
"pNOWJmthjFWEUBwJ42UI","jp-tanvir","2","1159","998877001000693","998877002000693","4","1","0"
"pNOWJmthjFWEUBwJ42UI","jp-tanvir","1","1484","998877001000694","998877002000694","5","1","1"
"pNOWJmthjFWEUBwJ42UI","jp-tanvir","1","55","998877001000695","998877002000695","4","1","0"
"pNOWJmthjFWEUBwJ42UI","jp-tanvir","3","987","998877001000696","998877002000696","5","1","1"
"pNOWJmthjFWEUBwJ42UI","jp-tanvir","3","325","998877001000697","998877002000697","4","1","0"
"pNOWJmthjFWEUBwJ42UI","jp-tanvir","2","1404","998877001000698","998877002000698","5","1","1"
"pNOWJmthjFWEUBwJ42UI","jp-tanvir","2","1848","998877001000699","998877002000699","4","1","0"
"pNOWJmthjFWEUBwJ42UI","jp-tanvir","4","1435","998877001000700","998877002000700","5","1","1"
"pNOWJmthjFWEUBwJ42UI","jp-tanvir","3","47","998877001000701","998877002000701","4","1","0"
"pNOWJmthjFWEUBwJ42UI","jp-tanvir","4","660","998877001000702","998877002000702","5","1","1"
"pNOWJmthjFWEUBwJ42UI","jp-tanvir","2","605","998877001000703","998877002000703","4","1","0"
"pNOWJmthjFWEUBwJ42UI","jp-tanvir","999","25","998877001000704","998877002000704","5","1","1"
"pNOWJmthjFWEUBwJ42UI","jp-tanvir","4","1824","998877001000705","998877002000705","4","1","0"
"pNOWJmthjFWEUBwJ42UI","jp-tanvir","2","1597","998877001000706","998877002000706","5","1","1"
"pNOWJmthjFWEUBwJ42UI","jp-tanvir","1","321","998877001000707","998877002000707","4","1","0"
"pNOWJmthjFWEUBwJ42UI","jp-tanvir","999","1410","998877001000708","998877002000708","5","1","1"
"pNOWJmthjFWEUBwJ42UI","jp-tanvir","1","429","998877001000709","998877002000709","4","1","0"
"pNOWJmthjFWEUBwJ42UI","jp-tanvir","1","1784","998877001000710","998877002000710","5","1","1"
"pNOWJmthjFWEUBwJ42UI","jp-tanvir","4","992","998877001000711","998877002000711","4","1","0"
"pNOWJmthjFWEUBwJ42UI","jp-tanvir","3","1722","998877001000712","998877002000712","5","1","1"
"pNOWJmthjFWEUBwJ42UI","jp-tanvir","4","1852","998877001000713","998877002000713","4","1","0"
"pNOWJmthjFWEUBwJ42UI","jp-tanvir","4","1638","998877001000714","998877002000714","5","1","1"
"pNOWJmthjFWEUBwJ42UI","jp-tanvir","999","566","998877001000715","998877002000715","4","1","0"
"pNOWJmthjFWEUBwJ42UI","jp-tanvir","999","985","998877001000716","998877002000716","5","1","1"
"pNOWJmthjFWEUBwJ42UI","jp-tanvir","1","149","998877001000717","998877002000717","4","1","0"
"pNOWJmthjFWEUBwJ42UI","jp-tanvir","3","1799","998877001000718","998877002000718","5","1","1"
"pNOWJmthjFWEUBwJ42UI","jp-tanvir","3","1194","998877001000719","998877002000719","4","1","0"
"pNOWJmthjFWEUBwJ42UI","jp-tanvir","999","418","998877001000720","998877002000720","5","1","1"
"pNOWJmthjFWEUBwJ42UI","jp-tanvir","2","11","998877001000721","998877002000721","4","1","0"
"pNOWJmthjFWEUBwJ42UI","jp-tanvir","1","1957","998877001000722","998877002000722","5","1","1"
"pNOWJmthjFWEUBwJ42UI","jp-tanvir","999","1068","998877001000723","998877002000723","4","1","0"
"pNOWJmthjFWEUBwJ42UI","jp-tanvir","1","529","998877001000724","998877002000724","5","1","1"
"pNOWJmthjFWEUBwJ42UI","jp-tanvir","1","1701","998877001000725","998877002000725","4","1","0"
"pNOWJmthjFWEUBwJ42UI","jp-tanvir","2","1416","998877001000726","998877002000726","5","1","1"
"pNOWJmthjFWEUBwJ42UI","jp-tanvir","3","524","998877001000727","998877002000727","4","1","0"
"pNOWJmthjFWEUBwJ42UI","jp-tanvir","2","730","998877001000728","998877002000728","5","1","1"
"pNOWJmthjFWEUBwJ42UI","jp-tanvir","2","987","998877001000729","998877002000729","4","1","0"
"pNOWJmthjFWEUBwJ42UI","jp-tanvir","4","81","998877001000730","998877002000730","5","1","1"
"pNOWJmthjFWEUBwJ42UI","jp-tanvir","3","162","998877001000731","998877002000731","4","1","0"
"pNOWJmthjFWEUBwJ42UI","jp-tanvir","4","883","998877001000732","998877002000732","5","1","1"
"pNOWJmthjFWEUBwJ42UI","jp-tanvir","4","148","998877001000733","998877002000733","4","1","0"
"pNOWJmthjFWEUBwJ42UI","jp-tanvir","1","500","998877001000734","998877002000734","5","1","1"
"pNOWJmthjFWEUBwJ42UI","jp-tanvir","1","1226","998877001000735","998877002000735","4","1","0"
"pNOWJmthjFWEUBwJ42UI","jp-tanvir","3","1798","998877001000736","998877002000736","5","1","1"
"pNOWJmthjFWEUBwJ42UI","jp-tanvir","1","371","998877001000737","998877002000737","4","1","0"
"pNOWJmthjFWEUBwJ42UI","jp-tanvir","1","1004","998877001000738","998877002000738","5","1","1"
"pNOWJmthjFWEUBwJ42UI","jp-tanvir","4","565","998877001000739","998877002000739","4","1","0"
"pNOWJmthjFWEUBwJ42UI","jp-tanvir","1","373","998877001000740","998877002000740","5","1","1"
"pNOWJmthjFWEUBwJ42UI","jp-tanvir","3","1283","998877001000741","998877002000741","4","1","0"
"pNOWJmthjFWEUBwJ42UI","jp-tanvir","999","399","998877001000742","998877002000742","5","1","1"
"pNOWJmthjFWEUBwJ42UI","jp-tanvir","3","368","998877001000743","998877002000743","4","1","0"
"pNOWJmthjFWEUBwJ42UI","jp-tanvir","4","904","998877001000744","998877002000744","5","1","1"
"pNOWJmthjFWEUBwJ42UI","jp-tanvir","4","934","998877001000745","998877002000745","4","1","0"
"pNOWJmthjFWEUBwJ42UI","jp-tanvir","3","1625","998877001000746","998877002000746","5","1","1"
"pNOWJmthjFWEUBwJ42UI","jp-tanvir","3","1486","998877001000747","998877002000747","4","1","0"
"pNOWJmthjFWEUBwJ42UI","jp-tanvir","999","842","998877001000748","998877002000748","5","1","1"
"pNOWJmthjFWEUBwJ42UI","jp-tanvir","999","629","998877001000749","998877002000749","4","1","0"
"pNOWJmthjFWEUBwJ42UI","jp-tanvir","999","413","998877001000750","998877002000750","5","1","1"
"pNOWJmthjFWEUBwJ42UI","jp-tanvir","2","1695","998877001000751","998877002000751","4","1","0"
"pNOWJmthjFWEUBwJ42UI","jp-tanvir","4","529","998877001000752","998877002000752","5","1","1"
"pNOWJmthjFWEUBwJ42UI","jp-tanvir","2","1407","998877001000753","998877002000753","4","1","0"
"pNOWJmthjFWEUBwJ42UI","jp-tanvir","3","943","998877001000754","998877002000754","5","1","1"
"pNOWJmthjFWEUBwJ42UI","jp-tanvir","4","1783","998877001000755","998877002000755","4","1","0"
"pNOWJmthjFWEUBwJ42UI","jp-tanvir","1","1675","998877001000756","998877002000756","5","1","1"
"pNOWJmthjFWEUBwJ42UI","jp-tanvir","999","1262","998877001000757","998877002000757","4","1","0"
"pNOWJmthjFWEUBwJ42UI","jp-tanvir","3","1594","998877001000758","998877002000758","5","1","1"
"pNOWJmthjFWEUBwJ42UI","jp-tanvir","4","1920","998877001000759","998877002000759","4","1","0"
"pNOWJmthjFWEUBwJ42UI","jp-tanvir","4","984","998877001000760","998877002000760","5","1","1"
"pNOWJmthjFWEUBwJ42UI","jp-tanvir","4","920","998877001000761","998877002000761","4","1","0"
"pNOWJmthjFWEUBwJ42UI","jp-tanvir","1","669","998877001000762","998877002000762","5","1","1"
"pNOWJmthjFWEUBwJ42UI","jp-tanvir","999","556","998877001000763","998877002000763","4","1","0"
"pNOWJmthjFWEUBwJ42UI","jp-tanvir","999","1477","998877001000764","998877002000764","5","1","1"
"pNOWJmthjFWEUBwJ42UI","jp-tanvir","3","1570","998877001000765","998877002000765","4","1","0"
"pNOWJmthjFWEUBwJ42UI","jp-tanvir","3","1040","998877001000766","998877002000766","5","1","1"
"pNOWJmthjFWEUBwJ42UI","jp-tanvir","3","821","998877001000767","998877002000767","4","1","0"
"pNOWJmthjFWEUBwJ42UI","jp-tanvir","3","772","998877001000768","998877002000768","5","1","1"
"pNOWJmthjFWEUBwJ42UI","jp-tanvir","4","1820","998877001000769","998877002000769","4","1","0"
"pNOWJmthjFWEUBwJ42UI","jp-tanvir","999","919","998877001000770","998877002000770","5","1","1"
"pNOWJmthjFWEUBwJ42UI","jp-tanvir","999","469","998877001000771","998877002000771","4","1","0"
"pNOWJmthjFWEUBwJ42UI","jp-tanvir","2","1391","998877001000772","998877002000772","5","1","1"
"pNOWJmthjFWEUBwJ42UI","jp-tanvir","1","1388","998877001000773","998877002000773","4","1","0"
"pNOWJmthjFWEUBwJ42UI","jp-tanvir","1","80","998877001000774","998877002000774","5","1","1"
"pNOWJmthjFWEUBwJ42UI","jp-tanvir","4","922","998877001000775","998877002000775","4","1","0"
"pNOWJmthjFWEUBwJ42UI","jp-tanvir","4","1602","998877001000776","998877002000776","5","1","1"
"pNOWJmthjFWEUBwJ42UI","jp-tanvir","3","1110","998877001000777","998877002000777","4","1","0"
"pNOWJmthjFWEUBwJ42UI","jp-tanvir","2","967","998877001000778","998877002000778","5","1","1"
"pNOWJmthjFWEUBwJ42UI","jp-tanvir","999","502","998877001000779","998877002000779","4","1","0"
"pNOWJmthjFWEUBwJ42UI","jp-tanvir","999","851","998877001000780","998877002000780","5","1","1"
"pNOWJmthjFWEUBwJ42UI","jp-tanvir","4","1054","998877001000781","998877002000781","4","1","0"
"pNOWJmthjFWEUBwJ42UI","jp-tanvir","4","778","998877001000782","998877002000782","5","1","1"
"pNOWJmthjFWEUBwJ42UI","jp-tanvir","2","897","998877001000783","998877002000783","4","1","0"
"pNOWJmthjFWEUBwJ42UI","jp-tanvir","1","1541","998877001000784","998877002000784","5","1","1"
"pNOWJmthjFWEUBwJ42UI","jp-tanvir","999","702","998877001000785","998877002000785","4","1","0"
"pNOWJmthjFWEUBwJ42UI","jp-tanvir","1","1042","998877001000786","998877002000786","5","1","1"
"pNOWJmthjFWEUBwJ42UI","jp-tanvir","2","1774","998877001000787","998877002000787","4","1","0"
"pNOWJmthjFWEUBwJ42UI","jp-tanvir","2","340","998877001000788","998877002000788","5","1","1"
"pNOWJmthjFWEUBwJ42UI","jp-tanvir","999","858","998877001000789","998877002000789","4","1","0"
"pNOWJmthjFWEUBwJ42UI","jp-tanvir","999","1193","998877001000790","998877002000790","5","1","1"
"pNOWJmthjFWEUBwJ42UI","jp-tanvir","999","202","998877001000791","998877002000791","4","1","0"
"pNOWJmthjFWEUBwJ42UI","jp-tanvir","1","1622","998877001000792","998877002000792","5","1","1"
"pNOWJmthjFWEUBwJ42UI","jp-tanvir","4","1786","998877001000793","998877002000793","4","1","0"
"pNOWJmthjFWEUBwJ42UI","jp-tanvir","4","1696","998877001000794","998877002000794","5","1","1"
"pNOWJmthjFWEUBwJ42UI","jp-tanvir","4","1753","998877001000795","998877002000795","4","1","0"
"pNOWJmthjFWEUBwJ42UI","jp-tanvir","2","1799","998877001000796","998877002000796","5","1","1"
"pNOWJmthjFWEUBwJ42UI","jp-tanvir","999","1875","998877001000797","998877002000797","4","1","0"
"pNOWJmthjFWEUBwJ42UI","jp-tanvir","4","121","998877001000798","998877002000798","5","1","1"
"pNOWJmthjFWEUBwJ42UI","jp-tanvir","3","284","998877001000799","998877002000799","4","1","0"
"pNOWJmthjFWEUBwJ42UI","jp-tanvir","999","211","998877001000800","998877002000800","5","1","1"
"pNOWJmthjFWEUBwJ42UI","jp-tanvir","2","842","998877001000801","998877002000801","4","1","0"
"pNOWJmthjFWEUBwJ42UI","jp-tanvir","999","1593","998877001000802","998877002000802","5","1","1"
"pNOWJmthjFWEUBwJ42UI","jp-tanvir","1","406","998877001000803","998877002000803","4","1","0"
"pNOWJmthjFWEUBwJ42UI","jp-tanvir","4","1780","998877001000804","998877002000804","5","1","1"
"pNOWJmthjFWEUBwJ42UI","jp-tanvir","999","1072","998877001000805","998877002000805","4","1","0"
"pNOWJmthjFWEUBwJ42UI","jp-tanvir","4","1761","998877001000806","998877002000806","5","1","1"
"pNOWJmthjFWEUBwJ42UI","jp-tanvir","2","490","998877001000807","998877002000807","4","1","0"
"pNOWJmthjFWEUBwJ42UI","jp-tanvir","1","742","998877001000808","998877002000808","5","1","1"
"pNOWJmthjFWEUBwJ42UI","jp-tanvir","999","694","998877001000809","998877002000809","4","1","0"
"pNOWJmthjFWEUBwJ42UI","jp-tanvir","999","4","998877001000810","998877002000810","5","1","1"
"pNOWJmthjFWEUBwJ42UI","jp-tanvir","4","425","998877001000811","998877002000811","4","1","0"
"pNOWJmthjFWEUBwJ42UI","jp-tanvir","1","693","998877001000812","998877002000812","5","1","1"
"pNOWJmthjFWEUBwJ42UI","jp-tanvir","3","1817","998877001000813","998877002000813","4","1","0"
"pNOWJmthjFWEUBwJ42UI","jp-tanvir","2","1793","998877001000814","998877002000814","5","1","1"
"pNOWJmthjFWEUBwJ42UI","jp-tanvir","1","476","998877001000815","998877002000815","4","1","0"
"pNOWJmthjFWEUBwJ42UI","jp-tanvir","999","525","998877001000816","998877002000816","5","1","1"
"pNOWJmthjFWEUBwJ42UI","jp-tanvir","4","1975","998877001000817","998877002000817","4","1","0"
"pNOWJmthjFWEUBwJ42UI","jp-tanvir","2","653","998877001000818","998877002000818","5","1","1"
"pNOWJmthjFWEUBwJ42UI","jp-tanvir","2","1489","998877001000819","998877002000819","4","1","0"
"pNOWJmthjFWEUBwJ42UI","jp-tanvir","1","1082","998877001000820","998877002000820","5","1","1"
"pNOWJmthjFWEUBwJ42UI","jp-tanvir","4","846","998877001000821","998877002000821","4","1","0"
"pNOWJmthjFWEUBwJ42UI","jp-tanvir","1","1273","998877001000822","998877002000822","5","1","1"
"pNOWJmthjFWEUBwJ42UI","jp-tanvir","999","1666","998877001000823","998877002000823","4","1","0"
"pNOWJmthjFWEUBwJ42UI","jp-tanvir","4","1050","998877001000824","998877002000824","5","1","1"
"pNOWJmthjFWEUBwJ42UI","jp-tanvir","999","1891","998877001000825","998877002000825","4","1","0"
"pNOWJmthjFWEUBwJ42UI","jp-tanvir","4","246","998877001000826","998877002000826","5","1","1"
"pNOWJmthjFWEUBwJ42UI","jp-tanvir","3","295","998877001000827","998877002000827","4","1","0"
"pNOWJmthjFWEUBwJ42UI","jp-tanvir","4","619","998877001000828","998877002000828","5","1","1"
"pNOWJmthjFWEUBwJ42UI","jp-tanvir","2","1750","998877001000829","998877002000829","4","1","0"
"pNOWJmthjFWEUBwJ42UI","jp-tanvir","3","1651","998877001000830","998877002000830","5","1","1"
"pNOWJmthjFWEUBwJ42UI","jp-tanvir","3","1853","998877001000831","998877002000831","4","1","0"
"pNOWJmthjFWEUBwJ42UI","jp-tanvir","999","981","998877001000832","998877002000832","5","1","1"
"pNOWJmthjFWEUBwJ42UI","jp-tanvir","999","1013","998877001000833","998877002000833","4","1","0"
"pNOWJmthjFWEUBwJ42UI","jp-tanvir","4","1648","998877001000834","998877002000834","5","1","1"
"pNOWJmthjFWEUBwJ42UI","jp-tanvir","1","788","998877001000835","998877002000835","4","1","0"
"pNOWJmthjFWEUBwJ42UI","jp-tanvir","999","1783","998877001000836","998877002000836","5","1","1"
"pNOWJmthjFWEUBwJ42UI","jp-tanvir","1","1013","998877001000837","998877002000837","4","1","0"
"pNOWJmthjFWEUBwJ42UI","jp-tanvir","1","1688","998877001000838","998877002000838","5","1","1"
"pNOWJmthjFWEUBwJ42UI","jp-tanvir","4","511","998877001000839","998877002000839","4","1","0"
"pNOWJmthjFWEUBwJ42UI","jp-tanvir","4","1758","998877001000840","998877002000840","5","1","1"
"pNOWJmthjFWEUBwJ42UI","jp-tanvir","4","511","998877001000841","998877002000841","4","1","0"
"pNOWJmthjFWEUBwJ42UI","jp-tanvir","4","1438","998877001000842","998877002000842","5","1","1"
"pNOWJmthjFWEUBwJ42UI","jp-tanvir","999","1660","998877001000843","998877002000843","4","1","0"
"pNOWJmthjFWEUBwJ42UI","jp-tanvir","2","1636","998877001000844","998877002000844","5","1","1"
"pNOWJmthjFWEUBwJ42UI","jp-tanvir","3","1188","998877001000845","998877002000845","4","1","0"
"pNOWJmthjFWEUBwJ42UI","jp-tanvir","4","1076","998877001000846","998877002000846","5","1","1"
"pNOWJmthjFWEUBwJ42UI","jp-tanvir","3","184","998877001000847","998877002000847","4","1","0"
"pNOWJmthjFWEUBwJ42UI","jp-tanvir","999","1591","998877001000848","998877002000848","5","1","1"
"pNOWJmthjFWEUBwJ42UI","jp-tanvir","999","411","998877001000849","998877002000849","4","1","0"
"pNOWJmthjFWEUBwJ42UI","jp-tanvir","4","419","998877001000850","998877002000850","5","1","1"
"pNOWJmthjFWEUBwJ42UI","jp-tanvir","999","1409","998877001000851","998877002000851","4","1","0"
"pNOWJmthjFWEUBwJ42UI","jp-tanvir","3","833","998877001000852","998877002000852","5","1","1"
"pNOWJmthjFWEUBwJ42UI","jp-tanvir","999","698","998877001000853","998877002000853","4","1","0"
"pNOWJmthjFWEUBwJ42UI","jp-tanvir","3","540","998877001000854","998877002000854","5","1","1"
"pNOWJmthjFWEUBwJ42UI","jp-tanvir","4","1978","998877001000855","998877002000855","4","1","0"
"pNOWJmthjFWEUBwJ42UI","jp-tanvir","4","1049","998877001000856","998877002000856","5","1","1"
"pNOWJmthjFWEUBwJ42UI","jp-tanvir","3","1021","998877001000857","998877002000857","4","1","0"
"pNOWJmthjFWEUBwJ42UI","jp-tanvir","2","15","998877001000858","998877002000858","5","1","1"
"pNOWJmthjFWEUBwJ42UI","jp-tanvir","2","1264","998877001000859","998877002000859","4","1","0"
"pNOWJmthjFWEUBwJ42UI","jp-tanvir","1","813","998877001000860","998877002000860","5","1","1"
"pNOWJmthjFWEUBwJ42UI","jp-tanvir","1","377","998877001000861","998877002000861","4","1","0"
"pNOWJmthjFWEUBwJ42UI","jp-tanvir","1","933","998877001000862","998877002000862","5","1","1"
"pNOWJmthjFWEUBwJ42UI","jp-tanvir","999","1383","998877001000863","998877002000863","4","1","0"
"pNOWJmthjFWEUBwJ42UI","jp-tanvir","1","475","998877001000864","998877002000864","5","1","1"
"pNOWJmthjFWEUBwJ42UI","jp-tanvir","2","1204","998877001000865","998877002000865","4","1","0"
"pNOWJmthjFWEUBwJ42UI","jp-tanvir","3","1711","998877001000866","998877002000866","5","1","1"
"pNOWJmthjFWEUBwJ42UI","jp-tanvir","3","535","998877001000867","998877002000867","4","1","0"
"pNOWJmthjFWEUBwJ42UI","jp-tanvir","3","1193","998877001000868","998877002000868","5","1","1"
"pNOWJmthjFWEUBwJ42UI","jp-tanvir","1","1784","998877001000869","998877002000869","4","1","0"
"pNOWJmthjFWEUBwJ42UI","jp-tanvir","4","1878","998877001000870","998877002000870","5","1","1"
"pNOWJmthjFWEUBwJ42UI","jp-tanvir","1","751","998877001000871","998877002000871","4","1","0"
"pNOWJmthjFWEUBwJ42UI","jp-tanvir","1","1691","998877001000872","998877002000872","5","1","1"
"pNOWJmthjFWEUBwJ42UI","jp-tanvir","3","853","998877001000873","998877002000873","4","1","0"
"pNOWJmthjFWEUBwJ42UI","jp-tanvir","3","1173","998877001000874","998877002000874","5","1","1"
"pNOWJmthjFWEUBwJ42UI","jp-tanvir","1","794","998877001000875","998877002000875","4","1","0"
"pNOWJmthjFWEUBwJ42UI","jp-tanvir","999","9","998877001000876","998877002000876","5","1","1"
"pNOWJmthjFWEUBwJ42UI","jp-tanvir","999","1312","998877001000877","998877002000877","4","1","0"
"pNOWJmthjFWEUBwJ42UI","jp-tanvir","3","449","998877001000878","998877002000878","5","1","1"
"pNOWJmthjFWEUBwJ42UI","jp-tanvir","1","904","998877001000879","998877002000879","4","1","0"
"pNOWJmthjFWEUBwJ42UI","jp-tanvir","1","491","998877001000880","998877002000880","5","1","1"
"pNOWJmthjFWEUBwJ42UI","jp-tanvir","1","1254","998877001000881","998877002000881","4","1","0"
"pNOWJmthjFWEUBwJ42UI","jp-tanvir","999","161","998877001000882","998877002000882","5","1","1"
"pNOWJmthjFWEUBwJ42UI","jp-tanvir","1","1466","998877001000883","998877002000883","4","1","0"
"pNOWJmthjFWEUBwJ42UI","jp-tanvir","999","1740","998877001000884","998877002000884","5","1","1"
"pNOWJmthjFWEUBwJ42UI","jp-tanvir","3","1804","998877001000885","998877002000885","4","1","0"
"pNOWJmthjFWEUBwJ42UI","jp-tanvir","3","1172","998877001000886","998877002000886","5","1","1"
"pNOWJmthjFWEUBwJ42UI","jp-tanvir","4","1984","998877001000887","998877002000887","4","1","0"
"pNOWJmthjFWEUBwJ42UI","jp-tanvir","3","1047","998877001000888","998877002000888","5","1","1"
"pNOWJmthjFWEUBwJ42UI","jp-tanvir","1","1288","998877001000889","998877002000889","4","1","0"
"pNOWJmthjFWEUBwJ42UI","jp-tanvir","2","394","998877001000890","998877002000890","5","1","1"
"pNOWJmthjFWEUBwJ42UI","jp-tanvir","4","1643","998877001000891","998877002000891","4","1","0"
"pNOWJmthjFWEUBwJ42UI","jp-tanvir","999","690","998877001000892","998877002000892","5","1","1"
"pNOWJmthjFWEUBwJ42UI","jp-tanvir","999","62","998877001000893","998877002000893","4","1","0"
"pNOWJmthjFWEUBwJ42UI","jp-tanvir","3","371","998877001000894","998877002000894","5","1","1"
"pNOWJmthjFWEUBwJ42UI","jp-tanvir","999","1499","998877001000895","998877002000895","4","1","0"
"pNOWJmthjFWEUBwJ42UI","jp-tanvir","4","1792","998877001000896","998877002000896","5","1","1"
"pNOWJmthjFWEUBwJ42UI","jp-tanvir","3","1783","998877001000897","998877002000897","4","1","0"
"pNOWJmthjFWEUBwJ42UI","jp-tanvir","4","1262","998877001000898","998877002000898","5","1","1"
"pNOWJmthjFWEUBwJ42UI","jp-tanvir","999","744","998877001000899","998877002000899","4","1","0"
"pNOWJmthjFWEUBwJ42UI","jp-tanvir","2","659","998877001000900","998877002000900","5","1","1"
"pNOWJmthjFWEUBwJ42UI","jp-tanvir","999","1341","998877001000901","998877002000901","4","1","0"
"pNOWJmthjFWEUBwJ42UI","jp-tanvir","4","1105","998877001000902","998877002000902","5","1","1"
"pNOWJmthjFWEUBwJ42UI","jp-tanvir","3","1414","998877001000903","998877002000903","4","1","0"
"pNOWJmthjFWEUBwJ42UI","jp-tanvir","3","1601","998877001000904","998877002000904","5","1","1"
"pNOWJmthjFWEUBwJ42UI","jp-tanvir","999","1809","998877001000905","998877002000905","4","1","0"
"pNOWJmthjFWEUBwJ42UI","jp-tanvir","3","224","998877001000906","998877002000906","5","1","1"
"pNOWJmthjFWEUBwJ42UI","jp-tanvir","4","397","998877001000907","998877002000907","4","1","0"
"pNOWJmthjFWEUBwJ42UI","jp-tanvir","3","410","998877001000908","998877002000908","5","1","1"
"pNOWJmthjFWEUBwJ42UI","jp-tanvir","1","209","998877001000909","998877002000909","4","1","0"
"pNOWJmthjFWEUBwJ42UI","jp-tanvir","999","862","998877001000910","998877002000910","5","1","1"
"pNOWJmthjFWEUBwJ42UI","jp-tanvir","2","362","998877001000911","998877002000911","4","1","0"
"pNOWJmthjFWEUBwJ42UI","jp-tanvir","999","1899","998877001000912","998877002000912","5","1","1"
"pNOWJmthjFWEUBwJ42UI","jp-tanvir","1","47","998877001000913","998877002000913","4","1","0"
"pNOWJmthjFWEUBwJ42UI","jp-tanvir","2","1551","998877001000914","998877002000914","5","1","1"
"pNOWJmthjFWEUBwJ42UI","jp-tanvir","3","166","998877001000915","998877002000915","4","1","0"
"pNOWJmthjFWEUBwJ42UI","jp-tanvir","3","1339","998877001000916","998877002000916","5","1","1"
"pNOWJmthjFWEUBwJ42UI","jp-tanvir","3","762","998877001000917","998877002000917","4","1","0"
"pNOWJmthjFWEUBwJ42UI","jp-tanvir","2","271","998877001000918","998877002000918","5","1","1"
"pNOWJmthjFWEUBwJ42UI","jp-tanvir","3","36","998877001000919","998877002000919","4","1","0"
"pNOWJmthjFWEUBwJ42UI","jp-tanvir","1","1598","998877001000920","998877002000920","5","1","1"
"pNOWJmthjFWEUBwJ42UI","jp-tanvir","3","587","998877001000921","998877002000921","4","1","0"
"pNOWJmthjFWEUBwJ42UI","jp-tanvir","2","19","998877001000922","998877002000922","5","1","1"
"pNOWJmthjFWEUBwJ42UI","jp-tanvir","2","893","998877001000923","998877002000923","4","1","0"
"pNOWJmthjFWEUBwJ42UI","jp-tanvir","3","879","998877001000924","998877002000924","5","1","1"
"pNOWJmthjFWEUBwJ42UI","jp-tanvir","2","647","998877001000925","998877002000925","4","1","0"
"pNOWJmthjFWEUBwJ42UI","jp-tanvir","3","1528","998877001000926","998877002000926","5","1","1"
"pNOWJmthjFWEUBwJ42UI","jp-tanvir","999","1833","998877001000927","998877002000927","4","1","0"
"pNOWJmthjFWEUBwJ42UI","jp-tanvir","999","591","998877001000928","998877002000928","5","1","1"
"pNOWJmthjFWEUBwJ42UI","jp-tanvir","3","591","998877001000929","998877002000929","4","1","0"
"pNOWJmthjFWEUBwJ42UI","jp-tanvir","3","1388","998877001000930","998877002000930","5","1","1"
"pNOWJmthjFWEUBwJ42UI","jp-tanvir","999","1790","998877001000931","998877002000931","4","1","0"
"pNOWJmthjFWEUBwJ42UI","jp-tanvir","1","419","998877001000932","998877002000932","5","1","1"
"pNOWJmthjFWEUBwJ42UI","jp-tanvir","2","1330","998877001000933","998877002000933","4","1","0"
"pNOWJmthjFWEUBwJ42UI","jp-tanvir","999","168","998877001000934","998877002000934","5","1","1"
"pNOWJmthjFWEUBwJ42UI","jp-tanvir","2","1997","998877001000935","998877002000935","4","1","0"
"pNOWJmthjFWEUBwJ42UI","jp-tanvir","999","1929","998877001000936","998877002000936","5","1","1"
"pNOWJmthjFWEUBwJ42UI","jp-tanvir","3","1026","998877001000937","998877002000937","4","1","0"
"pNOWJmthjFWEUBwJ42UI","jp-tanvir","4","288","998877001000938","998877002000938","5","1","1"
"pNOWJmthjFWEUBwJ42UI","jp-tanvir","1","1096","998877001000939","998877002000939","4","1","0"
"pNOWJmthjFWEUBwJ42UI","jp-tanvir","3","1739","998877001000940","998877002000940","5","1","1"
"pNOWJmthjFWEUBwJ42UI","jp-tanvir","4","346","998877001000941","998877002000941","4","1","0"
"pNOWJmthjFWEUBwJ42UI","jp-tanvir","999","1469","998877001000942","998877002000942","5","1","1"
"pNOWJmthjFWEUBwJ42UI","jp-tanvir","2","1415","998877001000943","998877002000943","4","1","0"
"pNOWJmthjFWEUBwJ42UI","jp-tanvir","4","778","998877001000944","998877002000944","5","1","1"
"pNOWJmthjFWEUBwJ42UI","jp-tanvir","1","359","998877001000945","998877002000945","4","1","0"
"pNOWJmthjFWEUBwJ42UI","jp-tanvir","2","918","998877001000946","998877002000946","5","1","1"
"pNOWJmthjFWEUBwJ42UI","jp-tanvir","999","333","998877001000947","998877002000947","4","1","0"
"pNOWJmthjFWEUBwJ42UI","jp-tanvir","999","141","998877001000948","998877002000948","5","1","1"
"pNOWJmthjFWEUBwJ42UI","jp-tanvir","2","744","998877001000949","998877002000949","4","1","0"
"pNOWJmthjFWEUBwJ42UI","jp-tanvir","2","1029","998877001000950","998877002000950","5","1","1"
"pNOWJmthjFWEUBwJ42UI","jp-tanvir","999","793","998877001000951","998877002000951","4","1","0"
"pNOWJmthjFWEUBwJ42UI","jp-tanvir","1","47","998877001000952","998877002000952","5","1","1"
"pNOWJmthjFWEUBwJ42UI","jp-tanvir","4","1626","998877001000953","998877002000953","4","1","0"
"pNOWJmthjFWEUBwJ42UI","jp-tanvir","4","1176","998877001000954","998877002000954","5","1","1"
"pNOWJmthjFWEUBwJ42UI","jp-tanvir","1","937","998877001000955","998877002000955","4","1","0"
"pNOWJmthjFWEUBwJ42UI","jp-tanvir","1","1902","998877001000956","998877002000956","5","1","1"
"pNOWJmthjFWEUBwJ42UI","jp-tanvir","3","903","998877001000957","998877002000957","4","1","0"
"pNOWJmthjFWEUBwJ42UI","jp-tanvir","3","1461","998877001000958","998877002000958","5","1","1"
"pNOWJmthjFWEUBwJ42UI","jp-tanvir","999","870","998877001000959","998877002000959","4","1","0"
"pNOWJmthjFWEUBwJ42UI","jp-tanvir","4","1761","998877001000960","998877002000960","5","1","1"
"pNOWJmthjFWEUBwJ42UI","jp-tanvir","1","1125","998877001000961","998877002000961","4","1","0"
"pNOWJmthjFWEUBwJ42UI","jp-tanvir","3","99","998877001000962","998877002000962","5","1","1"
"pNOWJmthjFWEUBwJ42UI","jp-tanvir","1","1453","998877001000963","998877002000963","4","1","0"
"pNOWJmthjFWEUBwJ42UI","jp-tanvir","2","1121","998877001000964","998877002000964","5","1","1"
"pNOWJmthjFWEUBwJ42UI","jp-tanvir","4","1983","998877001000965","998877002000965","4","1","0"
"pNOWJmthjFWEUBwJ42UI","jp-tanvir","3","377","998877001000966","998877002000966","5","1","1"
"pNOWJmthjFWEUBwJ42UI","jp-tanvir","2","1265","998877001000967","998877002000967","4","1","0"
"pNOWJmthjFWEUBwJ42UI","jp-tanvir","2","34","998877001000968","998877002000968","5","1","1"
"pNOWJmthjFWEUBwJ42UI","jp-tanvir","4","194","998877001000969","998877002000969","4","1","0"
"pNOWJmthjFWEUBwJ42UI","jp-tanvir","3","1053","998877001000970","998877002000970","5","1","1"
"pNOWJmthjFWEUBwJ42UI","jp-tanvir","1","126","998877001000971","998877002000971","4","1","0"
"pNOWJmthjFWEUBwJ42UI","jp-tanvir","2","1132","998877001000972","998877002000972","5","1","1"
"pNOWJmthjFWEUBwJ42UI","jp-tanvir","4","1048","998877001000973","998877002000973","4","1","0"
"pNOWJmthjFWEUBwJ42UI","jp-tanvir","1","784","998877001000974","998877002000974","5","1","1"
"pNOWJmthjFWEUBwJ42UI","jp-tanvir","4","272","998877001000975","998877002000975","4","1","0"
"pNOWJmthjFWEUBwJ42UI","jp-tanvir","4","1866","998877001000976","998877002000976","5","1","1"
"pNOWJmthjFWEUBwJ42UI","jp-tanvir","3","1381","998877001000977","998877002000977","4","1","0"
"pNOWJmthjFWEUBwJ42UI","jp-tanvir","2","1573","998877001000978","998877002000978","5","1","1"
"pNOWJmthjFWEUBwJ42UI","jp-tanvir","1","1640","998877001000979","998877002000979","4","1","0"
"pNOWJmthjFWEUBwJ42UI","jp-tanvir","999","1750","998877001000980","998877002000980","5","1","1"
"pNOWJmthjFWEUBwJ42UI","jp-tanvir","3","1001","998877001000981","998877002000981","4","1","0"
"pNOWJmthjFWEUBwJ42UI","jp-tanvir","4","1120","998877001000982","998877002000982","5","1","1"
"pNOWJmthjFWEUBwJ42UI","jp-tanvir","3","1987","998877001000983","998877002000983","4","1","0"
"pNOWJmthjFWEUBwJ42UI","jp-tanvir","3","1877","998877001000984","998877002000984","5","1","1"
"pNOWJmthjFWEUBwJ42UI","jp-tanvir","999","364","998877001000985","998877002000985","4","1","0"
"pNOWJmthjFWEUBwJ42UI","jp-tanvir","4","33","998877001000986","998877002000986","5","1","1"
"pNOWJmthjFWEUBwJ42UI","jp-tanvir","999","608","998877001000987","998877002000987","4","1","0"
"pNOWJmthjFWEUBwJ42UI","jp-tanvir","1","1673","998877001000988","998877002000988","5","1","1"
"pNOWJmthjFWEUBwJ42UI","jp-tanvir","2","478","998877001000989","998877002000989","4","1","0"
"pNOWJmthjFWEUBwJ42UI","jp-tanvir","999","294","998877001000990","998877002000990","5","1","1"
"pNOWJmthjFWEUBwJ42UI","jp-tanvir","2","1160","998877001000991","998877002000991","4","1","0"
"pNOWJmthjFWEUBwJ42UI","jp-tanvir","2","865","998877001000992","998877002000992","5","1","1"
"pNOWJmthjFWEUBwJ42UI","jp-tanvir","3","1562","998877001000993","998877002000993","4","1","0"
"pNOWJmthjFWEUBwJ42UI","jp-tanvir","3","97","998877001000994","998877002000994","5","1","1"
"pNOWJmthjFWEUBwJ42UI","jp-tanvir","3","571","998877001000995","998877002000995","4","1","0"
"pNOWJmthjFWEUBwJ42UI","jp-tanvir","4","1547","998877001000996","998877002000996","5","1","1"
"pNOWJmthjFWEUBwJ42UI","jp-tanvir","2","695","998877001000997","998877002000997","4","1","0"
"pNOWJmthjFWEUBwJ42UI","jp-tanvir","3","558","998877001000998","998877002000998","5","1","1"
"pNOWJmthjFWEUBwJ42UI","jp-tanvir","3","542","998877001000999","998877002000999","4","1","0"
"pNOWJmthjFWEUBwJ42UI","jp-tanvir","4","1583","998877001001000","998877002001000","5","1","1"