"vc9IOA90JQ2yxyT5loTl","BJIT_Tanvir","1","1642","788877001950001","788877002950001","2","1","0"
"vc9IOA90JQ2yxyT5loTl","BJIT_Tanvir","3","694","788877001950002","788877002950002","1","1","0"
"vc9IOA90JQ2yxyT5loTl","BJIT_Tanvir","2","1797","788877001950003","788877002950003","4","1","0"
"vc9IOA90JQ2yxyT5loTl","BJIT_Tanvir","1","236","788877001950004","788877002950004","3","1","0"
"vc9IOA90JQ2yxyT5loTl","BJIT_Tanvir","1","1772","788877001950005","788877002950005","5","1","0"
"vc9IOA90JQ2yxyT5loTl","BJIT_Tanvir","1","245","788877001950006","788877002950006","2","1","0"
"vc9IOA90JQ2yxyT5loTl","BJIT_Tanvir","3","117","788877001950007","788877002950007","4","1","0"
"vc9IOA90JQ2yxyT5loTl","BJIT_Tanvir","1","1783","788877001950008","788877002950008","5","1","0"
"vc9IOA90JQ2yxyT5loTl","BJIT_Tanvir","1","273","788877001950009","788877002950009","5","1","0"
"vc9IOA90JQ2yxyT5loTl","BJIT_Tanvir","3","1739","788877001950010","788877002950010","1","1","0"
"vc9IOA90JQ2yxyT5loTl","BJIT_Tanvir","2","120","788877001950011","788877002950011","1","1","0"
"vc9IOA90JQ2yxyT5loTl","BJIT_Tanvir","1","110","788877001950012","788877002950012","4","1","0"
"vc9IOA90JQ2yxyT5loTl","BJIT_Tanvir","2","271","788877001950013","788877002950013","1","1","0"
"vc9IOA90JQ2yxyT5loTl","BJIT_Tanvir","2","1326","788877001950014","788877002950014","5","1","0"
"vc9IOA90JQ2yxyT5loTl","BJIT_Tanvir","3","1381","788877001950015","788877002950015","2","1","0"
"vc9IOA90JQ2yxyT5loTl","BJIT_Tanvir","3","1862","788877001950016","788877002950016","1","1","0"
"vc9IOA90JQ2yxyT5loTl","BJIT_Tanvir","2","1052","788877001950017","788877002950017","3","1","0"
"vc9IOA90JQ2yxyT5loTl","BJIT_Tanvir","2","1799","788877001950018","788877002950018","5","1","0"
"vc9IOA90JQ2yxyT5loTl","BJIT_Tanvir","2","694","788877001950019","788877002950019","4","1","0"
"vc9IOA90JQ2yxyT5loTl","BJIT_Tanvir","3","1692","788877001950020","788877002950020","4","1","0"
"vc9IOA90JQ2yxyT5loTl","BJIT_Tanvir","2","141","788877001950021","788877002950021","4","1","0"
"vc9IOA90JQ2yxyT5loTl","BJIT_Tanvir","2","1515","788877001950022","788877002950022","4","1","0"
"vc9IOA90JQ2yxyT5loTl","BJIT_Tanvir","2","1124","788877001950023","788877002950023","2","1","0"
"vc9IOA90JQ2yxyT5loTl","BJIT_Tanvir","2","226","788877001950024","788877002950024","1","1","0"
"vc9IOA90JQ2yxyT5loTl","BJIT_Tanvir","1","862","788877001950025","788877002950025","2","1","0"
"vc9IOA90JQ2yxyT5loTl","BJIT_Tanvir","3","1159","788877001950026","788877002950026","3","1","0"
"vc9IOA90JQ2yxyT5loTl","BJIT_Tanvir","3","1748","788877001950027","788877002950027","2","1","0"
"vc9IOA90JQ2yxyT5loTl","BJIT_Tanvir","1","1475","788877001950028","788877002950028","5","1","0"
"vc9IOA90JQ2yxyT5loTl","BJIT_Tanvir","2","1314","788877001950029","788877002950029","5","1","0"
"vc9IOA90JQ2yxyT5loTl","BJIT_Tanvir","2","1845","788877001950030","788877002950030","4","1","0"
"vc9IOA90JQ2yxyT5loTl","BJIT_Tanvir","1","19","788877001950031","788877002950031","1","1","0"
"vc9IOA90JQ2yxyT5loTl","BJIT_Tanvir","2","1629","788877001950032","788877002950032","4","1","0"
"vc9IOA90JQ2yxyT5loTl","BJIT_Tanvir","3","1936","788877001950033","788877002950033","5","1","0"
"vc9IOA90JQ2yxyT5loTl","BJIT_Tanvir","3","177","788877001950034","788877002950034","4","1","0"
"vc9IOA90JQ2yxyT5loTl","BJIT_Tanvir","3","1300","788877001950035","788877002950035","1","1","0"
"vc9IOA90JQ2yxyT5loTl","BJIT_Tanvir","2","366","788877001950036","788877002950036","2","1","0"
"vc9IOA90JQ2yxyT5loTl","BJIT_Tanvir","3","1053","788877001950037","788877002950037","2","1","0"
"vc9IOA90JQ2yxyT5loTl","BJIT_Tanvir","1","1479","788877001950038","788877002950038","1","1","0"
"vc9IOA90JQ2yxyT5loTl","BJIT_Tanvir","2","148","788877001950039","788877002950039","5","1","0"
"vc9IOA90JQ2yxyT5loTl","BJIT_Tanvir","3","48","788877001950040","788877002950040","2","1","0"
"vc9IOA90JQ2yxyT5loTl","BJIT_Tanvir","1","201","788877001950041","788877002950041","1","1","0"
"vc9IOA90JQ2yxyT5loTl","BJIT_Tanvir","2","165","788877001950042","788877002950042","3","1","0"
"vc9IOA90JQ2yxyT5loTl","BJIT_Tanvir","3","48","788877001950043","788877002950043","3","1","0"
"vc9IOA90JQ2yxyT5loTl","BJIT_Tanvir","3","122","788877001950044","788877002950044","1","1","0"
"vc9IOA90JQ2yxyT5loTl","BJIT_Tanvir","1","432","788877001950045","788877002950045","3","1","0"
"vc9IOA90JQ2yxyT5loTl","BJIT_Tanvir","3","1639","788877001950046","788877002950046","5","1","0"
"vc9IOA90JQ2yxyT5loTl","BJIT_Tanvir","2","1766","788877001950047","788877002950047","3","1","0"
"vc9IOA90JQ2yxyT5loTl","BJIT_Tanvir","3","1706","788877001950048","788877002950048","3","1","0"
"vc9IOA90JQ2yxyT5loTl","BJIT_Tanvir","1","1417","788877001950049","788877002950049","4","1","0"
"vc9IOA90JQ2yxyT5loTl","BJIT_Tanvir","3","1592","788877001950050","788877002950050","1","1","0"
"vc9IOA90JQ2yxyT5loTl","BJIT_Tanvir","3","1205","788877001950051","788877002950051","5","1","0"
"vc9IOA90JQ2yxyT5loTl","BJIT_Tanvir","1","554","788877001950052","788877002950052","5","1","0"
"vc9IOA90JQ2yxyT5loTl","BJIT_Tanvir","2","1714","788877001950053","788877002950053","3","1","0"
"vc9IOA90JQ2yxyT5loTl","BJIT_Tanvir","3","1969","788877001950054","788877002950054","3","1","0"
"vc9IOA90JQ2yxyT5loTl","BJIT_Tanvir","2","826","788877001950055","788877002950055","4","1","0"
"vc9IOA90JQ2yxyT5loTl","BJIT_Tanvir","2","1863","788877001950056","788877002950056","3","1","0"
"vc9IOA90JQ2yxyT5loTl","BJIT_Tanvir","3","962","788877001950057","788877002950057","4","1","0"
"vc9IOA90JQ2yxyT5loTl","BJIT_Tanvir","2","1151","788877001950058","788877002950058","4","1","0"
"vc9IOA90JQ2yxyT5loTl","BJIT_Tanvir","1","1343","788877001950059","788877002950059","4","1","0"
"vc9IOA90JQ2yxyT5loTl","BJIT_Tanvir","1","1571","788877001950060","788877002950060","2","1","0"
"vc9IOA90JQ2yxyT5loTl","BJIT_Tanvir","1","965","788877001950061","788877002950061","3","1","0"
"vc9IOA90JQ2yxyT5loTl","BJIT_Tanvir","1","978","788877001950062","788877002950062","4","1","0"
"vc9IOA90JQ2yxyT5loTl","BJIT_Tanvir","1","1241","788877001950063","788877002950063","2","1","0"
"vc9IOA90JQ2yxyT5loTl","BJIT_Tanvir","2","1691","788877001950064","788877002950064","4","1","0"
"vc9IOA90JQ2yxyT5loTl","BJIT_Tanvir","3","1225","788877001950065","788877002950065","3","1","0"
"vc9IOA90JQ2yxyT5loTl","BJIT_Tanvir","3","1142","788877001950066","788877002950066","4","1","0"
"vc9IOA90JQ2yxyT5loTl","BJIT_Tanvir","2","1808","788877001950067","788877002950067","2","1","0"
"vc9IOA90JQ2yxyT5loTl","BJIT_Tanvir","2","1714","788877001950068","788877002950068","1","1","0"
"vc9IOA90JQ2yxyT5loTl","BJIT_Tanvir","2","904","788877001950069","788877002950069","5","1","0"
"vc9IOA90JQ2yxyT5loTl","BJIT_Tanvir","2","1679","788877001950070","788877002950070","1","1","0"
"vc9IOA90JQ2yxyT5loTl","BJIT_Tanvir","2","1371","788877001950071","788877002950071","2","1","0"
"vc9IOA90JQ2yxyT5loTl","BJIT_Tanvir","3","1615","788877001950072","788877002950072","5","1","0"
"vc9IOA90JQ2yxyT5loTl","BJIT_Tanvir","3","579","788877001950073","788877002950073","3","1","0"
"vc9IOA90JQ2yxyT5loTl","BJIT_Tanvir","3","307","788877001950074","788877002950074","4","1","0"
"vc9IOA90JQ2yxyT5loTl","BJIT_Tanvir","1","921","788877001950075","788877002950075","4","1","0"
"vc9IOA90JQ2yxyT5loTl","BJIT_Tanvir","1","1572","788877001950076","788877002950076","4","1","0"
"vc9IOA90JQ2yxyT5loTl","BJIT_Tanvir","1","1900","788877001950077","788877002950077","3","1","0"
"vc9IOA90JQ2yxyT5loTl","BJIT_Tanvir","1","393","788877001950078","788877002950078","3","1","0"
"vc9IOA90JQ2yxyT5loTl","BJIT_Tanvir","1","1472","788877001950079","788877002950079","3","1","0"
"vc9IOA90JQ2yxyT5loTl","BJIT_Tanvir","1","1840","788877001950080","788877002950080","5","1","0"
"vc9IOA90JQ2yxyT5loTl","BJIT_Tanvir","2","527","788877001950081","788877002950081","3","1","0"
"vc9IOA90JQ2yxyT5loTl","BJIT_Tanvir","2","1454","788877001950082","788877002950082","2","1","0"
"vc9IOA90JQ2yxyT5loTl","BJIT_Tanvir","2","460","788877001950083","788877002950083","4","1","0"
"vc9IOA90JQ2yxyT5loTl","BJIT_Tanvir","3","694","788877001950084","788877002950084","4","1","0"
"vc9IOA90JQ2yxyT5loTl","BJIT_Tanvir","3","128","788877001950085","788877002950085","4","1","0"
"vc9IOA90JQ2yxyT5loTl","BJIT_Tanvir","3","305","788877001950086","788877002950086","4","1","0"
"vc9IOA90JQ2yxyT5loTl","BJIT_Tanvir","1","1809","788877001950087","788877002950087","4","1","0"
"vc9IOA90JQ2yxyT5loTl","BJIT_Tanvir","2","324","788877001950088","788877002950088","2","1","0"
"vc9IOA90JQ2yxyT5loTl","BJIT_Tanvir","1","996","788877001950089","788877002950089","5","1","0"
"vc9IOA90JQ2yxyT5loTl","BJIT_Tanvir","2","610","788877001950090","788877002950090","3","1","0"
"vc9IOA90JQ2yxyT5loTl","BJIT_Tanvir","1","1298","788877001950091","788877002950091","1","1","0"
"vc9IOA90JQ2yxyT5loTl","BJIT_Tanvir","2","184","788877001950092","788877002950092","1","1","0"
"vc9IOA90JQ2yxyT5loTl","BJIT_Tanvir","3","1523","788877001950093","788877002950093","1","1","0"
"vc9IOA90JQ2yxyT5loTl","BJIT_Tanvir","2","1997","788877001950094","788877002950094","5","1","0"
"vc9IOA90JQ2yxyT5loTl","BJIT_Tanvir","2","581","788877001950095","788877002950095","5","1","0"
"vc9IOA90JQ2yxyT5loTl","BJIT_Tanvir","1","1214","788877001950096","788877002950096","3","1","0"
"vc9IOA90JQ2yxyT5loTl","BJIT_Tanvir","3","1043","788877001950097","788877002950097","2","1","0"
"vc9IOA90JQ2yxyT5loTl","BJIT_Tanvir","2","595","788877001950098","788877002950098","1","1","0"
"vc9IOA90JQ2yxyT5loTl","BJIT_Tanvir","1","302","788877001950099","788877002950099","5","1","0"
"vc9IOA90JQ2yxyT5loTl","BJIT_Tanvir","1","351","788877001950100","788877002950100","4","1","0"
"vc9IOA90JQ2yxyT5loTl","BJIT_Tanvir","2","1140","788877001950101","788877002950101","4","1","0"
"vc9IOA90JQ2yxyT5loTl","BJIT_Tanvir","2","761","788877001950102","788877002950102","3","1","0"
"vc9IOA90JQ2yxyT5loTl","BJIT_Tanvir","3","1391","788877001950103","788877002950103","2","1","0"
"vc9IOA90JQ2yxyT5loTl","BJIT_Tanvir","2","1765","788877001950104","788877002950104","1","1","0"
"vc9IOA90JQ2yxyT5loTl","BJIT_Tanvir","3","753","788877001950105","788877002950105","2","1","0"
"vc9IOA90JQ2yxyT5loTl","BJIT_Tanvir","3","1992","788877001950106","788877002950106","1","1","0"
"vc9IOA90JQ2yxyT5loTl","BJIT_Tanvir","1","1777","788877001950107","788877002950107","2","1","0"
"vc9IOA90JQ2yxyT5loTl","BJIT_Tanvir","2","8","788877001950108","788877002950108","4","1","0"
"vc9IOA90JQ2yxyT5loTl","BJIT_Tanvir","2","1793","788877001950109","788877002950109","1","1","0"
"vc9IOA90JQ2yxyT5loTl","BJIT_Tanvir","1","1329","788877001950110","788877002950110","5","1","0"
"vc9IOA90JQ2yxyT5loTl","BJIT_Tanvir","3","455","788877001950111","788877002950111","3","1","0"
"vc9IOA90JQ2yxyT5loTl","BJIT_Tanvir","1","1695","788877001950112","788877002950112","2","1","0"
"vc9IOA90JQ2yxyT5loTl","BJIT_Tanvir","2","1944","788877001950113","788877002950113","5","1","0"
"vc9IOA90JQ2yxyT5loTl","BJIT_Tanvir","3","943","788877001950114","788877002950114","2","1","0"
"vc9IOA90JQ2yxyT5loTl","BJIT_Tanvir","3","1383","788877001950115","788877002950115","1","1","0"
"vc9IOA90JQ2yxyT5loTl","BJIT_Tanvir","1","831","788877001950116","788877002950116","3","1","0"
"vc9IOA90JQ2yxyT5loTl","BJIT_Tanvir","2","154","788877001950117","788877002950117","2","1","0"
"vc9IOA90JQ2yxyT5loTl","BJIT_Tanvir","2","597","788877001950118","788877002950118","1","1","0"
"vc9IOA90JQ2yxyT5loTl","BJIT_Tanvir","2","485","788877001950119","788877002950119","3","1","0"
"vc9IOA90JQ2yxyT5loTl","BJIT_Tanvir","1","1533","788877001950120","788877002950120","3","1","0"
"vc9IOA90JQ2yxyT5loTl","BJIT_Tanvir","1","353","788877001950121","788877002950121","3","1","0"
"vc9IOA90JQ2yxyT5loTl","BJIT_Tanvir","1","1677","788877001950122","788877002950122","5","1","0"
"vc9IOA90JQ2yxyT5loTl","BJIT_Tanvir","2","256","788877001950123","788877002950123","1","1","0"
"vc9IOA90JQ2yxyT5loTl","BJIT_Tanvir","3","1766","788877001950124","788877002950124","3","1","0"
"vc9IOA90JQ2yxyT5loTl","BJIT_Tanvir","2","1490","788877001950125","788877002950125","3","1","0"
"vc9IOA90JQ2yxyT5loTl","BJIT_Tanvir","2","8","788877001950126","788877002950126","2","1","0"
"vc9IOA90JQ2yxyT5loTl","BJIT_Tanvir","2","1969","788877001950127","788877002950127","4","1","0"
"vc9IOA90JQ2yxyT5loTl","BJIT_Tanvir","1","422","788877001950128","788877002950128","1","1","0"
"vc9IOA90JQ2yxyT5loTl","BJIT_Tanvir","3","1393","788877001950129","788877002950129","3","1","0"
"vc9IOA90JQ2yxyT5loTl","BJIT_Tanvir","1","1751","788877001950130","788877002950130","5","1","0"
"vc9IOA90JQ2yxyT5loTl","BJIT_Tanvir","1","3","788877001950131","788877002950131","3","1","0"
"vc9IOA90JQ2yxyT5loTl","BJIT_Tanvir","3","567","788877001950132","788877002950132","2","1","0"
"vc9IOA90JQ2yxyT5loTl","BJIT_Tanvir","2","1643","788877001950133","788877002950133","4","1","0"
"vc9IOA90JQ2yxyT5loTl","BJIT_Tanvir","1","1906","788877001950134","788877002950134","3","1","0"
"vc9IOA90JQ2yxyT5loTl","BJIT_Tanvir","3","1840","788877001950135","788877002950135","5","1","0"
"vc9IOA90JQ2yxyT5loTl","BJIT_Tanvir","2","1478","788877001950136","788877002950136","5","1","0"
"vc9IOA90JQ2yxyT5loTl","BJIT_Tanvir","2","253","788877001950137","788877002950137","2","1","0"
"vc9IOA90JQ2yxyT5loTl","BJIT_Tanvir","2","1221","788877001950138","788877002950138","3","1","0"
"vc9IOA90JQ2yxyT5loTl","BJIT_Tanvir","1","1110","788877001950139","788877002950139","1","1","0"
"vc9IOA90JQ2yxyT5loTl","BJIT_Tanvir","2","996","788877001950140","788877002950140","2","1","0"
"vc9IOA90JQ2yxyT5loTl","BJIT_Tanvir","2","1645","788877001950141","788877002950141","4","1","0"
"vc9IOA90JQ2yxyT5loTl","BJIT_Tanvir","1","1514","788877001950142","788877002950142","4","1","0"
"vc9IOA90JQ2yxyT5loTl","BJIT_Tanvir","2","1578","788877001950143","788877002950143","4","1","0"
"vc9IOA90JQ2yxyT5loTl","BJIT_Tanvir","2","1222","788877001950144","788877002950144","4","1","0"
"vc9IOA90JQ2yxyT5loTl","BJIT_Tanvir","3","1950","788877001950145","788877002950145","4","1","0"
"vc9IOA90JQ2yxyT5loTl","BJIT_Tanvir","2","1305","788877001950146","788877002950146","1","1","0"
"vc9IOA90JQ2yxyT5loTl","BJIT_Tanvir","2","1396","788877001950147","788877002950147","1","1","0"
"vc9IOA90JQ2yxyT5loTl","BJIT_Tanvir","1","1816","788877001950148","788877002950148","2","1","0"
"vc9IOA90JQ2yxyT5loTl","BJIT_Tanvir","3","1723","788877001950149","788877002950149","1","1","0"
"vc9IOA90JQ2yxyT5loTl","BJIT_Tanvir","2","323","788877001950150","788877002950150","4","1","0"
"vc9IOA90JQ2yxyT5loTl","BJIT_Tanvir","3","584","788877001950151","788877002950151","5","1","0"
"vc9IOA90JQ2yxyT5loTl","BJIT_Tanvir","3","1421","788877001950152","788877002950152","4","1","0"
"vc9IOA90JQ2yxyT5loTl","BJIT_Tanvir","3","670","788877001950153","788877002950153","2","1","0"
"vc9IOA90JQ2yxyT5loTl","BJIT_Tanvir","1","586","788877001950154","788877002950154","1","1","0"
"vc9IOA90JQ2yxyT5loTl","BJIT_Tanvir","3","216","788877001950155","788877002950155","4","1","0"
"vc9IOA90JQ2yxyT5loTl","BJIT_Tanvir","2","489","788877001950156","788877002950156","5","1","0"
"vc9IOA90JQ2yxyT5loTl","BJIT_Tanvir","1","1411","788877001950157","788877002950157","4","1","0"
"vc9IOA90JQ2yxyT5loTl","BJIT_Tanvir","1","392","788877001950158","788877002950158","4","1","0"
"vc9IOA90JQ2yxyT5loTl","BJIT_Tanvir","1","1132","788877001950159","788877002950159","3","1","0"
"vc9IOA90JQ2yxyT5loTl","BJIT_Tanvir","3","465","788877001950160","788877002950160","3","1","0"
"vc9IOA90JQ2yxyT5loTl","BJIT_Tanvir","2","1421","788877001950161","788877002950161","4","1","0"
"vc9IOA90JQ2yxyT5loTl","BJIT_Tanvir","3","1442","788877001950162","788877002950162","5","1","0"
"vc9IOA90JQ2yxyT5loTl","BJIT_Tanvir","2","376","788877001950163","788877002950163","4","1","0"
"vc9IOA90JQ2yxyT5loTl","BJIT_Tanvir","1","584","788877001950164","788877002950164","5","1","0"
"vc9IOA90JQ2yxyT5loTl","BJIT_Tanvir","1","1972","788877001950165","788877002950165","3","1","0"
"vc9IOA90JQ2yxyT5loTl","BJIT_Tanvir","3","1105","788877001950166","788877002950166","2","1","0"
"vc9IOA90JQ2yxyT5loTl","BJIT_Tanvir","3","739","788877001950167","788877002950167","2","1","0"
"vc9IOA90JQ2yxyT5loTl","BJIT_Tanvir","3","1283","788877001950168","788877002950168","2","1","0"
"vc9IOA90JQ2yxyT5loTl","BJIT_Tanvir","2","1241","788877001950169","788877002950169","4","1","0"
"vc9IOA90JQ2yxyT5loTl","BJIT_Tanvir","3","442","788877001950170","788877002950170","2","1","0"
"vc9IOA90JQ2yxyT5loTl","BJIT_Tanvir","1","601","788877001950171","788877002950171","2","1","0"
"vc9IOA90JQ2yxyT5loTl","BJIT_Tanvir","3","1363","788877001950172","788877002950172","4","1","0"
"vc9IOA90JQ2yxyT5loTl","BJIT_Tanvir","3","245","788877001950173","788877002950173","3","1","0"
"vc9IOA90JQ2yxyT5loTl","BJIT_Tanvir","2","1542","788877001950174","788877002950174","3","1","0"
"vc9IOA90JQ2yxyT5loTl","BJIT_Tanvir","1","480","788877001950175","788877002950175","5","1","0"
"vc9IOA90JQ2yxyT5loTl","BJIT_Tanvir","1","1725","788877001950176","788877002950176","5","1","0"
"vc9IOA90JQ2yxyT5loTl","BJIT_Tanvir","2","1305","788877001950177","788877002950177","2","1","0"
"vc9IOA90JQ2yxyT5loTl","BJIT_Tanvir","2","1895","788877001950178","788877002950178","4","1","0"
"vc9IOA90JQ2yxyT5loTl","BJIT_Tanvir","3","753","788877001950179","788877002950179","5","1","0"
"vc9IOA90JQ2yxyT5loTl","BJIT_Tanvir","1","1599","788877001950180","788877002950180","2","1","0"
"vc9IOA90JQ2yxyT5loTl","BJIT_Tanvir","3","760","788877001950181","788877002950181","2","1","0"
"vc9IOA90JQ2yxyT5loTl","BJIT_Tanvir","2","816","788877001950182","788877002950182","5","1","0"
"vc9IOA90JQ2yxyT5loTl","BJIT_Tanvir","2","627","788877001950183","788877002950183","2","1","0"
"vc9IOA90JQ2yxyT5loTl","BJIT_Tanvir","3","864","788877001950184","788877002950184","4","1","0"
"vc9IOA90JQ2yxyT5loTl","BJIT_Tanvir","3","1392","788877001950185","788877002950185","3","1","0"
"vc9IOA90JQ2yxyT5loTl","BJIT_Tanvir","2","1866","788877001950186","788877002950186","4","1","0"
"vc9IOA90JQ2yxyT5loTl","BJIT_Tanvir","3","1494","788877001950187","788877002950187","1","1","0"
"vc9IOA90JQ2yxyT5loTl","BJIT_Tanvir","2","967","788877001950188","788877002950188","2","1","0"
"vc9IOA90JQ2yxyT5loTl","BJIT_Tanvir","2","1395","788877001950189","788877002950189","2","1","0"
"vc9IOA90JQ2yxyT5loTl","BJIT_Tanvir","1","1911","788877001950190","788877002950190","3","1","0"
"vc9IOA90JQ2yxyT5loTl","BJIT_Tanvir","1","421","788877001950191","788877002950191","1","1","0"
"vc9IOA90JQ2yxyT5loTl","BJIT_Tanvir","2","1622","788877001950192","788877002950192","2","1","0"
"vc9IOA90JQ2yxyT5loTl","BJIT_Tanvir","3","400","788877001950193","788877002950193","4","1","0"
"vc9IOA90JQ2yxyT5loTl","BJIT_Tanvir","3","408","788877001950194","788877002950194","4","1","0"
"vc9IOA90JQ2yxyT5loTl","BJIT_Tanvir","3","1668","788877001950195","788877002950195","1","1","0"
"vc9IOA90JQ2yxyT5loTl","BJIT_Tanvir","2","157","788877001950196","788877002950196","3","1","0"
"vc9IOA90JQ2yxyT5loTl","BJIT_Tanvir","2","975","788877001950197","788877002950197","4","1","0"
"vc9IOA90JQ2yxyT5loTl","BJIT_Tanvir","3","302","788877001950198","788877002950198","2","1","0"
"vc9IOA90JQ2yxyT5loTl","BJIT_Tanvir","1","700","788877001950199","788877002950199","3","1","0"
"vc9IOA90JQ2yxyT5loTl","BJIT_Tanvir","2","131","788877001950200","788877002950200","3","1","0"
"vc9IOA90JQ2yxyT5loTl","BJIT_Tanvir","2","1035","788877001950201","788877002950201","2","1","0"
"vc9IOA90JQ2yxyT5loTl","BJIT_Tanvir","3","733","788877001950202","788877002950202","2","1","0"
"vc9IOA90JQ2yxyT5loTl","BJIT_Tanvir","1","25","788877001950203","788877002950203","5","1","0"
"vc9IOA90JQ2yxyT5loTl","BJIT_Tanvir","2","1717","788877001950204","788877002950204","1","1","0"
"vc9IOA90JQ2yxyT5loTl","BJIT_Tanvir","2","792","788877001950205","788877002950205","5","1","0"
"vc9IOA90JQ2yxyT5loTl","BJIT_Tanvir","3","447","788877001950206","788877002950206","2","1","0"
"vc9IOA90JQ2yxyT5loTl","BJIT_Tanvir","1","406","788877001950207","788877002950207","3","1","0"
"vc9IOA90JQ2yxyT5loTl","BJIT_Tanvir","1","1975","788877001950208","788877002950208","4","1","0"
"vc9IOA90JQ2yxyT5loTl","BJIT_Tanvir","1","491","788877001950209","788877002950209","3","1","0"
"vc9IOA90JQ2yxyT5loTl","BJIT_Tanvir","3","1983","788877001950210","788877002950210","1","1","0"
"vc9IOA90JQ2yxyT5loTl","BJIT_Tanvir","3","775","788877001950211","788877002950211","4","1","0"
"vc9IOA90JQ2yxyT5loTl","BJIT_Tanvir","3","343","788877001950212","788877002950212","4","1","0"
"vc9IOA90JQ2yxyT5loTl","BJIT_Tanvir","1","1502","788877001950213","788877002950213","3","1","0"
"vc9IOA90JQ2yxyT5loTl","BJIT_Tanvir","3","319","788877001950214","788877002950214","2","1","0"
"vc9IOA90JQ2yxyT5loTl","BJIT_Tanvir","2","219","788877001950215","788877002950215","2","1","0"
"vc9IOA90JQ2yxyT5loTl","BJIT_Tanvir","3","750","788877001950216","788877002950216","3","1","0"
"vc9IOA90JQ2yxyT5loTl","BJIT_Tanvir","2","1062","788877001950217","788877002950217","1","1","0"
"vc9IOA90JQ2yxyT5loTl","BJIT_Tanvir","1","1368","788877001950218","788877002950218","1","1","0"
"vc9IOA90JQ2yxyT5loTl","BJIT_Tanvir","2","1354","788877001950219","788877002950219","2","1","0"
"vc9IOA90JQ2yxyT5loTl","BJIT_Tanvir","3","978","788877001950220","788877002950220","3","1","0"
"vc9IOA90JQ2yxyT5loTl","BJIT_Tanvir","1","308","788877001950221","788877002950221","3","1","0"
"vc9IOA90JQ2yxyT5loTl","BJIT_Tanvir","3","1763","788877001950222","788877002950222","5","1","0"
"vc9IOA90JQ2yxyT5loTl","BJIT_Tanvir","1","970","788877001950223","788877002950223","2","1","0"
"vc9IOA90JQ2yxyT5loTl","BJIT_Tanvir","3","1605","788877001950224","788877002950224","3","1","0"
"vc9IOA90JQ2yxyT5loTl","BJIT_Tanvir","1","236","788877001950225","788877002950225","1","1","0"
"vc9IOA90JQ2yxyT5loTl","BJIT_Tanvir","2","1090","788877001950226","788877002950226","2","1","0"
"vc9IOA90JQ2yxyT5loTl","BJIT_Tanvir","3","1047","788877001950227","788877002950227","4","1","0"
"vc9IOA90JQ2yxyT5loTl","BJIT_Tanvir","2","1798","788877001950228","788877002950228","2","1","0"
"vc9IOA90JQ2yxyT5loTl","BJIT_Tanvir","3","929","788877001950229","788877002950229","1","1","0"
"vc9IOA90JQ2yxyT5loTl","BJIT_Tanvir","1","575","788877001950230","788877002950230","1","1","0"
"vc9IOA90JQ2yxyT5loTl","BJIT_Tanvir","3","150","788877001950231","788877002950231","1","1","0"
"vc9IOA90JQ2yxyT5loTl","BJIT_Tanvir","3","1404","788877001950232","788877002950232","2","1","0"
"vc9IOA90JQ2yxyT5loTl","BJIT_Tanvir","2","1793","788877001950233","788877002950233","2","1","0"
"vc9IOA90JQ2yxyT5loTl","BJIT_Tanvir","2","622","788877001950234","788877002950234","1","1","0"
"vc9IOA90JQ2yxyT5loTl","BJIT_Tanvir","3","325","788877001950235","788877002950235","5","1","0"
"vc9IOA90JQ2yxyT5loTl","BJIT_Tanvir","3","415","788877001950236","788877002950236","3","1","0"
"vc9IOA90JQ2yxyT5loTl","BJIT_Tanvir","3","618","788877001950237","788877002950237","5","1","0"
"vc9IOA90JQ2yxyT5loTl","BJIT_Tanvir","2","61","788877001950238","788877002950238","2","1","0"
"vc9IOA90JQ2yxyT5loTl","BJIT_Tanvir","3","1436","788877001950239","788877002950239","1","1","0"
"vc9IOA90JQ2yxyT5loTl","BJIT_Tanvir","2","1236","788877001950240","788877002950240","1","1","0"
"vc9IOA90JQ2yxyT5loTl","BJIT_Tanvir","3","725","788877001950241","788877002950241","3","1","0"
"vc9IOA90JQ2yxyT5loTl","BJIT_Tanvir","1","117","788877001950242","788877002950242","4","1","0"
"vc9IOA90JQ2yxyT5loTl","BJIT_Tanvir","1","1751","788877001950243","788877002950243","2","1","0"
"vc9IOA90JQ2yxyT5loTl","BJIT_Tanvir","1","1134","788877001950244","788877002950244","1","1","0"
"vc9IOA90JQ2yxyT5loTl","BJIT_Tanvir","3","22","788877001950245","788877002950245","3","1","0"
"vc9IOA90JQ2yxyT5loTl","BJIT_Tanvir","1","1909","788877001950246","788877002950246","4","1","0"
"vc9IOA90JQ2yxyT5loTl","BJIT_Tanvir","2","1552","788877001950247","788877002950247","3","1","0"
"vc9IOA90JQ2yxyT5loTl","BJIT_Tanvir","1","1446","788877001950248","788877002950248","2","1","0"
"vc9IOA90JQ2yxyT5loTl","BJIT_Tanvir","2","244","788877001950249","788877002950249","2","1","0"
"vc9IOA90JQ2yxyT5loTl","BJIT_Tanvir","3","1295","788877001950250","788877002950250","1","1","0"
"vc9IOA90JQ2yxyT5loTl","BJIT_Tanvir","2","1020","788877001950251","788877002950251","3","1","0"
"vc9IOA90JQ2yxyT5loTl","BJIT_Tanvir","1","1005","788877001950252","788877002950252","1","1","0"
"vc9IOA90JQ2yxyT5loTl","BJIT_Tanvir","3","1171","788877001950253","788877002950253","1","1","0"
"vc9IOA90JQ2yxyT5loTl","BJIT_Tanvir","1","1051","788877001950254","788877002950254","2","1","0"
"vc9IOA90JQ2yxyT5loTl","BJIT_Tanvir","1","1687","788877001950255","788877002950255","1","1","0"
"vc9IOA90JQ2yxyT5loTl","BJIT_Tanvir","3","1316","788877001950256","788877002950256","2","1","0"
"vc9IOA90JQ2yxyT5loTl","BJIT_Tanvir","3","1027","788877001950257","788877002950257","5","1","0"
"vc9IOA90JQ2yxyT5loTl","BJIT_Tanvir","2","1867","788877001950258","788877002950258","2","1","0"
"vc9IOA90JQ2yxyT5loTl","BJIT_Tanvir","3","1075","788877001950259","788877002950259","1","1","0"
"vc9IOA90JQ2yxyT5loTl","BJIT_Tanvir","2","858","788877001950260","788877002950260","3","1","0"
"vc9IOA90JQ2yxyT5loTl","BJIT_Tanvir","3","511","788877001950261","788877002950261","5","1","0"
"vc9IOA90JQ2yxyT5loTl","BJIT_Tanvir","2","1619","788877001950262","788877002950262","1","1","0"
"vc9IOA90JQ2yxyT5loTl","BJIT_Tanvir","2","871","788877001950263","788877002950263","4","1","0"
"vc9IOA90JQ2yxyT5loTl","BJIT_Tanvir","3","1496","788877001950264","788877002950264","5","1","0"
"vc9IOA90JQ2yxyT5loTl","BJIT_Tanvir","1","681","788877001950265","788877002950265","3","1","0"
"vc9IOA90JQ2yxyT5loTl","BJIT_Tanvir","3","903","788877001950266","788877002950266","5","1","0"
"vc9IOA90JQ2yxyT5loTl","BJIT_Tanvir","1","1860","788877001950267","788877002950267","2","1","0"
"vc9IOA90JQ2yxyT5loTl","BJIT_Tanvir","1","890","788877001950268","788877002950268","4","1","0"
"vc9IOA90JQ2yxyT5loTl","BJIT_Tanvir","2","52","788877001950269","788877002950269","3","1","0"
"vc9IOA90JQ2yxyT5loTl","BJIT_Tanvir","2","1499","788877001950270","788877002950270","1","1","0"
"vc9IOA90JQ2yxyT5loTl","BJIT_Tanvir","2","1190","788877001950271","788877002950271","5","1","0"
"vc9IOA90JQ2yxyT5loTl","BJIT_Tanvir","1","1129","788877001950272","788877002950272","4","1","0"
"vc9IOA90JQ2yxyT5loTl","BJIT_Tanvir","3","153","788877001950273","788877002950273","4","1","0"
"vc9IOA90JQ2yxyT5loTl","BJIT_Tanvir","1","12","788877001950274","788877002950274","1","1","0"
"vc9IOA90JQ2yxyT5loTl","BJIT_Tanvir","1","1276","788877001950275","788877002950275","2","1","0"
"vc9IOA90JQ2yxyT5loTl","BJIT_Tanvir","1","1252","788877001950276","788877002950276","3","1","0"
"vc9IOA90JQ2yxyT5loTl","BJIT_Tanvir","2","1285","788877001950277","788877002950277","5","1","0"
"vc9IOA90JQ2yxyT5loTl","BJIT_Tanvir","1","1646","788877001950278","788877002950278","3","1","0"
"vc9IOA90JQ2yxyT5loTl","BJIT_Tanvir","3","1066","788877001950279","788877002950279","4","1","0"
"vc9IOA90JQ2yxyT5loTl","BJIT_Tanvir","3","504","788877001950280","788877002950280","2","1","0"
"vc9IOA90JQ2yxyT5loTl","BJIT_Tanvir","2","1256","788877001950281","788877002950281","3","1","0"
"vc9IOA90JQ2yxyT5loTl","BJIT_Tanvir","3","345","788877001950282","788877002950282","2","1","0"
"vc9IOA90JQ2yxyT5loTl","BJIT_Tanvir","3","1490","788877001950283","788877002950283","1","1","0"
"vc9IOA90JQ2yxyT5loTl","BJIT_Tanvir","2","585","788877001950284","788877002950284","2","1","0"
"vc9IOA90JQ2yxyT5loTl","BJIT_Tanvir","1","679","788877001950285","788877002950285","2","1","0"
"vc9IOA90JQ2yxyT5loTl","BJIT_Tanvir","1","1460","788877001950286","788877002950286","4","1","0"
"vc9IOA90JQ2yxyT5loTl","BJIT_Tanvir","2","246","788877001950287","788877002950287","4","1","0"
"vc9IOA90JQ2yxyT5loTl","BJIT_Tanvir","2","1498","788877001950288","788877002950288","1","1","0"
"vc9IOA90JQ2yxyT5loTl","BJIT_Tanvir","1","1650","788877001950289","788877002950289","2","1","0"
"vc9IOA90JQ2yxyT5loTl","BJIT_Tanvir","1","1215","788877001950290","788877002950290","5","1","0"
"vc9IOA90JQ2yxyT5loTl","BJIT_Tanvir","3","1050","788877001950291","788877002950291","5","1","0"
"vc9IOA90JQ2yxyT5loTl","BJIT_Tanvir","2","1664","788877001950292","788877002950292","5","1","0"
"vc9IOA90JQ2yxyT5loTl","BJIT_Tanvir","3","1397","788877001950293","788877002950293","4","1","0"
"vc9IOA90JQ2yxyT5loTl","BJIT_Tanvir","3","1121","788877001950294","788877002950294","3","1","0"
"vc9IOA90JQ2yxyT5loTl","BJIT_Tanvir","2","332","788877001950295","788877002950295","4","1","0"
"vc9IOA90JQ2yxyT5loTl","BJIT_Tanvir","2","428","788877001950296","788877002950296","5","1","0"
"vc9IOA90JQ2yxyT5loTl","BJIT_Tanvir","3","1033","788877001950297","788877002950297","5","1","0"
"vc9IOA90JQ2yxyT5loTl","BJIT_Tanvir","2","726","788877001950298","788877002950298","5","1","0"
"vc9IOA90JQ2yxyT5loTl","BJIT_Tanvir","2","1678","788877001950299","788877002950299","3","1","0"
"vc9IOA90JQ2yxyT5loTl","BJIT_Tanvir","3","1378","788877001950300","788877002950300","3","1","0"
"vc9IOA90JQ2yxyT5loTl","BJIT_Tanvir","2","46","788877001950301","788877002950301","5","1","0"
"vc9IOA90JQ2yxyT5loTl","BJIT_Tanvir","1","867","788877001950302","788877002950302","3","1","0"
"vc9IOA90JQ2yxyT5loTl","BJIT_Tanvir","3","975","788877001950303","788877002950303","2","1","0"
"vc9IOA90JQ2yxyT5loTl","BJIT_Tanvir","1","522","788877001950304","788877002950304","4","1","0"
"vc9IOA90JQ2yxyT5loTl","BJIT_Tanvir","1","799","788877001950305","788877002950305","5","1","0"
"vc9IOA90JQ2yxyT5loTl","BJIT_Tanvir","2","1240","788877001950306","788877002950306","1","1","0"
"vc9IOA90JQ2yxyT5loTl","BJIT_Tanvir","1","1659","788877001950307","788877002950307","2","1","0"
"vc9IOA90JQ2yxyT5loTl","BJIT_Tanvir","1","218","788877001950308","788877002950308","4","1","0"
"vc9IOA90JQ2yxyT5loTl","BJIT_Tanvir","3","406","788877001950309","788877002950309","3","1","0"
"vc9IOA90JQ2yxyT5loTl","BJIT_Tanvir","1","1444","788877001950310","788877002950310","3","1","0"
"vc9IOA90JQ2yxyT5loTl","BJIT_Tanvir","1","1839","788877001950311","788877002950311","5","1","0"
"vc9IOA90JQ2yxyT5loTl","BJIT_Tanvir","3","130","788877001950312","788877002950312","2","1","0"
"vc9IOA90JQ2yxyT5loTl","BJIT_Tanvir","3","1375","788877001950313","788877002950313","2","1","0"
"vc9IOA90JQ2yxyT5loTl","BJIT_Tanvir","2","1069","788877001950314","788877002950314","2","1","0"
"vc9IOA90JQ2yxyT5loTl","BJIT_Tanvir","2","515","788877001950315","788877002950315","5","1","0"
"vc9IOA90JQ2yxyT5loTl","BJIT_Tanvir","3","1108","788877001950316","788877002950316","4","1","0"
"vc9IOA90JQ2yxyT5loTl","BJIT_Tanvir","3","1593","788877001950317","788877002950317","1","1","0"
"vc9IOA90JQ2yxyT5loTl","BJIT_Tanvir","1","933","788877001950318","788877002950318","2","1","0"
"vc9IOA90JQ2yxyT5loTl","BJIT_Tanvir","1","1345","788877001950319","788877002950319","4","1","0"
"vc9IOA90JQ2yxyT5loTl","BJIT_Tanvir","2","481","788877001950320","788877002950320","2","1","0"
"vc9IOA90JQ2yxyT5loTl","BJIT_Tanvir","1","274","788877001950321","788877002950321","2","1","0"
"vc9IOA90JQ2yxyT5loTl","BJIT_Tanvir","2","493","788877001950322","788877002950322","2","1","0"
"vc9IOA90JQ2yxyT5loTl","BJIT_Tanvir","3","1365","788877001950323","788877002950323","5","1","0"
"vc9IOA90JQ2yxyT5loTl","BJIT_Tanvir","3","1726","788877001950324","788877002950324","4","1","0"
"vc9IOA90JQ2yxyT5loTl","BJIT_Tanvir","3","699","788877001950325","788877002950325","5","1","0"
"vc9IOA90JQ2yxyT5loTl","BJIT_Tanvir","2","1893","788877001950326","788877002950326","3","1","0"
"vc9IOA90JQ2yxyT5loTl","BJIT_Tanvir","1","1176","788877001950327","788877002950327","3","1","0"
"vc9IOA90JQ2yxyT5loTl","BJIT_Tanvir","3","862","788877001950328","788877002950328","1","1","0"
"vc9IOA90JQ2yxyT5loTl","BJIT_Tanvir","1","395","788877001950329","788877002950329","5","1","0"
"vc9IOA90JQ2yxyT5loTl","BJIT_Tanvir","2","1452","788877001950330","788877002950330","4","1","0"
"vc9IOA90JQ2yxyT5loTl","BJIT_Tanvir","2","854","788877001950331","788877002950331","5","1","0"
"vc9IOA90JQ2yxyT5loTl","BJIT_Tanvir","2","642","788877001950332","788877002950332","2","1","0"
"vc9IOA90JQ2yxyT5loTl","BJIT_Tanvir","3","404","788877001950333","788877002950333","2","1","0"
"vc9IOA90JQ2yxyT5loTl","BJIT_Tanvir","1","1832","788877001950334","788877002950334","3","1","0"
"vc9IOA90JQ2yxyT5loTl","BJIT_Tanvir","3","1452","788877001950335","788877002950335","3","1","0"
"vc9IOA90JQ2yxyT5loTl","BJIT_Tanvir","1","61","788877001950336","788877002950336","3","1","0"
"vc9IOA90JQ2yxyT5loTl","BJIT_Tanvir","3","336","788877001950337","788877002950337","1","1","0"
"vc9IOA90JQ2yxyT5loTl","BJIT_Tanvir","1","1217","788877001950338","788877002950338","1","1","0"
"vc9IOA90JQ2yxyT5loTl","BJIT_Tanvir","2","363","788877001950339","788877002950339","1","1","0"
"vc9IOA90JQ2yxyT5loTl","BJIT_Tanvir","1","177","788877001950340","788877002950340","1","1","0"
"vc9IOA90JQ2yxyT5loTl","BJIT_Tanvir","1","103","788877001950341","788877002950341","3","1","0"
"vc9IOA90JQ2yxyT5loTl","BJIT_Tanvir","1","1419","788877001950342","788877002950342","3","1","0"
"vc9IOA90JQ2yxyT5loTl","BJIT_Tanvir","2","258","788877001950343","788877002950343","1","1","0"
"vc9IOA90JQ2yxyT5loTl","BJIT_Tanvir","2","1273","788877001950344","788877002950344","1","1","0"
"vc9IOA90JQ2yxyT5loTl","BJIT_Tanvir","2","255","788877001950345","788877002950345","3","1","0"
"vc9IOA90JQ2yxyT5loTl","BJIT_Tanvir","1","436","788877001950346","788877002950346","1","1","0"
"vc9IOA90JQ2yxyT5loTl","BJIT_Tanvir","2","924","788877001950347","788877002950347","2","1","0"
"vc9IOA90JQ2yxyT5loTl","BJIT_Tanvir","3","751","788877001950348","788877002950348","5","1","0"
"vc9IOA90JQ2yxyT5loTl","BJIT_Tanvir","3","1413","788877001950349","788877002950349","5","1","0"
"vc9IOA90JQ2yxyT5loTl","BJIT_Tanvir","2","1692","788877001950350","788877002950350","5","1","0"
"vc9IOA90JQ2yxyT5loTl","BJIT_Tanvir","3","790","788877001950351","788877002950351","2","1","0"
"vc9IOA90JQ2yxyT5loTl","BJIT_Tanvir","2","1694","788877001950352","788877002950352","2","1","0"
"vc9IOA90JQ2yxyT5loTl","BJIT_Tanvir","1","902","788877001950353","788877002950353","3","1","0"
"vc9IOA90JQ2yxyT5loTl","BJIT_Tanvir","1","1056","788877001950354","788877002950354","2","1","0"
"vc9IOA90JQ2yxyT5loTl","BJIT_Tanvir","3","761","788877001950355","788877002950355","1","1","0"
"vc9IOA90JQ2yxyT5loTl","BJIT_Tanvir","3","1277","788877001950356","788877002950356","1","1","0"
"vc9IOA90JQ2yxyT5loTl","BJIT_Tanvir","3","1218","788877001950357","788877002950357","3","1","0"
"vc9IOA90JQ2yxyT5loTl","BJIT_Tanvir","3","1198","788877001950358","788877002950358","5","1","0"
"vc9IOA90JQ2yxyT5loTl","BJIT_Tanvir","1","1359","788877001950359","788877002950359","4","1","0"
"vc9IOA90JQ2yxyT5loTl","BJIT_Tanvir","3","815","788877001950360","788877002950360","5","1","0"
"vc9IOA90JQ2yxyT5loTl","BJIT_Tanvir","1","1019","788877001950361","788877002950361","5","1","0"
"vc9IOA90JQ2yxyT5loTl","BJIT_Tanvir","1","1542","788877001950362","788877002950362","2","1","0"
"vc9IOA90JQ2yxyT5loTl","BJIT_Tanvir","3","1029","788877001950363","788877002950363","2","1","0"
"vc9IOA90JQ2yxyT5loTl","BJIT_Tanvir","2","601","788877001950364","788877002950364","1","1","0"
"vc9IOA90JQ2yxyT5loTl","BJIT_Tanvir","2","92","788877001950365","788877002950365","1","1","0"
"vc9IOA90JQ2yxyT5loTl","BJIT_Tanvir","1","1670","788877001950366","788877002950366","3","1","0"
"vc9IOA90JQ2yxyT5loTl","BJIT_Tanvir","1","682","788877001950367","788877002950367","5","1","0"
"vc9IOA90JQ2yxyT5loTl","BJIT_Tanvir","1","1615","788877001950368","788877002950368","3","1","0"
"vc9IOA90JQ2yxyT5loTl","BJIT_Tanvir","2","971","788877001950369","788877002950369","1","1","0"
"vc9IOA90JQ2yxyT5loTl","BJIT_Tanvir","2","1112","788877001950370","788877002950370","3","1","0"
"vc9IOA90JQ2yxyT5loTl","BJIT_Tanvir","2","1650","788877001950371","788877002950371","3","1","0"
"vc9IOA90JQ2yxyT5loTl","BJIT_Tanvir","1","691","788877001950372","788877002950372","1","1","0"
"vc9IOA90JQ2yxyT5loTl","BJIT_Tanvir","1","933","788877001950373","788877002950373","4","1","0"
"vc9IOA90JQ2yxyT5loTl","BJIT_Tanvir","3","792","788877001950374","788877002950374","4","1","0"
"vc9IOA90JQ2yxyT5loTl","BJIT_Tanvir","1","103","788877001950375","788877002950375","1","1","0"
"vc9IOA90JQ2yxyT5loTl","BJIT_Tanvir","1","557","788877001950376","788877002950376","4","1","0"
"vc9IOA90JQ2yxyT5loTl","BJIT_Tanvir","1","591","788877001950377","788877002950377","3","1","0"
"vc9IOA90JQ2yxyT5loTl","BJIT_Tanvir","1","1846","788877001950378","788877002950378","1","1","0"
"vc9IOA90JQ2yxyT5loTl","BJIT_Tanvir","3","1076","788877001950379","788877002950379","2","1","0"
"vc9IOA90JQ2yxyT5loTl","BJIT_Tanvir","3","412","788877001950380","788877002950380","3","1","0"
"vc9IOA90JQ2yxyT5loTl","BJIT_Tanvir","2","1545","788877001950381","788877002950381","4","1","0"
"vc9IOA90JQ2yxyT5loTl","BJIT_Tanvir","3","1986","788877001950382","788877002950382","3","1","0"
"vc9IOA90JQ2yxyT5loTl","BJIT_Tanvir","1","151","788877001950383","788877002950383","3","1","0"
"vc9IOA90JQ2yxyT5loTl","BJIT_Tanvir","2","936","788877001950384","788877002950384","1","1","0"
"vc9IOA90JQ2yxyT5loTl","BJIT_Tanvir","3","121","788877001950385","788877002950385","5","1","0"
"vc9IOA90JQ2yxyT5loTl","BJIT_Tanvir","1","464","788877001950386","788877002950386","4","1","0"
"vc9IOA90JQ2yxyT5loTl","BJIT_Tanvir","1","1245","788877001950387","788877002950387","3","1","0"
"vc9IOA90JQ2yxyT5loTl","BJIT_Tanvir","1","402","788877001950388","788877002950388","2","1","0"
"vc9IOA90JQ2yxyT5loTl","BJIT_Tanvir","2","1848","788877001950389","788877002950389","4","1","0"
"vc9IOA90JQ2yxyT5loTl","BJIT_Tanvir","2","948","788877001950390","788877002950390","4","1","0"
"vc9IOA90JQ2yxyT5loTl","BJIT_Tanvir","1","1232","788877001950391","788877002950391","4","1","0"
"vc9IOA90JQ2yxyT5loTl","BJIT_Tanvir","2","1720","788877001950392","788877002950392","5","1","0"
"vc9IOA90JQ2yxyT5loTl","BJIT_Tanvir","1","114","788877001950393","788877002950393","3","1","0"
"vc9IOA90JQ2yxyT5loTl","BJIT_Tanvir","2","719","788877001950394","788877002950394","4","1","0"
"vc9IOA90JQ2yxyT5loTl","BJIT_Tanvir","1","859","788877001950395","788877002950395","4","1","0"
"vc9IOA90JQ2yxyT5loTl","BJIT_Tanvir","1","1343","788877001950396","788877002950396","3","1","0"
"vc9IOA90JQ2yxyT5loTl","BJIT_Tanvir","2","561","788877001950397","788877002950397","4","1","0"
"vc9IOA90JQ2yxyT5loTl","BJIT_Tanvir","1","474","788877001950398","788877002950398","4","1","0"
"vc9IOA90JQ2yxyT5loTl","BJIT_Tanvir","2","137","788877001950399","788877002950399","4","1","0"
"vc9IOA90JQ2yxyT5loTl","BJIT_Tanvir","2","520","788877001950400","788877002950400","4","1","0"
"vc9IOA90JQ2yxyT5loTl","BJIT_Tanvir","1","736","788877001950401","788877002950401","2","1","0"
"vc9IOA90JQ2yxyT5loTl","BJIT_Tanvir","2","1873","788877001950402","788877002950402","1","1","0"
"vc9IOA90JQ2yxyT5loTl","BJIT_Tanvir","2","1904","788877001950403","788877002950403","2","1","0"
"vc9IOA90JQ2yxyT5loTl","BJIT_Tanvir","3","483","788877001950404","788877002950404","2","1","0"
"vc9IOA90JQ2yxyT5loTl","BJIT_Tanvir","1","1117","788877001950405","788877002950405","1","1","0"
"vc9IOA90JQ2yxyT5loTl","BJIT_Tanvir","3","629","788877001950406","788877002950406","3","1","0"
"vc9IOA90JQ2yxyT5loTl","BJIT_Tanvir","1","855","788877001950407","788877002950407","1","1","0"
"vc9IOA90JQ2yxyT5loTl","BJIT_Tanvir","2","1824","788877001950408","788877002950408","4","1","0"
"vc9IOA90JQ2yxyT5loTl","BJIT_Tanvir","2","105","788877001950409","788877002950409","3","1","0"
"vc9IOA90JQ2yxyT5loTl","BJIT_Tanvir","2","50","788877001950410","788877002950410","3","1","0"
"vc9IOA90JQ2yxyT5loTl","BJIT_Tanvir","2","74","788877001950411","788877002950411","4","1","0"
"vc9IOA90JQ2yxyT5loTl","BJIT_Tanvir","1","441","788877001950412","788877002950412","5","1","0"
"vc9IOA90JQ2yxyT5loTl","BJIT_Tanvir","1","1139","788877001950413","788877002950413","5","1","0"
"vc9IOA90JQ2yxyT5loTl","BJIT_Tanvir","3","1037","788877001950414","788877002950414","3","1","0"
"vc9IOA90JQ2yxyT5loTl","BJIT_Tanvir","1","1070","788877001950415","788877002950415","1","1","0"
"vc9IOA90JQ2yxyT5loTl","BJIT_Tanvir","3","797","788877001950416","788877002950416","1","1","0"
"vc9IOA90JQ2yxyT5loTl","BJIT_Tanvir","1","1961","788877001950417","788877002950417","5","1","0"
"vc9IOA90JQ2yxyT5loTl","BJIT_Tanvir","1","1248","788877001950418","788877002950418","2","1","0"
"vc9IOA90JQ2yxyT5loTl","BJIT_Tanvir","3","1775","788877001950419","788877002950419","5","1","0"
"vc9IOA90JQ2yxyT5loTl","BJIT_Tanvir","3","676","788877001950420","788877002950420","1","1","0"
"vc9IOA90JQ2yxyT5loTl","BJIT_Tanvir","3","1613","788877001950421","788877002950421","5","1","0"
"vc9IOA90JQ2yxyT5loTl","BJIT_Tanvir","2","1823","788877001950422","788877002950422","2","1","0"
"vc9IOA90JQ2yxyT5loTl","BJIT_Tanvir","1","1745","788877001950423","788877002950423","3","1","0"
"vc9IOA90JQ2yxyT5loTl","BJIT_Tanvir","3","212","788877001950424","788877002950424","3","1","0"
"vc9IOA90JQ2yxyT5loTl","BJIT_Tanvir","3","1939","788877001950425","788877002950425","1","1","0"
"vc9IOA90JQ2yxyT5loTl","BJIT_Tanvir","2","1071","788877001950426","788877002950426","2","1","0"
"vc9IOA90JQ2yxyT5loTl","BJIT_Tanvir","1","1106","788877001950427","788877002950427","1","1","0"
"vc9IOA90JQ2yxyT5loTl","BJIT_Tanvir","3","1884","788877001950428","788877002950428","5","1","0"
"vc9IOA90JQ2yxyT5loTl","BJIT_Tanvir","3","602","788877001950429","788877002950429","3","1","0"
"vc9IOA90JQ2yxyT5loTl","BJIT_Tanvir","2","112","788877001950430","788877002950430","1","1","0"
"vc9IOA90JQ2yxyT5loTl","BJIT_Tanvir","1","934","788877001950431","788877002950431","2","1","0"
"vc9IOA90JQ2yxyT5loTl","BJIT_Tanvir","1","1242","788877001950432","788877002950432","4","1","0"
"vc9IOA90JQ2yxyT5loTl","BJIT_Tanvir","3","194","788877001950433","788877002950433","4","1","0"
"vc9IOA90JQ2yxyT5loTl","BJIT_Tanvir","1","1690","788877001950434","788877002950434","3","1","0"
"vc9IOA90JQ2yxyT5loTl","BJIT_Tanvir","1","937","788877001950435","788877002950435","4","1","0"
"vc9IOA90JQ2yxyT5loTl","BJIT_Tanvir","2","1049","788877001950436","788877002950436","1","1","0"
"vc9IOA90JQ2yxyT5loTl","BJIT_Tanvir","3","656","788877001950437","788877002950437","3","1","0"
"vc9IOA90JQ2yxyT5loTl","BJIT_Tanvir","2","50","788877001950438","788877002950438","3","1","0"
"vc9IOA90JQ2yxyT5loTl","BJIT_Tanvir","1","338","788877001950439","788877002950439","2","1","0"
"vc9IOA90JQ2yxyT5loTl","BJIT_Tanvir","2","1060","788877001950440","788877002950440","5","1","0"
"vc9IOA90JQ2yxyT5loTl","BJIT_Tanvir","1","1549","788877001950441","788877002950441","2","1","0"
"vc9IOA90JQ2yxyT5loTl","BJIT_Tanvir","1","598","788877001950442","788877002950442","4","1","0"
"vc9IOA90JQ2yxyT5loTl","BJIT_Tanvir","3","1364","788877001950443","788877002950443","5","1","0"
"vc9IOA90JQ2yxyT5loTl","BJIT_Tanvir","3","270","788877001950444","788877002950444","3","1","0"
"vc9IOA90JQ2yxyT5loTl","BJIT_Tanvir","1","1068","788877001950445","788877002950445","2","1","0"
"vc9IOA90JQ2yxyT5loTl","BJIT_Tanvir","2","833","788877001950446","788877002950446","4","1","0"
"vc9IOA90JQ2yxyT5loTl","BJIT_Tanvir","3","1796","788877001950447","788877002950447","4","1","0"
"vc9IOA90JQ2yxyT5loTl","BJIT_Tanvir","3","1204","788877001950448","788877002950448","3","1","0"
"vc9IOA90JQ2yxyT5loTl","BJIT_Tanvir","2","1022","788877001950449","788877002950449","1","1","0"
"vc9IOA90JQ2yxyT5loTl","BJIT_Tanvir","1","1028","788877001950450","788877002950450","3","1","0"
"vc9IOA90JQ2yxyT5loTl","BJIT_Tanvir","1","1895","788877001950451","788877002950451","2","1","0"
"vc9IOA90JQ2yxyT5loTl","BJIT_Tanvir","1","1241","788877001950452","788877002950452","3","1","0"
"vc9IOA90JQ2yxyT5loTl","BJIT_Tanvir","1","1606","788877001950453","788877002950453","5","1","0"
"vc9IOA90JQ2yxyT5loTl","BJIT_Tanvir","1","1457","788877001950454","788877002950454","2","1","0"
"vc9IOA90JQ2yxyT5loTl","BJIT_Tanvir","2","1004","788877001950455","788877002950455","3","1","0"
"vc9IOA90JQ2yxyT5loTl","BJIT_Tanvir","2","907","788877001950456","788877002950456","4","1","0"
"vc9IOA90JQ2yxyT5loTl","BJIT_Tanvir","2","955","788877001950457","788877002950457","2","1","0"
"vc9IOA90JQ2yxyT5loTl","BJIT_Tanvir","1","255","788877001950458","788877002950458","5","1","0"
"vc9IOA90JQ2yxyT5loTl","BJIT_Tanvir","1","1410","788877001950459","788877002950459","5","1","0"
"vc9IOA90JQ2yxyT5loTl","BJIT_Tanvir","3","1024","788877001950460","788877002950460","5","1","0"
"vc9IOA90JQ2yxyT5loTl","BJIT_Tanvir","3","1925","788877001950461","788877002950461","2","1","0"
"vc9IOA90JQ2yxyT5loTl","BJIT_Tanvir","2","1050","788877001950462","788877002950462","1","1","0"
"vc9IOA90JQ2yxyT5loTl","BJIT_Tanvir","2","358","788877001950463","788877002950463","5","1","0"
"vc9IOA90JQ2yxyT5loTl","BJIT_Tanvir","3","43","788877001950464","788877002950464","5","1","0"
"vc9IOA90JQ2yxyT5loTl","BJIT_Tanvir","3","514","788877001950465","788877002950465","2","1","0"
"vc9IOA90JQ2yxyT5loTl","BJIT_Tanvir","3","1988","788877001950466","788877002950466","4","1","0"
"vc9IOA90JQ2yxyT5loTl","BJIT_Tanvir","2","955","788877001950467","788877002950467","4","1","0"
"vc9IOA90JQ2yxyT5loTl","BJIT_Tanvir","3","631","788877001950468","788877002950468","4","1","0"
"vc9IOA90JQ2yxyT5loTl","BJIT_Tanvir","3","503","788877001950469","788877002950469","1","1","0"
"vc9IOA90JQ2yxyT5loTl","BJIT_Tanvir","3","908","788877001950470","788877002950470","5","1","0"
"vc9IOA90JQ2yxyT5loTl","BJIT_Tanvir","1","1626","788877001950471","788877002950471","1","1","0"
"vc9IOA90JQ2yxyT5loTl","BJIT_Tanvir","2","208","788877001950472","788877002950472","5","1","0"
"vc9IOA90JQ2yxyT5loTl","BJIT_Tanvir","1","687","788877001950473","788877002950473","2","1","0"
"vc9IOA90JQ2yxyT5loTl","BJIT_Tanvir","1","1710","788877001950474","788877002950474","1","1","0"
"vc9IOA90JQ2yxyT5loTl","BJIT_Tanvir","1","267","788877001950475","788877002950475","1","1","0"
"vc9IOA90JQ2yxyT5loTl","BJIT_Tanvir","3","704","788877001950476","788877002950476","4","1","0"
"vc9IOA90JQ2yxyT5loTl","BJIT_Tanvir","2","13","788877001950477","788877002950477","1","1","0"
"vc9IOA90JQ2yxyT5loTl","BJIT_Tanvir","3","1269","788877001950478","788877002950478","5","1","0"
"vc9IOA90JQ2yxyT5loTl","BJIT_Tanvir","1","399","788877001950479","788877002950479","2","1","0"
"vc9IOA90JQ2yxyT5loTl","BJIT_Tanvir","1","422","788877001950480","788877002950480","5","1","0"
"vc9IOA90JQ2yxyT5loTl","BJIT_Tanvir","3","1086","788877001950481","788877002950481","1","1","0"
"vc9IOA90JQ2yxyT5loTl","BJIT_Tanvir","2","289","788877001950482","788877002950482","1","1","0"
"vc9IOA90JQ2yxyT5loTl","BJIT_Tanvir","1","1988","788877001950483","788877002950483","3","1","0"
"vc9IOA90JQ2yxyT5loTl","BJIT_Tanvir","2","513","788877001950484","788877002950484","2","1","0"
"vc9IOA90JQ2yxyT5loTl","BJIT_Tanvir","2","38","788877001950485","788877002950485","3","1","0"
"vc9IOA90JQ2yxyT5loTl","BJIT_Tanvir","2","847","788877001950486","788877002950486","1","1","0"
"vc9IOA90JQ2yxyT5loTl","BJIT_Tanvir","1","6","788877001950487","788877002950487","1","1","0"
"vc9IOA90JQ2yxyT5loTl","BJIT_Tanvir","3","1748","788877001950488","788877002950488","1","1","0"
"vc9IOA90JQ2yxyT5loTl","BJIT_Tanvir","1","1769","788877001950489","788877002950489","3","1","0"
"vc9IOA90JQ2yxyT5loTl","BJIT_Tanvir","3","198","788877001950490","788877002950490","2","1","0"
"vc9IOA90JQ2yxyT5loTl","BJIT_Tanvir","2","56","788877001950491","788877002950491","3","1","0"
"vc9IOA90JQ2yxyT5loTl","BJIT_Tanvir","3","1987","788877001950492","788877002950492","5","1","0"
"vc9IOA90JQ2yxyT5loTl","BJIT_Tanvir","2","328","788877001950493","788877002950493","4","1","0"
"vc9IOA90JQ2yxyT5loTl","BJIT_Tanvir","1","151","788877001950494","788877002950494","3","1","0"
"vc9IOA90JQ2yxyT5loTl","BJIT_Tanvir","2","779","788877001950495","788877002950495","3","1","0"
"vc9IOA90JQ2yxyT5loTl","BJIT_Tanvir","2","167","788877001950496","788877002950496","4","1","0"
"vc9IOA90JQ2yxyT5loTl","BJIT_Tanvir","3","1580","788877001950497","788877002950497","5","1","0"
"vc9IOA90JQ2yxyT5loTl","BJIT_Tanvir","2","698","788877001950498","788877002950498","1","1","0"
"vc9IOA90JQ2yxyT5loTl","BJIT_Tanvir","1","149","788877001950499","788877002950499","4","1","0"
"vc9IOA90JQ2yxyT5loTl","BJIT_Tanvir","2","1154","788877001950500","788877002950500","2","1","0"
"vc9IOA90JQ2yxyT5loTl","BJIT_Tanvir","2","61","788877001950501","788877002950501","1","1","0"
"vc9IOA90JQ2yxyT5loTl","BJIT_Tanvir","3","1057","788877001950502","788877002950502","3","1","0"
"vc9IOA90JQ2yxyT5loTl","BJIT_Tanvir","2","1788","788877001950503","788877002950503","2","1","0"
"vc9IOA90JQ2yxyT5loTl","BJIT_Tanvir","2","943","788877001950504","788877002950504","1","1","0"
"vc9IOA90JQ2yxyT5loTl","BJIT_Tanvir","3","1511","788877001950505","788877002950505","5","1","0"
"vc9IOA90JQ2yxyT5loTl","BJIT_Tanvir","2","480","788877001950506","788877002950506","3","1","0"
"vc9IOA90JQ2yxyT5loTl","BJIT_Tanvir","2","1269","788877001950507","788877002950507","2","1","0"
"vc9IOA90JQ2yxyT5loTl","BJIT_Tanvir","2","1892","788877001950508","788877002950508","4","1","0"
"vc9IOA90JQ2yxyT5loTl","BJIT_Tanvir","3","1619","788877001950509","788877002950509","2","1","0"
"vc9IOA90JQ2yxyT5loTl","BJIT_Tanvir","3","286","788877001950510","788877002950510","2","1","0"
"vc9IOA90JQ2yxyT5loTl","BJIT_Tanvir","1","312","788877001950511","788877002950511","3","1","0"
"vc9IOA90JQ2yxyT5loTl","BJIT_Tanvir","2","786","788877001950512","788877002950512","2","1","0"
"vc9IOA90JQ2yxyT5loTl","BJIT_Tanvir","2","1433","788877001950513","788877002950513","3","1","0"
"vc9IOA90JQ2yxyT5loTl","BJIT_Tanvir","1","1524","788877001950514","788877002950514","3","1","0"
"vc9IOA90JQ2yxyT5loTl","BJIT_Tanvir","3","1729","788877001950515","788877002950515","1","1","0"
"vc9IOA90JQ2yxyT5loTl","BJIT_Tanvir","1","1365","788877001950516","788877002950516","3","1","0"
"vc9IOA90JQ2yxyT5loTl","BJIT_Tanvir","1","1998","788877001950517","788877002950517","2","1","0"
"vc9IOA90JQ2yxyT5loTl","BJIT_Tanvir","1","916","788877001950518","788877002950518","4","1","0"
"vc9IOA90JQ2yxyT5loTl","BJIT_Tanvir","1","585","788877001950519","788877002950519","5","1","0"
"vc9IOA90JQ2yxyT5loTl","BJIT_Tanvir","3","213","788877001950520","788877002950520","1","1","0"
"vc9IOA90JQ2yxyT5loTl","BJIT_Tanvir","3","1997","788877001950521","788877002950521","1","1","0"
"vc9IOA90JQ2yxyT5loTl","BJIT_Tanvir","1","1995","788877001950522","788877002950522","3","1","0"
"vc9IOA90JQ2yxyT5loTl","BJIT_Tanvir","3","914","788877001950523","788877002950523","3","1","0"
"vc9IOA90JQ2yxyT5loTl","BJIT_Tanvir","2","1079","788877001950524","788877002950524","3","1","0"
"vc9IOA90JQ2yxyT5loTl","BJIT_Tanvir","1","643","788877001950525","788877002950525","1","1","0"
"vc9IOA90JQ2yxyT5loTl","BJIT_Tanvir","1","1820","788877001950526","788877002950526","3","1","0"
"vc9IOA90JQ2yxyT5loTl","BJIT_Tanvir","1","62","788877001950527","788877002950527","5","1","0"
"vc9IOA90JQ2yxyT5loTl","BJIT_Tanvir","3","1663","788877001950528","788877002950528","1","1","0"
"vc9IOA90JQ2yxyT5loTl","BJIT_Tanvir","3","607","788877001950529","788877002950529","1","1","0"
"vc9IOA90JQ2yxyT5loTl","BJIT_Tanvir","2","1758","788877001950530","788877002950530","5","1","0"
"vc9IOA90JQ2yxyT5loTl","BJIT_Tanvir","2","1711","788877001950531","788877002950531","5","1","0"
"vc9IOA90JQ2yxyT5loTl","BJIT_Tanvir","3","1087","788877001950532","788877002950532","5","1","0"
"vc9IOA90JQ2yxyT5loTl","BJIT_Tanvir","1","1100","788877001950533","788877002950533","5","1","0"
"vc9IOA90JQ2yxyT5loTl","BJIT_Tanvir","2","819","788877001950534","788877002950534","3","1","0"
"vc9IOA90JQ2yxyT5loTl","BJIT_Tanvir","2","1906","788877001950535","788877002950535","4","1","0"
"vc9IOA90JQ2yxyT5loTl","BJIT_Tanvir","3","593","788877001950536","788877002950536","1","1","0"
"vc9IOA90JQ2yxyT5loTl","BJIT_Tanvir","1","639","788877001950537","788877002950537","4","1","0"
"vc9IOA90JQ2yxyT5loTl","BJIT_Tanvir","2","32","788877001950538","788877002950538","1","1","0"
"vc9IOA90JQ2yxyT5loTl","BJIT_Tanvir","1","1383","788877001950539","788877002950539","1","1","0"
"vc9IOA90JQ2yxyT5loTl","BJIT_Tanvir","2","314","788877001950540","788877002950540","3","1","0"
"vc9IOA90JQ2yxyT5loTl","BJIT_Tanvir","2","1826","788877001950541","788877002950541","4","1","0"
"vc9IOA90JQ2yxyT5loTl","BJIT_Tanvir","1","235","788877001950542","788877002950542","3","1","0"
"vc9IOA90JQ2yxyT5loTl","BJIT_Tanvir","2","1040","788877001950543","788877002950543","3","1","0"
"vc9IOA90JQ2yxyT5loTl","BJIT_Tanvir","3","960","788877001950544","788877002950544","4","1","0"
"vc9IOA90JQ2yxyT5loTl","BJIT_Tanvir","3","956","788877001950545","788877002950545","3","1","0"
"vc9IOA90JQ2yxyT5loTl","BJIT_Tanvir","2","758","788877001950546","788877002950546","1","1","0"
"vc9IOA90JQ2yxyT5loTl","BJIT_Tanvir","1","451","788877001950547","788877002950547","5","1","0"
"vc9IOA90JQ2yxyT5loTl","BJIT_Tanvir","2","1313","788877001950548","788877002950548","1","1","0"
"vc9IOA90JQ2yxyT5loTl","BJIT_Tanvir","3","981","788877001950549","788877002950549","5","1","0"
"vc9IOA90JQ2yxyT5loTl","BJIT_Tanvir","1","40","788877001950550","788877002950550","5","1","0"
"vc9IOA90JQ2yxyT5loTl","BJIT_Tanvir","1","138","788877001950551","788877002950551","5","1","0"
"vc9IOA90JQ2yxyT5loTl","BJIT_Tanvir","1","1273","788877001950552","788877002950552","1","1","0"
"vc9IOA90JQ2yxyT5loTl","BJIT_Tanvir","2","725","788877001950553","788877002950553","3","1","0"
"vc9IOA90JQ2yxyT5loTl","BJIT_Tanvir","2","1405","788877001950554","788877002950554","3","1","0"
"vc9IOA90JQ2yxyT5loTl","BJIT_Tanvir","2","1832","788877001950555","788877002950555","4","1","0"
"vc9IOA90JQ2yxyT5loTl","BJIT_Tanvir","3","649","788877001950556","788877002950556","3","1","0"
"vc9IOA90JQ2yxyT5loTl","BJIT_Tanvir","1","1675","788877001950557","788877002950557","5","1","0"
"vc9IOA90JQ2yxyT5loTl","BJIT_Tanvir","3","413","788877001950558","788877002950558","1","1","0"
"vc9IOA90JQ2yxyT5loTl","BJIT_Tanvir","2","523","788877001950559","788877002950559","3","1","0"
"vc9IOA90JQ2yxyT5loTl","BJIT_Tanvir","1","1332","788877001950560","788877002950560","4","1","0"
"vc9IOA90JQ2yxyT5loTl","BJIT_Tanvir","3","600","788877001950561","788877002950561","4","1","0"
"vc9IOA90JQ2yxyT5loTl","BJIT_Tanvir","2","1475","788877001950562","788877002950562","2","1","0"
"vc9IOA90JQ2yxyT5loTl","BJIT_Tanvir","2","328","788877001950563","788877002950563","1","1","0"
"vc9IOA90JQ2yxyT5loTl","BJIT_Tanvir","1","974","788877001950564","788877002950564","3","1","0"
"vc9IOA90JQ2yxyT5loTl","BJIT_Tanvir","3","955","788877001950565","788877002950565","2","1","0"
"vc9IOA90JQ2yxyT5loTl","BJIT_Tanvir","1","1612","788877001950566","788877002950566","3","1","0"
"vc9IOA90JQ2yxyT5loTl","BJIT_Tanvir","3","823","788877001950567","788877002950567","5","1","0"
"vc9IOA90JQ2yxyT5loTl","BJIT_Tanvir","3","662","788877001950568","788877002950568","2","1","0"
"vc9IOA90JQ2yxyT5loTl","BJIT_Tanvir","2","1159","788877001950569","788877002950569","1","1","0"
"vc9IOA90JQ2yxyT5loTl","BJIT_Tanvir","1","1700","788877001950570","788877002950570","5","1","0"
"vc9IOA90JQ2yxyT5loTl","BJIT_Tanvir","3","37","788877001950571","788877002950571","5","1","0"
"vc9IOA90JQ2yxyT5loTl","BJIT_Tanvir","3","1991","788877001950572","788877002950572","4","1","0"
"vc9IOA90JQ2yxyT5loTl","BJIT_Tanvir","1","523","788877001950573","788877002950573","5","1","0"
"vc9IOA90JQ2yxyT5loTl","BJIT_Tanvir","3","668","788877001950574","788877002950574","3","1","0"
"vc9IOA90JQ2yxyT5loTl","BJIT_Tanvir","1","1388","788877001950575","788877002950575","1","1","0"
"vc9IOA90JQ2yxyT5loTl","BJIT_Tanvir","3","1077","788877001950576","788877002950576","4","1","0"
"vc9IOA90JQ2yxyT5loTl","BJIT_Tanvir","3","494","788877001950577","788877002950577","2","1","0"
"vc9IOA90JQ2yxyT5loTl","BJIT_Tanvir","1","807","788877001950578","788877002950578","3","1","0"
"vc9IOA90JQ2yxyT5loTl","BJIT_Tanvir","2","1891","788877001950579","788877002950579","4","1","0"
"vc9IOA90JQ2yxyT5loTl","BJIT_Tanvir","1","887","788877001950580","788877002950580","1","1","0"
"vc9IOA90JQ2yxyT5loTl","BJIT_Tanvir","3","1112","788877001950581","788877002950581","4","1","0"
"vc9IOA90JQ2yxyT5loTl","BJIT_Tanvir","2","1425","788877001950582","788877002950582","3","1","0"
"vc9IOA90JQ2yxyT5loTl","BJIT_Tanvir","2","381","788877001950583","788877002950583","1","1","0"
"vc9IOA90JQ2yxyT5loTl","BJIT_Tanvir","3","141","788877001950584","788877002950584","3","1","0"
"vc9IOA90JQ2yxyT5loTl","BJIT_Tanvir","3","111","788877001950585","788877002950585","2","1","0"
"vc9IOA90JQ2yxyT5loTl","BJIT_Tanvir","2","843","788877001950586","788877002950586","2","1","0"
"vc9IOA90JQ2yxyT5loTl","BJIT_Tanvir","1","987","788877001950587","788877002950587","5","1","0"
"vc9IOA90JQ2yxyT5loTl","BJIT_Tanvir","1","220","788877001950588","788877002950588","4","1","0"
"vc9IOA90JQ2yxyT5loTl","BJIT_Tanvir","2","389","788877001950589","788877002950589","1","1","0"
"vc9IOA90JQ2yxyT5loTl","BJIT_Tanvir","1","738","788877001950590","788877002950590","5","1","0"
"vc9IOA90JQ2yxyT5loTl","BJIT_Tanvir","1","600","788877001950591","788877002950591","4","1","0"
"vc9IOA90JQ2yxyT5loTl","BJIT_Tanvir","2","1291","788877001950592","788877002950592","1","1","0"
"vc9IOA90JQ2yxyT5loTl","BJIT_Tanvir","3","1009","788877001950593","788877002950593","4","1","0"
"vc9IOA90JQ2yxyT5loTl","BJIT_Tanvir","1","1359","788877001950594","788877002950594","4","1","0"
"vc9IOA90JQ2yxyT5loTl","BJIT_Tanvir","1","38","788877001950595","788877002950595","2","1","0"
"vc9IOA90JQ2yxyT5loTl","BJIT_Tanvir","1","716","788877001950596","788877002950596","2","1","0"
"vc9IOA90JQ2yxyT5loTl","BJIT_Tanvir","3","1007","788877001950597","788877002950597","5","1","0"
"vc9IOA90JQ2yxyT5loTl","BJIT_Tanvir","2","1173","788877001950598","788877002950598","3","1","0"
"vc9IOA90JQ2yxyT5loTl","BJIT_Tanvir","3","1157","788877001950599","788877002950599","1","1","0"
"vc9IOA90JQ2yxyT5loTl","BJIT_Tanvir","1","1554","788877001950600","788877002950600","3","1","0"
"vc9IOA90JQ2yxyT5loTl","BJIT_Tanvir","2","631","788877001950601","788877002950601","5","1","0"
"vc9IOA90JQ2yxyT5loTl","BJIT_Tanvir","1","1856","788877001950602","788877002950602","5","1","0"
"vc9IOA90JQ2yxyT5loTl","BJIT_Tanvir","2","665","788877001950603","788877002950603","3","1","0"
"vc9IOA90JQ2yxyT5loTl","BJIT_Tanvir","3","140","788877001950604","788877002950604","5","1","0"
"vc9IOA90JQ2yxyT5loTl","BJIT_Tanvir","1","1105","788877001950605","788877002950605","2","1","0"
"vc9IOA90JQ2yxyT5loTl","BJIT_Tanvir","1","232","788877001950606","788877002950606","4","1","0"
"vc9IOA90JQ2yxyT5loTl","BJIT_Tanvir","2","34","788877001950607","788877002950607","4","1","0"
"vc9IOA90JQ2yxyT5loTl","BJIT_Tanvir","3","1004","788877001950608","788877002950608","1","1","0"
"vc9IOA90JQ2yxyT5loTl","BJIT_Tanvir","1","671","788877001950609","788877002950609","1","1","0"
"vc9IOA90JQ2yxyT5loTl","BJIT_Tanvir","1","207","788877001950610","788877002950610","4","1","0"
"vc9IOA90JQ2yxyT5loTl","BJIT_Tanvir","1","653","788877001950611","788877002950611","1","1","0"
"vc9IOA90JQ2yxyT5loTl","BJIT_Tanvir","3","405","788877001950612","788877002950612","1","1","0"
"vc9IOA90JQ2yxyT5loTl","BJIT_Tanvir","3","169","788877001950613","788877002950613","4","1","0"
"vc9IOA90JQ2yxyT5loTl","BJIT_Tanvir","1","481","788877001950614","788877002950614","1","1","0"
"vc9IOA90JQ2yxyT5loTl","BJIT_Tanvir","2","763","788877001950615","788877002950615","3","1","0"
"vc9IOA90JQ2yxyT5loTl","BJIT_Tanvir","2","563","788877001950616","788877002950616","5","1","0"
"vc9IOA90JQ2yxyT5loTl","BJIT_Tanvir","3","7","788877001950617","788877002950617","3","1","0"
"vc9IOA90JQ2yxyT5loTl","BJIT_Tanvir","1","1516","788877001950618","788877002950618","1","1","0"
"vc9IOA90JQ2yxyT5loTl","BJIT_Tanvir","2","1313","788877001950619","788877002950619","5","1","0"
"vc9IOA90JQ2yxyT5loTl","BJIT_Tanvir","2","1068","788877001950620","788877002950620","1","1","0"
"vc9IOA90JQ2yxyT5loTl","BJIT_Tanvir","2","955","788877001950621","788877002950621","2","1","0"
"vc9IOA90JQ2yxyT5loTl","BJIT_Tanvir","1","1573","788877001950622","788877002950622","4","1","0"
"vc9IOA90JQ2yxyT5loTl","BJIT_Tanvir","3","1498","788877001950623","788877002950623","5","1","0"
"vc9IOA90JQ2yxyT5loTl","BJIT_Tanvir","1","1892","788877001950624","788877002950624","3","1","0"
"vc9IOA90JQ2yxyT5loTl","BJIT_Tanvir","1","681","788877001950625","788877002950625","5","1","0"
"vc9IOA90JQ2yxyT5loTl","BJIT_Tanvir","2","1336","788877001950626","788877002950626","4","1","0"
"vc9IOA90JQ2yxyT5loTl","BJIT_Tanvir","3","1294","788877001950627","788877002950627","4","1","0"
"vc9IOA90JQ2yxyT5loTl","BJIT_Tanvir","2","1562","788877001950628","788877002950628","2","1","0"
"vc9IOA90JQ2yxyT5loTl","BJIT_Tanvir","3","751","788877001950629","788877002950629","3","1","0"
"vc9IOA90JQ2yxyT5loTl","BJIT_Tanvir","3","1299","788877001950630","788877002950630","2","1","0"
"vc9IOA90JQ2yxyT5loTl","BJIT_Tanvir","3","1480","788877001950631","788877002950631","5","1","0"
"vc9IOA90JQ2yxyT5loTl","BJIT_Tanvir","1","644","788877001950632","788877002950632","2","1","0"
"vc9IOA90JQ2yxyT5loTl","BJIT_Tanvir","1","648","788877001950633","788877002950633","2","1","0"
"vc9IOA90JQ2yxyT5loTl","BJIT_Tanvir","2","157","788877001950634","788877002950634","5","1","0"
"vc9IOA90JQ2yxyT5loTl","BJIT_Tanvir","3","29","788877001950635","788877002950635","5","1","0"
"vc9IOA90JQ2yxyT5loTl","BJIT_Tanvir","1","1368","788877001950636","788877002950636","4","1","0"
"vc9IOA90JQ2yxyT5loTl","BJIT_Tanvir","2","1845","788877001950637","788877002950637","2","1","0"
"vc9IOA90JQ2yxyT5loTl","BJIT_Tanvir","2","1493","788877001950638","788877002950638","2","1","0"
"vc9IOA90JQ2yxyT5loTl","BJIT_Tanvir","3","1315","788877001950639","788877002950639","4","1","0"
"vc9IOA90JQ2yxyT5loTl","BJIT_Tanvir","3","1421","788877001950640","788877002950640","4","1","0"
"vc9IOA90JQ2yxyT5loTl","BJIT_Tanvir","3","1297","788877001950641","788877002950641","5","1","0"
"vc9IOA90JQ2yxyT5loTl","BJIT_Tanvir","3","1035","788877001950642","788877002950642","4","1","0"
"vc9IOA90JQ2yxyT5loTl","BJIT_Tanvir","3","319","788877001950643","788877002950643","4","1","0"
"vc9IOA90JQ2yxyT5loTl","BJIT_Tanvir","3","1317","788877001950644","788877002950644","1","1","0"
"vc9IOA90JQ2yxyT5loTl","BJIT_Tanvir","3","1947","788877001950645","788877002950645","5","1","0"
"vc9IOA90JQ2yxyT5loTl","BJIT_Tanvir","3","257","788877001950646","788877002950646","3","1","0"
"vc9IOA90JQ2yxyT5loTl","BJIT_Tanvir","3","804","788877001950647","788877002950647","1","1","0"
"vc9IOA90JQ2yxyT5loTl","BJIT_Tanvir","1","316","788877001950648","788877002950648","4","1","0"
"vc9IOA90JQ2yxyT5loTl","BJIT_Tanvir","3","1027","788877001950649","788877002950649","1","1","0"
"vc9IOA90JQ2yxyT5loTl","BJIT_Tanvir","3","253","788877001950650","788877002950650","3","1","0"
"vc9IOA90JQ2yxyT5loTl","BJIT_Tanvir","3","1059","788877001950651","788877002950651","2","1","0"
"vc9IOA90JQ2yxyT5loTl","BJIT_Tanvir","3","1839","788877001950652","788877002950652","2","1","0"
"vc9IOA90JQ2yxyT5loTl","BJIT_Tanvir","3","732","788877001950653","788877002950653","2","1","0"
"vc9IOA90JQ2yxyT5loTl","BJIT_Tanvir","3","1388","788877001950654","788877002950654","3","1","0"
"vc9IOA90JQ2yxyT5loTl","BJIT_Tanvir","2","1703","788877001950655","788877002950655","3","1","0"
"vc9IOA90JQ2yxyT5loTl","BJIT_Tanvir","1","359","788877001950656","788877002950656","3","1","0"
"vc9IOA90JQ2yxyT5loTl","BJIT_Tanvir","3","1409","788877001950657","788877002950657","5","1","0"
"vc9IOA90JQ2yxyT5loTl","BJIT_Tanvir","1","869","788877001950658","788877002950658","1","1","0"
"vc9IOA90JQ2yxyT5loTl","BJIT_Tanvir","1","1736","788877001950659","788877002950659","1","1","0"
"vc9IOA90JQ2yxyT5loTl","BJIT_Tanvir","2","1328","788877001950660","788877002950660","3","1","0"
"vc9IOA90JQ2yxyT5loTl","BJIT_Tanvir","1","379","788877001950661","788877002950661","5","1","0"
"vc9IOA90JQ2yxyT5loTl","BJIT_Tanvir","1","1088","788877001950662","788877002950662","3","1","0"
"vc9IOA90JQ2yxyT5loTl","BJIT_Tanvir","1","1381","788877001950663","788877002950663","3","1","0"
"vc9IOA90JQ2yxyT5loTl","BJIT_Tanvir","2","1905","788877001950664","788877002950664","2","1","0"
"vc9IOA90JQ2yxyT5loTl","BJIT_Tanvir","3","257","788877001950665","788877002950665","5","1","0"
"vc9IOA90JQ2yxyT5loTl","BJIT_Tanvir","3","1023","788877001950666","788877002950666","3","1","0"
"vc9IOA90JQ2yxyT5loTl","BJIT_Tanvir","3","1011","788877001950667","788877002950667","2","1","0"
"vc9IOA90JQ2yxyT5loTl","BJIT_Tanvir","1","1347","788877001950668","788877002950668","3","1","0"
"vc9IOA90JQ2yxyT5loTl","BJIT_Tanvir","2","964","788877001950669","788877002950669","3","1","0"
"vc9IOA90JQ2yxyT5loTl","BJIT_Tanvir","1","458","788877001950670","788877002950670","4","1","0"
"vc9IOA90JQ2yxyT5loTl","BJIT_Tanvir","1","687","788877001950671","788877002950671","2","1","0"
"vc9IOA90JQ2yxyT5loTl","BJIT_Tanvir","1","232","788877001950672","788877002950672","2","1","0"
"vc9IOA90JQ2yxyT5loTl","BJIT_Tanvir","1","1562","788877001950673","788877002950673","1","1","0"
"vc9IOA90JQ2yxyT5loTl","BJIT_Tanvir","3","1000","788877001950674","788877002950674","4","1","0"
"vc9IOA90JQ2yxyT5loTl","BJIT_Tanvir","2","1860","788877001950675","788877002950675","4","1","0"
"vc9IOA90JQ2yxyT5loTl","BJIT_Tanvir","2","812","788877001950676","788877002950676","4","1","0"
"vc9IOA90JQ2yxyT5loTl","BJIT_Tanvir","1","829","788877001950677","788877002950677","2","1","0"
"vc9IOA90JQ2yxyT5loTl","BJIT_Tanvir","1","1434","788877001950678","788877002950678","3","1","0"
"vc9IOA90JQ2yxyT5loTl","BJIT_Tanvir","1","943","788877001950679","788877002950679","1","1","0"
"vc9IOA90JQ2yxyT5loTl","BJIT_Tanvir","2","1820","788877001950680","788877002950680","5","1","0"
"vc9IOA90JQ2yxyT5loTl","BJIT_Tanvir","2","1601","788877001950681","788877002950681","3","1","0"
"vc9IOA90JQ2yxyT5loTl","BJIT_Tanvir","2","1501","788877001950682","788877002950682","2","1","0"
"vc9IOA90JQ2yxyT5loTl","BJIT_Tanvir","2","1921","788877001950683","788877002950683","2","1","0"
"vc9IOA90JQ2yxyT5loTl","BJIT_Tanvir","3","1034","788877001950684","788877002950684","4","1","0"
"vc9IOA90JQ2yxyT5loTl","BJIT_Tanvir","3","943","788877001950685","788877002950685","5","1","0"
"vc9IOA90JQ2yxyT5loTl","BJIT_Tanvir","1","636","788877001950686","788877002950686","1","1","0"
"vc9IOA90JQ2yxyT5loTl","BJIT_Tanvir","2","1906","788877001950687","788877002950687","3","1","0"
"vc9IOA90JQ2yxyT5loTl","BJIT_Tanvir","3","167","788877001950688","788877002950688","4","1","0"
"vc9IOA90JQ2yxyT5loTl","BJIT_Tanvir","1","1002","788877001950689","788877002950689","2","1","0"
"vc9IOA90JQ2yxyT5loTl","BJIT_Tanvir","3","152","788877001950690","788877002950690","3","1","0"
"vc9IOA90JQ2yxyT5loTl","BJIT_Tanvir","1","942","788877001950691","788877002950691","4","1","0"
"vc9IOA90JQ2yxyT5loTl","BJIT_Tanvir","2","1191","788877001950692","788877002950692","4","1","0"
"vc9IOA90JQ2yxyT5loTl","BJIT_Tanvir","1","1267","788877001950693","788877002950693","1","1","0"
"vc9IOA90JQ2yxyT5loTl","BJIT_Tanvir","2","552","788877001950694","788877002950694","1","1","0"
"vc9IOA90JQ2yxyT5loTl","BJIT_Tanvir","3","1108","788877001950695","788877002950695","4","1","0"
"vc9IOA90JQ2yxyT5loTl","BJIT_Tanvir","1","1754","788877001950696","788877002950696","3","1","0"
"vc9IOA90JQ2yxyT5loTl","BJIT_Tanvir","1","234","788877001950697","788877002950697","4","1","0"
"vc9IOA90JQ2yxyT5loTl","BJIT_Tanvir","2","993","788877001950698","788877002950698","2","1","0"
"vc9IOA90JQ2yxyT5loTl","BJIT_Tanvir","1","1381","788877001950699","788877002950699","3","1","0"
"vc9IOA90JQ2yxyT5loTl","BJIT_Tanvir","3","364","788877001950700","788877002950700","4","1","0"
"vc9IOA90JQ2yxyT5loTl","BJIT_Tanvir","3","1832","788877001950701","788877002950701","3","1","0"
"vc9IOA90JQ2yxyT5loTl","BJIT_Tanvir","3","1041","788877001950702","788877002950702","5","1","0"
"vc9IOA90JQ2yxyT5loTl","BJIT_Tanvir","1","1094","788877001950703","788877002950703","3","1","0"
"vc9IOA90JQ2yxyT5loTl","BJIT_Tanvir","3","117","788877001950704","788877002950704","5","1","0"
"vc9IOA90JQ2yxyT5loTl","BJIT_Tanvir","3","1263","788877001950705","788877002950705","1","1","0"
"vc9IOA90JQ2yxyT5loTl","BJIT_Tanvir","1","1678","788877001950706","788877002950706","2","1","0"
"vc9IOA90JQ2yxyT5loTl","BJIT_Tanvir","2","893","788877001950707","788877002950707","4","1","0"
"vc9IOA90JQ2yxyT5loTl","BJIT_Tanvir","3","1735","788877001950708","788877002950708","1","1","0"
"vc9IOA90JQ2yxyT5loTl","BJIT_Tanvir","3","1796","788877001950709","788877002950709","3","1","0"
"vc9IOA90JQ2yxyT5loTl","BJIT_Tanvir","3","583","788877001950710","788877002950710","3","1","0"
"vc9IOA90JQ2yxyT5loTl","BJIT_Tanvir","3","633","788877001950711","788877002950711","3","1","0"
"vc9IOA90JQ2yxyT5loTl","BJIT_Tanvir","2","988","788877001950712","788877002950712","3","1","0"
"vc9IOA90JQ2yxyT5loTl","BJIT_Tanvir","2","430","788877001950713","788877002950713","3","1","0"
"vc9IOA90JQ2yxyT5loTl","BJIT_Tanvir","3","319","788877001950714","788877002950714","3","1","0"
"vc9IOA90JQ2yxyT5loTl","BJIT_Tanvir","2","1688","788877001950715","788877002950715","4","1","0"
"vc9IOA90JQ2yxyT5loTl","BJIT_Tanvir","3","764","788877001950716","788877002950716","2","1","0"
"vc9IOA90JQ2yxyT5loTl","BJIT_Tanvir","3","1618","788877001950717","788877002950717","2","1","0"
"vc9IOA90JQ2yxyT5loTl","BJIT_Tanvir","3","159","788877001950718","788877002950718","1","1","0"
"vc9IOA90JQ2yxyT5loTl","BJIT_Tanvir","3","1269","788877001950719","788877002950719","1","1","0"
"vc9IOA90JQ2yxyT5loTl","BJIT_Tanvir","3","1235","788877001950720","788877002950720","3","1","0"
"vc9IOA90JQ2yxyT5loTl","BJIT_Tanvir","2","927","788877001950721","788877002950721","1","1","0"
"vc9IOA90JQ2yxyT5loTl","BJIT_Tanvir","2","1285","788877001950722","788877002950722","1","1","0"
"vc9IOA90JQ2yxyT5loTl","BJIT_Tanvir","3","223","788877001950723","788877002950723","3","1","0"
"vc9IOA90JQ2yxyT5loTl","BJIT_Tanvir","2","285","788877001950724","788877002950724","1","1","0"
"vc9IOA90JQ2yxyT5loTl","BJIT_Tanvir","3","182","788877001950725","788877002950725","2","1","0"
"vc9IOA90JQ2yxyT5loTl","BJIT_Tanvir","1","303","788877001950726","788877002950726","3","1","0"
"vc9IOA90JQ2yxyT5loTl","BJIT_Tanvir","1","402","788877001950727","788877002950727","3","1","0"
"vc9IOA90JQ2yxyT5loTl","BJIT_Tanvir","2","1431","788877001950728","788877002950728","5","1","0"
"vc9IOA90JQ2yxyT5loTl","BJIT_Tanvir","3","386","788877001950729","788877002950729","5","1","0"
"vc9IOA90JQ2yxyT5loTl","BJIT_Tanvir","3","647","788877001950730","788877002950730","4","1","0"
"vc9IOA90JQ2yxyT5loTl","BJIT_Tanvir","3","733","788877001950731","788877002950731","4","1","0"
"vc9IOA90JQ2yxyT5loTl","BJIT_Tanvir","3","323","788877001950732","788877002950732","3","1","0"
"vc9IOA90JQ2yxyT5loTl","BJIT_Tanvir","1","1331","788877001950733","788877002950733","5","1","0"
"vc9IOA90JQ2yxyT5loTl","BJIT_Tanvir","1","1416","788877001950734","788877002950734","5","1","0"
"vc9IOA90JQ2yxyT5loTl","BJIT_Tanvir","1","132","788877001950735","788877002950735","4","1","0"
"vc9IOA90JQ2yxyT5loTl","BJIT_Tanvir","2","740","788877001950736","788877002950736","3","1","0"
"vc9IOA90JQ2yxyT5loTl","BJIT_Tanvir","2","920","788877001950737","788877002950737","3","1","0"
"vc9IOA90JQ2yxyT5loTl","BJIT_Tanvir","1","286","788877001950738","788877002950738","1","1","0"
"vc9IOA90JQ2yxyT5loTl","BJIT_Tanvir","2","1852","788877001950739","788877002950739","5","1","0"
"vc9IOA90JQ2yxyT5loTl","BJIT_Tanvir","2","856","788877001950740","788877002950740","5","1","0"
"vc9IOA90JQ2yxyT5loTl","BJIT_Tanvir","2","1876","788877001950741","788877002950741","4","1","0"
"vc9IOA90JQ2yxyT5loTl","BJIT_Tanvir","3","1550","788877001950742","788877002950742","4","1","0"
"vc9IOA90JQ2yxyT5loTl","BJIT_Tanvir","3","863","788877001950743","788877002950743","1","1","0"
"vc9IOA90JQ2yxyT5loTl","BJIT_Tanvir","2","402","788877001950744","788877002950744","5","1","0"
"vc9IOA90JQ2yxyT5loTl","BJIT_Tanvir","1","1047","788877001950745","788877002950745","4","1","0"
"vc9IOA90JQ2yxyT5loTl","BJIT_Tanvir","1","1925","788877001950746","788877002950746","2","1","0"
"vc9IOA90JQ2yxyT5loTl","BJIT_Tanvir","1","1084","788877001950747","788877002950747","1","1","0"
"vc9IOA90JQ2yxyT5loTl","BJIT_Tanvir","2","1576","788877001950748","788877002950748","5","1","0"
"vc9IOA90JQ2yxyT5loTl","BJIT_Tanvir","1","282","788877001950749","788877002950749","3","1","0"
"vc9IOA90JQ2yxyT5loTl","BJIT_Tanvir","3","1030","788877001950750","788877002950750","4","1","0"
"vc9IOA90JQ2yxyT5loTl","BJIT_Tanvir","3","498","788877001950751","788877002950751","3","1","0"
"vc9IOA90JQ2yxyT5loTl","BJIT_Tanvir","1","1608","788877001950752","788877002950752","2","1","0"
"vc9IOA90JQ2yxyT5loTl","BJIT_Tanvir","1","932","788877001950753","788877002950753","1","1","0"
"vc9IOA90JQ2yxyT5loTl","BJIT_Tanvir","3","128","788877001950754","788877002950754","1","1","0"
"vc9IOA90JQ2yxyT5loTl","BJIT_Tanvir","2","41","788877001950755","788877002950755","4","1","0"
"vc9IOA90JQ2yxyT5loTl","BJIT_Tanvir","2","1010","788877001950756","788877002950756","1","1","0"
"vc9IOA90JQ2yxyT5loTl","BJIT_Tanvir","2","1339","788877001950757","788877002950757","4","1","0"
"vc9IOA90JQ2yxyT5loTl","BJIT_Tanvir","2","1428","788877001950758","788877002950758","3","1","0"
"vc9IOA90JQ2yxyT5loTl","BJIT_Tanvir","1","709","788877001950759","788877002950759","3","1","0"
"vc9IOA90JQ2yxyT5loTl","BJIT_Tanvir","2","1567","788877001950760","788877002950760","3","1","0"
"vc9IOA90JQ2yxyT5loTl","BJIT_Tanvir","2","1368","788877001950761","788877002950761","3","1","0"
"vc9IOA90JQ2yxyT5loTl","BJIT_Tanvir","2","1564","788877001950762","788877002950762","2","1","0"
"vc9IOA90JQ2yxyT5loTl","BJIT_Tanvir","3","1759","788877001950763","788877002950763","2","1","0"
"vc9IOA90JQ2yxyT5loTl","BJIT_Tanvir","1","1442","788877001950764","788877002950764","5","1","0"
"vc9IOA90JQ2yxyT5loTl","BJIT_Tanvir","2","591","788877001950765","788877002950765","2","1","0"
"vc9IOA90JQ2yxyT5loTl","BJIT_Tanvir","3","775","788877001950766","788877002950766","3","1","0"
"vc9IOA90JQ2yxyT5loTl","BJIT_Tanvir","3","1453","788877001950767","788877002950767","4","1","0"
"vc9IOA90JQ2yxyT5loTl","BJIT_Tanvir","3","1545","788877001950768","788877002950768","1","1","0"
"vc9IOA90JQ2yxyT5loTl","BJIT_Tanvir","2","1338","788877001950769","788877002950769","4","1","0"
"vc9IOA90JQ2yxyT5loTl","BJIT_Tanvir","3","123","788877001950770","788877002950770","1","1","0"
"vc9IOA90JQ2yxyT5loTl","BJIT_Tanvir","1","34","788877001950771","788877002950771","4","1","0"
"vc9IOA90JQ2yxyT5loTl","BJIT_Tanvir","1","1667","788877001950772","788877002950772","2","1","0"
"vc9IOA90JQ2yxyT5loTl","BJIT_Tanvir","3","1295","788877001950773","788877002950773","1","1","0"
"vc9IOA90JQ2yxyT5loTl","BJIT_Tanvir","3","498","788877001950774","788877002950774","3","1","0"
"vc9IOA90JQ2yxyT5loTl","BJIT_Tanvir","3","959","788877001950775","788877002950775","5","1","0"
"vc9IOA90JQ2yxyT5loTl","BJIT_Tanvir","2","445","788877001950776","788877002950776","5","1","0"
"vc9IOA90JQ2yxyT5loTl","BJIT_Tanvir","3","1599","788877001950777","788877002950777","3","1","0"
"vc9IOA90JQ2yxyT5loTl","BJIT_Tanvir","2","228","788877001950778","788877002950778","1","1","0"
"vc9IOA90JQ2yxyT5loTl","BJIT_Tanvir","3","623","788877001950779","788877002950779","2","1","0"
"vc9IOA90JQ2yxyT5loTl","BJIT_Tanvir","3","349","788877001950780","788877002950780","3","1","0"
"vc9IOA90JQ2yxyT5loTl","BJIT_Tanvir","3","1871","788877001950781","788877002950781","5","1","0"
"vc9IOA90JQ2yxyT5loTl","BJIT_Tanvir","1","1691","788877001950782","788877002950782","1","1","0"
"vc9IOA90JQ2yxyT5loTl","BJIT_Tanvir","2","136","788877001950783","788877002950783","1","1","0"
"vc9IOA90JQ2yxyT5loTl","BJIT_Tanvir","1","854","788877001950784","788877002950784","5","1","0"
"vc9IOA90JQ2yxyT5loTl","BJIT_Tanvir","2","1973","788877001950785","788877002950785","4","1","0"
"vc9IOA90JQ2yxyT5loTl","BJIT_Tanvir","2","256","788877001950786","788877002950786","2","1","0"
"vc9IOA90JQ2yxyT5loTl","BJIT_Tanvir","3","708","788877001950787","788877002950787","2","1","0"
"vc9IOA90JQ2yxyT5loTl","BJIT_Tanvir","3","1390","788877001950788","788877002950788","2","1","0"
"vc9IOA90JQ2yxyT5loTl","BJIT_Tanvir","2","1169","788877001950789","788877002950789","1","1","0"
"vc9IOA90JQ2yxyT5loTl","BJIT_Tanvir","1","34","788877001950790","788877002950790","1","1","0"
"vc9IOA90JQ2yxyT5loTl","BJIT_Tanvir","3","989","788877001950791","788877002950791","1","1","0"
"vc9IOA90JQ2yxyT5loTl","BJIT_Tanvir","2","686","788877001950792","788877002950792","2","1","0"
"vc9IOA90JQ2yxyT5loTl","BJIT_Tanvir","3","1407","788877001950793","788877002950793","3","1","0"
"vc9IOA90JQ2yxyT5loTl","BJIT_Tanvir","2","1632","788877001950794","788877002950794","4","1","0"
"vc9IOA90JQ2yxyT5loTl","BJIT_Tanvir","2","805","788877001950795","788877002950795","1","1","0"
"vc9IOA90JQ2yxyT5loTl","BJIT_Tanvir","3","234","788877001950796","788877002950796","5","1","0"
"vc9IOA90JQ2yxyT5loTl","BJIT_Tanvir","2","1974","788877001950797","788877002950797","2","1","0"
"vc9IOA90JQ2yxyT5loTl","BJIT_Tanvir","3","1638","788877001950798","788877002950798","1","1","0"
"vc9IOA90JQ2yxyT5loTl","BJIT_Tanvir","2","1333","788877001950799","788877002950799","3","1","0"
"vc9IOA90JQ2yxyT5loTl","BJIT_Tanvir","1","1834","788877001950800","788877002950800","3","1","0"
"vc9IOA90JQ2yxyT5loTl","BJIT_Tanvir","1","1984","788877001950801","788877002950801","1","1","0"
"vc9IOA90JQ2yxyT5loTl","BJIT_Tanvir","3","1098","788877001950802","788877002950802","4","1","0"
"vc9IOA90JQ2yxyT5loTl","BJIT_Tanvir","1","279","788877001950803","788877002950803","1","1","0"
"vc9IOA90JQ2yxyT5loTl","BJIT_Tanvir","2","821","788877001950804","788877002950804","4","1","0"
"vc9IOA90JQ2yxyT5loTl","BJIT_Tanvir","3","1225","788877001950805","788877002950805","5","1","0"
"vc9IOA90JQ2yxyT5loTl","BJIT_Tanvir","2","1885","788877001950806","788877002950806","2","1","0"
"vc9IOA90JQ2yxyT5loTl","BJIT_Tanvir","1","531","788877001950807","788877002950807","2","1","0"
"vc9IOA90JQ2yxyT5loTl","BJIT_Tanvir","3","1475","788877001950808","788877002950808","1","1","0"
"vc9IOA90JQ2yxyT5loTl","BJIT_Tanvir","3","388","788877001950809","788877002950809","4","1","0"
"vc9IOA90JQ2yxyT5loTl","BJIT_Tanvir","2","1886","788877001950810","788877002950810","4","1","0"
"vc9IOA90JQ2yxyT5loTl","BJIT_Tanvir","2","325","788877001950811","788877002950811","2","1","0"
"vc9IOA90JQ2yxyT5loTl","BJIT_Tanvir","1","1570","788877001950812","788877002950812","2","1","0"
"vc9IOA90JQ2yxyT5loTl","BJIT_Tanvir","1","1318","788877001950813","788877002950813","4","1","0"
"vc9IOA90JQ2yxyT5loTl","BJIT_Tanvir","3","1140","788877001950814","788877002950814","3","1","0"
"vc9IOA90JQ2yxyT5loTl","BJIT_Tanvir","3","1890","788877001950815","788877002950815","1","1","0"
"vc9IOA90JQ2yxyT5loTl","BJIT_Tanvir","1","264","788877001950816","788877002950816","2","1","0"
"vc9IOA90JQ2yxyT5loTl","BJIT_Tanvir","3","1074","788877001950817","788877002950817","2","1","0"
"vc9IOA90JQ2yxyT5loTl","BJIT_Tanvir","3","1188","788877001950818","788877002950818","5","1","0"
"vc9IOA90JQ2yxyT5loTl","BJIT_Tanvir","1","1277","788877001950819","788877002950819","4","1","0"
"vc9IOA90JQ2yxyT5loTl","BJIT_Tanvir","1","1948","788877001950820","788877002950820","3","1","0"
"vc9IOA90JQ2yxyT5loTl","BJIT_Tanvir","3","1236","788877001950821","788877002950821","2","1","0"
"vc9IOA90JQ2yxyT5loTl","BJIT_Tanvir","3","129","788877001950822","788877002950822","3","1","0"
"vc9IOA90JQ2yxyT5loTl","BJIT_Tanvir","3","748","788877001950823","788877002950823","3","1","0"
"vc9IOA90JQ2yxyT5loTl","BJIT_Tanvir","2","1783","788877001950824","788877002950824","3","1","0"
"vc9IOA90JQ2yxyT5loTl","BJIT_Tanvir","3","1588","788877001950825","788877002950825","2","1","0"
"vc9IOA90JQ2yxyT5loTl","BJIT_Tanvir","1","404","788877001950826","788877002950826","4","1","0"
"vc9IOA90JQ2yxyT5loTl","BJIT_Tanvir","3","1744","788877001950827","788877002950827","5","1","0"
"vc9IOA90JQ2yxyT5loTl","BJIT_Tanvir","1","1025","788877001950828","788877002950828","3","1","0"
"vc9IOA90JQ2yxyT5loTl","BJIT_Tanvir","1","1881","788877001950829","788877002950829","3","1","0"
"vc9IOA90JQ2yxyT5loTl","BJIT_Tanvir","3","930","788877001950830","788877002950830","2","1","0"
"vc9IOA90JQ2yxyT5loTl","BJIT_Tanvir","2","1443","788877001950831","788877002950831","1","1","0"
"vc9IOA90JQ2yxyT5loTl","BJIT_Tanvir","1","126","788877001950832","788877002950832","5","1","0"
"vc9IOA90JQ2yxyT5loTl","BJIT_Tanvir","2","792","788877001950833","788877002950833","4","1","0"
"vc9IOA90JQ2yxyT5loTl","BJIT_Tanvir","1","286","788877001950834","788877002950834","5","1","0"
"vc9IOA90JQ2yxyT5loTl","BJIT_Tanvir","1","1582","788877001950835","788877002950835","1","1","0"
"vc9IOA90JQ2yxyT5loTl","BJIT_Tanvir","3","1190","788877001950836","788877002950836","5","1","0"
"vc9IOA90JQ2yxyT5loTl","BJIT_Tanvir","2","995","788877001950837","788877002950837","1","1","0"
"vc9IOA90JQ2yxyT5loTl","BJIT_Tanvir","3","246","788877001950838","788877002950838","3","1","0"
"vc9IOA90JQ2yxyT5loTl","BJIT_Tanvir","1","418","788877001950839","788877002950839","3","1","0"
"vc9IOA90JQ2yxyT5loTl","BJIT_Tanvir","2","618","788877001950840","788877002950840","4","1","0"
"vc9IOA90JQ2yxyT5loTl","BJIT_Tanvir","3","1451","788877001950841","788877002950841","5","1","0"
"vc9IOA90JQ2yxyT5loTl","BJIT_Tanvir","2","1244","788877001950842","788877002950842","5","1","0"
"vc9IOA90JQ2yxyT5loTl","BJIT_Tanvir","1","286","788877001950843","788877002950843","1","1","0"
"vc9IOA90JQ2yxyT5loTl","BJIT_Tanvir","1","611","788877001950844","788877002950844","1","1","0"
"vc9IOA90JQ2yxyT5loTl","BJIT_Tanvir","1","1361","788877001950845","788877002950845","1","1","0"
"vc9IOA90JQ2yxyT5loTl","BJIT_Tanvir","2","1147","788877001950846","788877002950846","1","1","0"
"vc9IOA90JQ2yxyT5loTl","BJIT_Tanvir","2","233","788877001950847","788877002950847","2","1","0"
"vc9IOA90JQ2yxyT5loTl","BJIT_Tanvir","2","1128","788877001950848","788877002950848","3","1","0"
"vc9IOA90JQ2yxyT5loTl","BJIT_Tanvir","2","304","788877001950849","788877002950849","2","1","0"
"vc9IOA90JQ2yxyT5loTl","BJIT_Tanvir","3","1754","788877001950850","788877002950850","1","1","0"
"vc9IOA90JQ2yxyT5loTl","BJIT_Tanvir","2","869","788877001950851","788877002950851","3","1","0"
"vc9IOA90JQ2yxyT5loTl","BJIT_Tanvir","3","166","788877001950852","788877002950852","3","1","0"
"vc9IOA90JQ2yxyT5loTl","BJIT_Tanvir","2","1208","788877001950853","788877002950853","2","1","0"
"vc9IOA90JQ2yxyT5loTl","BJIT_Tanvir","1","29","788877001950854","788877002950854","1","1","0"
"vc9IOA90JQ2yxyT5loTl","BJIT_Tanvir","1","1845","788877001950855","788877002950855","3","1","0"
"vc9IOA90JQ2yxyT5loTl","BJIT_Tanvir","1","814","788877001950856","788877002950856","3","1","0"
"vc9IOA90JQ2yxyT5loTl","BJIT_Tanvir","1","773","788877001950857","788877002950857","5","1","0"
"vc9IOA90JQ2yxyT5loTl","BJIT_Tanvir","2","188","788877001950858","788877002950858","4","1","0"
"vc9IOA90JQ2yxyT5loTl","BJIT_Tanvir","3","1362","788877001950859","788877002950859","4","1","0"
"vc9IOA90JQ2yxyT5loTl","BJIT_Tanvir","1","1617","788877001950860","788877002950860","5","1","0"
"vc9IOA90JQ2yxyT5loTl","BJIT_Tanvir","2","1166","788877001950861","788877002950861","5","1","0"
"vc9IOA90JQ2yxyT5loTl","BJIT_Tanvir","1","887","788877001950862","788877002950862","2","1","0"
"vc9IOA90JQ2yxyT5loTl","BJIT_Tanvir","3","1625","788877001950863","788877002950863","5","1","0"
"vc9IOA90JQ2yxyT5loTl","BJIT_Tanvir","3","1454","788877001950864","788877002950864","5","1","0"
"vc9IOA90JQ2yxyT5loTl","BJIT_Tanvir","3","816","788877001950865","788877002950865","5","1","0"
"vc9IOA90JQ2yxyT5loTl","BJIT_Tanvir","3","1854","788877001950866","788877002950866","1","1","0"
"vc9IOA90JQ2yxyT5loTl","BJIT_Tanvir","3","1919","788877001950867","788877002950867","3","1","0"
"vc9IOA90JQ2yxyT5loTl","BJIT_Tanvir","2","1285","788877001950868","788877002950868","3","1","0"
"vc9IOA90JQ2yxyT5loTl","BJIT_Tanvir","1","199","788877001950869","788877002950869","2","1","0"
"vc9IOA90JQ2yxyT5loTl","BJIT_Tanvir","3","512","788877001950870","788877002950870","5","1","0"
"vc9IOA90JQ2yxyT5loTl","BJIT_Tanvir","3","127","788877001950871","788877002950871","3","1","0"
"vc9IOA90JQ2yxyT5loTl","BJIT_Tanvir","2","1211","788877001950872","788877002950872","5","1","0"
"vc9IOA90JQ2yxyT5loTl","BJIT_Tanvir","2","1730","788877001950873","788877002950873","3","1","0"
"vc9IOA90JQ2yxyT5loTl","BJIT_Tanvir","3","1969","788877001950874","788877002950874","2","1","0"
"vc9IOA90JQ2yxyT5loTl","BJIT_Tanvir","3","1258","788877001950875","788877002950875","4","1","0"
"vc9IOA90JQ2yxyT5loTl","BJIT_Tanvir","3","957","788877001950876","788877002950876","2","1","0"
"vc9IOA90JQ2yxyT5loTl","BJIT_Tanvir","1","932","788877001950877","788877002950877","2","1","0"
"vc9IOA90JQ2yxyT5loTl","BJIT_Tanvir","1","137","788877001950878","788877002950878","3","1","0"
"vc9IOA90JQ2yxyT5loTl","BJIT_Tanvir","3","977","788877001950879","788877002950879","4","1","0"
"vc9IOA90JQ2yxyT5loTl","BJIT_Tanvir","1","479","788877001950880","788877002950880","2","1","0"
"vc9IOA90JQ2yxyT5loTl","BJIT_Tanvir","1","1112","788877001950881","788877002950881","5","1","0"
"vc9IOA90JQ2yxyT5loTl","BJIT_Tanvir","1","312","788877001950882","788877002950882","5","1","0"
"vc9IOA90JQ2yxyT5loTl","BJIT_Tanvir","3","398","788877001950883","788877002950883","2","1","0"
"vc9IOA90JQ2yxyT5loTl","BJIT_Tanvir","3","578","788877001950884","788877002950884","1","1","0"
"vc9IOA90JQ2yxyT5loTl","BJIT_Tanvir","2","880","788877001950885","788877002950885","2","1","0"
"vc9IOA90JQ2yxyT5loTl","BJIT_Tanvir","3","590","788877001950886","788877002950886","1","1","0"
"vc9IOA90JQ2yxyT5loTl","BJIT_Tanvir","1","1082","788877001950887","788877002950887","1","1","0"
"vc9IOA90JQ2yxyT5loTl","BJIT_Tanvir","2","1287","788877001950888","788877002950888","1","1","0"
"vc9IOA90JQ2yxyT5loTl","BJIT_Tanvir","3","674","788877001950889","788877002950889","2","1","0"
"vc9IOA90JQ2yxyT5loTl","BJIT_Tanvir","1","1322","788877001950890","788877002950890","3","1","0"
"vc9IOA90JQ2yxyT5loTl","BJIT_Tanvir","1","1569","788877001950891","788877002950891","5","1","0"
"vc9IOA90JQ2yxyT5loTl","BJIT_Tanvir","2","583","788877001950892","788877002950892","5","1","0"
"vc9IOA90JQ2yxyT5loTl","BJIT_Tanvir","1","1248","788877001950893","788877002950893","5","1","0"
"vc9IOA90JQ2yxyT5loTl","BJIT_Tanvir","2","630","788877001950894","788877002950894","1","1","0"
"vc9IOA90JQ2yxyT5loTl","BJIT_Tanvir","2","182","788877001950895","788877002950895","2","1","0"
"vc9IOA90JQ2yxyT5loTl","BJIT_Tanvir","3","1","788877001950896","788877002950896","2","1","0"
"vc9IOA90JQ2yxyT5loTl","BJIT_Tanvir","3","99","788877001950897","788877002950897","5","1","0"
"vc9IOA90JQ2yxyT5loTl","BJIT_Tanvir","1","395","788877001950898","788877002950898","1","1","0"
"vc9IOA90JQ2yxyT5loTl","BJIT_Tanvir","2","1456","788877001950899","788877002950899","5","1","0"
"vc9IOA90JQ2yxyT5loTl","BJIT_Tanvir","1","202","788877001950900","788877002950900","2","1","0"
"vc9IOA90JQ2yxyT5loTl","BJIT_Tanvir","2","578","788877001950901","788877002950901","4","1","0"
"vc9IOA90JQ2yxyT5loTl","BJIT_Tanvir","1","1993","788877001950902","788877002950902","3","1","0"
"vc9IOA90JQ2yxyT5loTl","BJIT_Tanvir","2","381","788877001950903","788877002950903","2","1","0"
"vc9IOA90JQ2yxyT5loTl","BJIT_Tanvir","3","748","788877001950904","788877002950904","3","1","0"
"vc9IOA90JQ2yxyT5loTl","BJIT_Tanvir","1","504","788877001950905","788877002950905","2","1","0"
"vc9IOA90JQ2yxyT5loTl","BJIT_Tanvir","3","189","788877001950906","788877002950906","4","1","0"
"vc9IOA90JQ2yxyT5loTl","BJIT_Tanvir","3","759","788877001950907","788877002950907","2","1","0"
"vc9IOA90JQ2yxyT5loTl","BJIT_Tanvir","1","1864","788877001950908","788877002950908","1","1","0"
"vc9IOA90JQ2yxyT5loTl","BJIT_Tanvir","2","1644","788877001950909","788877002950909","4","1","0"
"vc9IOA90JQ2yxyT5loTl","BJIT_Tanvir","2","1792","788877001950910","788877002950910","1","1","0"
"vc9IOA90JQ2yxyT5loTl","BJIT_Tanvir","3","788","788877001950911","788877002950911","5","1","0"
"vc9IOA90JQ2yxyT5loTl","BJIT_Tanvir","3","463","788877001950912","788877002950912","5","1","0"
"vc9IOA90JQ2yxyT5loTl","BJIT_Tanvir","2","1127","788877001950913","788877002950913","4","1","0"
"vc9IOA90JQ2yxyT5loTl","BJIT_Tanvir","1","617","788877001950914","788877002950914","4","1","0"
"vc9IOA90JQ2yxyT5loTl","BJIT_Tanvir","2","791","788877001950915","788877002950915","3","1","0"
"vc9IOA90JQ2yxyT5loTl","BJIT_Tanvir","2","686","788877001950916","788877002950916","4","1","0"
"vc9IOA90JQ2yxyT5loTl","BJIT_Tanvir","1","1453","788877001950917","788877002950917","2","1","0"
"vc9IOA90JQ2yxyT5loTl","BJIT_Tanvir","2","1613","788877001950918","788877002950918","3","1","0"
"vc9IOA90JQ2yxyT5loTl","BJIT_Tanvir","1","454","788877001950919","788877002950919","4","1","0"
"vc9IOA90JQ2yxyT5loTl","BJIT_Tanvir","3","647","788877001950920","788877002950920","2","1","0"
"vc9IOA90JQ2yxyT5loTl","BJIT_Tanvir","3","235","788877001950921","788877002950921","1","1","0"
"vc9IOA90JQ2yxyT5loTl","BJIT_Tanvir","3","1505","788877001950922","788877002950922","3","1","0"
"vc9IOA90JQ2yxyT5loTl","BJIT_Tanvir","3","324","788877001950923","788877002950923","4","1","0"
"vc9IOA90JQ2yxyT5loTl","BJIT_Tanvir","1","657","788877001950924","788877002950924","3","1","0"
"vc9IOA90JQ2yxyT5loTl","BJIT_Tanvir","1","1853","788877001950925","788877002950925","5","1","0"
"vc9IOA90JQ2yxyT5loTl","BJIT_Tanvir","3","98","788877001950926","788877002950926","3","1","0"
"vc9IOA90JQ2yxyT5loTl","BJIT_Tanvir","3","1385","788877001950927","788877002950927","3","1","0"
"vc9IOA90JQ2yxyT5loTl","BJIT_Tanvir","1","538","788877001950928","788877002950928","5","1","0"
"vc9IOA90JQ2yxyT5loTl","BJIT_Tanvir","3","1945","788877001950929","788877002950929","5","1","0"
"vc9IOA90JQ2yxyT5loTl","BJIT_Tanvir","1","1787","788877001950930","788877002950930","5","1","0"
"vc9IOA90JQ2yxyT5loTl","BJIT_Tanvir","2","263","788877001950931","788877002950931","2","1","0"
"vc9IOA90JQ2yxyT5loTl","BJIT_Tanvir","3","1948","788877001950932","788877002950932","4","1","0"
"vc9IOA90JQ2yxyT5loTl","BJIT_Tanvir","1","1560","788877001950933","788877002950933","3","1","0"
"vc9IOA90JQ2yxyT5loTl","BJIT_Tanvir","3","1477","788877001950934","788877002950934","1","1","0"
"vc9IOA90JQ2yxyT5loTl","BJIT_Tanvir","2","154","788877001950935","788877002950935","4","1","0"
"vc9IOA90JQ2yxyT5loTl","BJIT_Tanvir","3","112","788877001950936","788877002950936","5","1","0"
"vc9IOA90JQ2yxyT5loTl","BJIT_Tanvir","3","385","788877001950937","788877002950937","1","1","0"
"vc9IOA90JQ2yxyT5loTl","BJIT_Tanvir","3","324","788877001950938","788877002950938","5","1","0"
"vc9IOA90JQ2yxyT5loTl","BJIT_Tanvir","2","83","788877001950939","788877002950939","1","1","0"
"vc9IOA90JQ2yxyT5loTl","BJIT_Tanvir","1","1358","788877001950940","788877002950940","3","1","0"
"vc9IOA90JQ2yxyT5loTl","BJIT_Tanvir","3","277","788877001950941","788877002950941","3","1","0"
"vc9IOA90JQ2yxyT5loTl","BJIT_Tanvir","1","26","788877001950942","788877002950942","1","1","0"
"vc9IOA90JQ2yxyT5loTl","BJIT_Tanvir","1","611","788877001950943","788877002950943","5","1","0"
"vc9IOA90JQ2yxyT5loTl","BJIT_Tanvir","3","520","788877001950944","788877002950944","5","1","0"
"vc9IOA90JQ2yxyT5loTl","BJIT_Tanvir","2","1468","788877001950945","788877002950945","2","1","0"
"vc9IOA90JQ2yxyT5loTl","BJIT_Tanvir","2","1081","788877001950946","788877002950946","1","1","0"
"vc9IOA90JQ2yxyT5loTl","BJIT_Tanvir","1","81","788877001950947","788877002950947","1","1","0"
"vc9IOA90JQ2yxyT5loTl","BJIT_Tanvir","2","1215","788877001950948","788877002950948","4","1","0"
"vc9IOA90JQ2yxyT5loTl","BJIT_Tanvir","2","962","788877001950949","788877002950949","4","1","0"
"vc9IOA90JQ2yxyT5loTl","BJIT_Tanvir","3","57","788877001950950","788877002950950","3","1","0"
"vc9IOA90JQ2yxyT5loTl","BJIT_Tanvir","3","1358","788877001950951","788877002950951","2","1","0"
"vc9IOA90JQ2yxyT5loTl","BJIT_Tanvir","1","1964","788877001950952","788877002950952","3","1","0"
"vc9IOA90JQ2yxyT5loTl","BJIT_Tanvir","3","446","788877001950953","788877002950953","1","1","0"
"vc9IOA90JQ2yxyT5loTl","BJIT_Tanvir","2","1711","788877001950954","788877002950954","5","1","0"
"vc9IOA90JQ2yxyT5loTl","BJIT_Tanvir","2","1551","788877001950955","788877002950955","2","1","0"
"vc9IOA90JQ2yxyT5loTl","BJIT_Tanvir","2","1856","788877001950956","788877002950956","2","1","0"
"vc9IOA90JQ2yxyT5loTl","BJIT_Tanvir","3","1517","788877001950957","788877002950957","1","1","0"
"vc9IOA90JQ2yxyT5loTl","BJIT_Tanvir","2","949","788877001950958","788877002950958","1","1","0"
"vc9IOA90JQ2yxyT5loTl","BJIT_Tanvir","1","1109","788877001950959","788877002950959","4","1","0"
"vc9IOA90JQ2yxyT5loTl","BJIT_Tanvir","1","1310","788877001950960","788877002950960","2","1","0"
"vc9IOA90JQ2yxyT5loTl","BJIT_Tanvir","3","1337","788877001950961","788877002950961","1","1","0"
"vc9IOA90JQ2yxyT5loTl","BJIT_Tanvir","1","953","788877001950962","788877002950962","4","1","0"
"vc9IOA90JQ2yxyT5loTl","BJIT_Tanvir","2","1449","788877001950963","788877002950963","2","1","0"
"vc9IOA90JQ2yxyT5loTl","BJIT_Tanvir","3","1964","788877001950964","788877002950964","3","1","0"
"vc9IOA90JQ2yxyT5loTl","BJIT_Tanvir","1","657","788877001950965","788877002950965","2","1","0"
"vc9IOA90JQ2yxyT5loTl","BJIT_Tanvir","2","1700","788877001950966","788877002950966","1","1","0"
"vc9IOA90JQ2yxyT5loTl","BJIT_Tanvir","2","490","788877001950967","788877002950967","4","1","0"
"vc9IOA90JQ2yxyT5loTl","BJIT_Tanvir","2","1563","788877001950968","788877002950968","5","1","0"
"vc9IOA90JQ2yxyT5loTl","BJIT_Tanvir","2","528","788877001950969","788877002950969","1","1","0"
"vc9IOA90JQ2yxyT5loTl","BJIT_Tanvir","3","184","788877001950970","788877002950970","2","1","0"
"vc9IOA90JQ2yxyT5loTl","BJIT_Tanvir","1","607","788877001950971","788877002950971","4","1","0"
"vc9IOA90JQ2yxyT5loTl","BJIT_Tanvir","3","1357","788877001950972","788877002950972","3","1","0"
"vc9IOA90JQ2yxyT5loTl","BJIT_Tanvir","2","1897","788877001950973","788877002950973","4","1","0"
"vc9IOA90JQ2yxyT5loTl","BJIT_Tanvir","1","120","788877001950974","788877002950974","3","1","0"
"vc9IOA90JQ2yxyT5loTl","BJIT_Tanvir","3","1978","788877001950975","788877002950975","4","1","0"
"vc9IOA90JQ2yxyT5loTl","BJIT_Tanvir","3","1508","788877001950976","788877002950976","4","1","0"
"vc9IOA90JQ2yxyT5loTl","BJIT_Tanvir","3","1946","788877001950977","788877002950977","2","1","0"
"vc9IOA90JQ2yxyT5loTl","BJIT_Tanvir","3","1935","788877001950978","788877002950978","1","1","0"
"vc9IOA90JQ2yxyT5loTl","BJIT_Tanvir","1","130","788877001950979","788877002950979","1","1","0"
"vc9IOA90JQ2yxyT5loTl","BJIT_Tanvir","1","208","788877001950980","788877002950980","2","1","0"
"vc9IOA90JQ2yxyT5loTl","BJIT_Tanvir","3","790","788877001950981","788877002950981","1","1","0"
"vc9IOA90JQ2yxyT5loTl","BJIT_Tanvir","1","1391","788877001950982","788877002950982","1","1","0"
"vc9IOA90JQ2yxyT5loTl","BJIT_Tanvir","1","1257","788877001950983","788877002950983","3","1","0"
"vc9IOA90JQ2yxyT5loTl","BJIT_Tanvir","3","271","788877001950984","788877002950984","4","1","0"
"vc9IOA90JQ2yxyT5loTl","BJIT_Tanvir","2","144","788877001950985","788877002950985","3","1","0"
"vc9IOA90JQ2yxyT5loTl","BJIT_Tanvir","1","1864","788877001950986","788877002950986","3","1","0"
"vc9IOA90JQ2yxyT5loTl","BJIT_Tanvir","3","573","788877001950987","788877002950987","1","1","0"
"vc9IOA90JQ2yxyT5loTl","BJIT_Tanvir","1","503","788877001950988","788877002950988","3","1","0"
"vc9IOA90JQ2yxyT5loTl","BJIT_Tanvir","2","1323","788877001950989","788877002950989","1","1","0"
"vc9IOA90JQ2yxyT5loTl","BJIT_Tanvir","3","145","788877001950990","788877002950990","4","1","0"
"vc9IOA90JQ2yxyT5loTl","BJIT_Tanvir","2","277","788877001950991","788877002950991","1","1","0"
"vc9IOA90JQ2yxyT5loTl","BJIT_Tanvir","2","494","788877001950992","788877002950992","1","1","0"
"vc9IOA90JQ2yxyT5loTl","BJIT_Tanvir","1","314","788877001950993","788877002950993","1","1","0"
"vc9IOA90JQ2yxyT5loTl","BJIT_Tanvir","2","1341","788877001950994","788877002950994","2","1","0"
"vc9IOA90JQ2yxyT5loTl","BJIT_Tanvir","1","823","788877001950995","788877002950995","4","1","0"
"vc9IOA90JQ2yxyT5loTl","BJIT_Tanvir","2","136","788877001950996","788877002950996","4","1","0"
"vc9IOA90JQ2yxyT5loTl","BJIT_Tanvir","3","979","788877001950997","788877002950997","4","1","0"
"vc9IOA90JQ2yxyT5loTl","BJIT_Tanvir","2","564","788877001950998","788877002950998","5","1","0"
"vc9IOA90JQ2yxyT5loTl","BJIT_Tanvir","3","1732","788877001950999","788877002950999","3","1","0"
"vc9IOA90JQ2yxyT5loTl","BJIT_Tanvir","3","454","788877001951000","788877002951000","3","1","0"