"DhDRAvaMx328PsIHDWIR","BJIT_Rifat","2","154","788877001950001","788877002950001","4","1","0"
"DhDRAvaMx328PsIHDWIR","BJIT_Rifat","1","1849","788877001950002","788877002950002","3","1","0"
"DhDRAvaMx328PsIHDWIR","BJIT_Rifat","2","1525","788877001950003","788877002950003","1","1","0"
"DhDRAvaMx328PsIHDWIR","BJIT_Rifat","1","147","788877001950004","788877002950004","2","1","0"
"DhDRAvaMx328PsIHDWIR","BJIT_Rifat","2","710","788877001950005","788877002950005","3","1","0"
"DhDRAvaMx328PsIHDWIR","BJIT_Rifat","1","362","788877001950006","788877002950006","5","1","0"
"DhDRAvaMx328PsIHDWIR","BJIT_Rifat","3","1814","788877001950007","788877002950007","1","1","0"
"DhDRAvaMx328PsIHDWIR","BJIT_Rifat","2","1959","788877001950008","788877002950008","4","1","0"
"DhDRAvaMx328PsIHDWIR","BJIT_Rifat","2","721","788877001950009","788877002950009","5","1","0"
"DhDRAvaMx328PsIHDWIR","BJIT_Rifat","3","300","788877001950010","788877002950010","2","1","0"
"DhDRAvaMx328PsIHDWIR","BJIT_Rifat","2","849","788877001950011","788877002950011","3","1","0"
"DhDRAvaMx328PsIHDWIR","BJIT_Rifat","2","1537","788877001950012","788877002950012","4","1","0"
"DhDRAvaMx328PsIHDWIR","BJIT_Rifat","1","573","788877001950013","788877002950013","1","1","0"
"DhDRAvaMx328PsIHDWIR","BJIT_Rifat","2","294","788877001950014","788877002950014","4","1","0"
"DhDRAvaMx328PsIHDWIR","BJIT_Rifat","1","434","788877001950015","788877002950015","2","1","0"
"DhDRAvaMx328PsIHDWIR","BJIT_Rifat","1","1721","788877001950016","788877002950016","4","1","0"
"DhDRAvaMx328PsIHDWIR","BJIT_Rifat","2","505","788877001950017","788877002950017","5","1","0"
"DhDRAvaMx328PsIHDWIR","BJIT_Rifat","1","720","788877001950018","788877002950018","2","1","0"
"DhDRAvaMx328PsIHDWIR","BJIT_Rifat","3","660","788877001950019","788877002950019","3","1","0"
"DhDRAvaMx328PsIHDWIR","BJIT_Rifat","1","1812","788877001950020","788877002950020","1","1","0"
"DhDRAvaMx328PsIHDWIR","BJIT_Rifat","3","484","788877001950021","788877002950021","3","1","0"
"DhDRAvaMx328PsIHDWIR","BJIT_Rifat","1","530","788877001950022","788877002950022","4","1","0"
"DhDRAvaMx328PsIHDWIR","BJIT_Rifat","3","1026","788877001950023","788877002950023","5","1","0"
"DhDRAvaMx328PsIHDWIR","BJIT_Rifat","3","980","788877001950024","788877002950024","1","1","0"
"DhDRAvaMx328PsIHDWIR","BJIT_Rifat","3","1644","788877001950025","788877002950025","3","1","0"
"DhDRAvaMx328PsIHDWIR","BJIT_Rifat","1","1449","788877001950026","788877002950026","5","1","0"
"DhDRAvaMx328PsIHDWIR","BJIT_Rifat","1","232","788877001950027","788877002950027","5","1","0"
"DhDRAvaMx328PsIHDWIR","BJIT_Rifat","3","866","788877001950028","788877002950028","1","1","0"
"DhDRAvaMx328PsIHDWIR","BJIT_Rifat","2","1711","788877001950029","788877002950029","3","1","0"
"DhDRAvaMx328PsIHDWIR","BJIT_Rifat","2","708","788877001950030","788877002950030","5","1","0"
"DhDRAvaMx328PsIHDWIR","BJIT_Rifat","1","747","788877001950031","788877002950031","1","1","0"
"DhDRAvaMx328PsIHDWIR","BJIT_Rifat","3","553","788877001950032","788877002950032","1","1","0"
"DhDRAvaMx328PsIHDWIR","BJIT_Rifat","1","1411","788877001950033","788877002950033","1","1","0"
"DhDRAvaMx328PsIHDWIR","BJIT_Rifat","1","132","788877001950034","788877002950034","4","1","0"
"DhDRAvaMx328PsIHDWIR","BJIT_Rifat","1","1014","788877001950035","788877002950035","2","1","0"
"DhDRAvaMx328PsIHDWIR","BJIT_Rifat","2","615","788877001950036","788877002950036","1","1","0"
"DhDRAvaMx328PsIHDWIR","BJIT_Rifat","2","1450","788877001950037","788877002950037","4","1","0"
"DhDRAvaMx328PsIHDWIR","BJIT_Rifat","3","1337","788877001950038","788877002950038","2","1","0"
"DhDRAvaMx328PsIHDWIR","BJIT_Rifat","2","235","788877001950039","788877002950039","5","1","0"
"DhDRAvaMx328PsIHDWIR","BJIT_Rifat","1","863","788877001950040","788877002950040","2","1","0"
"DhDRAvaMx328PsIHDWIR","BJIT_Rifat","3","242","788877001950041","788877002950041","2","1","0"
"DhDRAvaMx328PsIHDWIR","BJIT_Rifat","2","1938","788877001950042","788877002950042","5","1","0"
"DhDRAvaMx328PsIHDWIR","BJIT_Rifat","3","1491","788877001950043","788877002950043","5","1","0"
"DhDRAvaMx328PsIHDWIR","BJIT_Rifat","1","193","788877001950044","788877002950044","2","1","0"
"DhDRAvaMx328PsIHDWIR","BJIT_Rifat","2","1051","788877001950045","788877002950045","5","1","0"
"DhDRAvaMx328PsIHDWIR","BJIT_Rifat","1","504","788877001950046","788877002950046","2","1","0"
"DhDRAvaMx328PsIHDWIR","BJIT_Rifat","3","272","788877001950047","788877002950047","5","1","0"
"DhDRAvaMx328PsIHDWIR","BJIT_Rifat","2","860","788877001950048","788877002950048","1","1","0"
"DhDRAvaMx328PsIHDWIR","BJIT_Rifat","3","1144","788877001950049","788877002950049","3","1","0"
"DhDRAvaMx328PsIHDWIR","BJIT_Rifat","3","1785","788877001950050","788877002950050","5","1","0"
"DhDRAvaMx328PsIHDWIR","BJIT_Rifat","1","1877","788877001950051","788877002950051","4","1","0"
"DhDRAvaMx328PsIHDWIR","BJIT_Rifat","2","624","788877001950052","788877002950052","1","1","0"
"DhDRAvaMx328PsIHDWIR","BJIT_Rifat","1","1989","788877001950053","788877002950053","2","1","0"
"DhDRAvaMx328PsIHDWIR","BJIT_Rifat","3","1567","788877001950054","788877002950054","1","1","0"
"DhDRAvaMx328PsIHDWIR","BJIT_Rifat","2","492","788877001950055","788877002950055","1","1","0"
"DhDRAvaMx328PsIHDWIR","BJIT_Rifat","2","969","788877001950056","788877002950056","2","1","0"
"DhDRAvaMx328PsIHDWIR","BJIT_Rifat","1","1169","788877001950057","788877002950057","1","1","0"
"DhDRAvaMx328PsIHDWIR","BJIT_Rifat","1","761","788877001950058","788877002950058","3","1","0"
"DhDRAvaMx328PsIHDWIR","BJIT_Rifat","1","1171","788877001950059","788877002950059","5","1","0"
"DhDRAvaMx328PsIHDWIR","BJIT_Rifat","3","271","788877001950060","788877002950060","1","1","0"
"DhDRAvaMx328PsIHDWIR","BJIT_Rifat","1","1328","788877001950061","788877002950061","5","1","0"
"DhDRAvaMx328PsIHDWIR","BJIT_Rifat","1","529","788877001950062","788877002950062","4","1","0"
"DhDRAvaMx328PsIHDWIR","BJIT_Rifat","3","426","788877001950063","788877002950063","1","1","0"
"DhDRAvaMx328PsIHDWIR","BJIT_Rifat","3","429","788877001950064","788877002950064","4","1","0"
"DhDRAvaMx328PsIHDWIR","BJIT_Rifat","3","1389","788877001950065","788877002950065","2","1","0"
"DhDRAvaMx328PsIHDWIR","BJIT_Rifat","2","322","788877001950066","788877002950066","2","1","0"
"DhDRAvaMx328PsIHDWIR","BJIT_Rifat","1","559","788877001950067","788877002950067","1","1","0"
"DhDRAvaMx328PsIHDWIR","BJIT_Rifat","2","989","788877001950068","788877002950068","1","1","0"
"DhDRAvaMx328PsIHDWIR","BJIT_Rifat","2","951","788877001950069","788877002950069","2","1","0"
"DhDRAvaMx328PsIHDWIR","BJIT_Rifat","1","1959","788877001950070","788877002950070","5","1","0"
"DhDRAvaMx328PsIHDWIR","BJIT_Rifat","1","1596","788877001950071","788877002950071","3","1","0"
"DhDRAvaMx328PsIHDWIR","BJIT_Rifat","3","1540","788877001950072","788877002950072","3","1","0"
"DhDRAvaMx328PsIHDWIR","BJIT_Rifat","1","294","788877001950073","788877002950073","4","1","0"
"DhDRAvaMx328PsIHDWIR","BJIT_Rifat","2","66","788877001950074","788877002950074","1","1","0"
"DhDRAvaMx328PsIHDWIR","BJIT_Rifat","2","1049","788877001950075","788877002950075","2","1","0"
"DhDRAvaMx328PsIHDWIR","BJIT_Rifat","3","1015","788877001950076","788877002950076","5","1","0"
"DhDRAvaMx328PsIHDWIR","BJIT_Rifat","2","1748","788877001950077","788877002950077","4","1","0"
"DhDRAvaMx328PsIHDWIR","BJIT_Rifat","2","958","788877001950078","788877002950078","1","1","0"
"DhDRAvaMx328PsIHDWIR","BJIT_Rifat","3","786","788877001950079","788877002950079","1","1","0"
"DhDRAvaMx328PsIHDWIR","BJIT_Rifat","3","532","788877001950080","788877002950080","2","1","0"
"DhDRAvaMx328PsIHDWIR","BJIT_Rifat","3","544","788877001950081","788877002950081","2","1","0"
"DhDRAvaMx328PsIHDWIR","BJIT_Rifat","3","1419","788877001950082","788877002950082","2","1","0"
"DhDRAvaMx328PsIHDWIR","BJIT_Rifat","1","1220","788877001950083","788877002950083","4","1","0"
"DhDRAvaMx328PsIHDWIR","BJIT_Rifat","3","1216","788877001950084","788877002950084","2","1","0"
"DhDRAvaMx328PsIHDWIR","BJIT_Rifat","3","1695","788877001950085","788877002950085","5","1","0"
"DhDRAvaMx328PsIHDWIR","BJIT_Rifat","2","1148","788877001950086","788877002950086","2","1","0"
"DhDRAvaMx328PsIHDWIR","BJIT_Rifat","1","1263","788877001950087","788877002950087","5","1","0"
"DhDRAvaMx328PsIHDWIR","BJIT_Rifat","1","1928","788877001950088","788877002950088","3","1","0"
"DhDRAvaMx328PsIHDWIR","BJIT_Rifat","1","1187","788877001950089","788877002950089","2","1","0"
"DhDRAvaMx328PsIHDWIR","BJIT_Rifat","2","929","788877001950090","788877002950090","1","1","0"
"DhDRAvaMx328PsIHDWIR","BJIT_Rifat","3","143","788877001950091","788877002950091","3","1","0"
"DhDRAvaMx328PsIHDWIR","BJIT_Rifat","1","158","788877001950092","788877002950092","4","1","0"
"DhDRAvaMx328PsIHDWIR","BJIT_Rifat","2","939","788877001950093","788877002950093","1","1","0"
"DhDRAvaMx328PsIHDWIR","BJIT_Rifat","2","195","788877001950094","788877002950094","3","1","0"
"DhDRAvaMx328PsIHDWIR","BJIT_Rifat","2","354","788877001950095","788877002950095","1","1","0"
"DhDRAvaMx328PsIHDWIR","BJIT_Rifat","1","1522","788877001950096","788877002950096","1","1","0"
"DhDRAvaMx328PsIHDWIR","BJIT_Rifat","1","744","788877001950097","788877002950097","5","1","0"
"DhDRAvaMx328PsIHDWIR","BJIT_Rifat","2","1854","788877001950098","788877002950098","3","1","0"
"DhDRAvaMx328PsIHDWIR","BJIT_Rifat","1","1284","788877001950099","788877002950099","2","1","0"
"DhDRAvaMx328PsIHDWIR","BJIT_Rifat","1","1982","788877001950100","788877002950100","4","1","0"
"DhDRAvaMx328PsIHDWIR","BJIT_Rifat","3","1910","788877001950101","788877002950101","2","1","0"
"DhDRAvaMx328PsIHDWIR","BJIT_Rifat","1","665","788877001950102","788877002950102","2","1","0"
"DhDRAvaMx328PsIHDWIR","BJIT_Rifat","2","504","788877001950103","788877002950103","3","1","0"
"DhDRAvaMx328PsIHDWIR","BJIT_Rifat","1","440","788877001950104","788877002950104","4","1","0"
"DhDRAvaMx328PsIHDWIR","BJIT_Rifat","1","539","788877001950105","788877002950105","2","1","0"
"DhDRAvaMx328PsIHDWIR","BJIT_Rifat","1","1130","788877001950106","788877002950106","1","1","0"
"DhDRAvaMx328PsIHDWIR","BJIT_Rifat","3","669","788877001950107","788877002950107","5","1","0"
"DhDRAvaMx328PsIHDWIR","BJIT_Rifat","2","903","788877001950108","788877002950108","1","1","0"
"DhDRAvaMx328PsIHDWIR","BJIT_Rifat","3","790","788877001950109","788877002950109","1","1","0"
"DhDRAvaMx328PsIHDWIR","BJIT_Rifat","3","1835","788877001950110","788877002950110","2","1","0"
"DhDRAvaMx328PsIHDWIR","BJIT_Rifat","1","1289","788877001950111","788877002950111","5","1","0"
"DhDRAvaMx328PsIHDWIR","BJIT_Rifat","2","977","788877001950112","788877002950112","3","1","0"
"DhDRAvaMx328PsIHDWIR","BJIT_Rifat","1","1755","788877001950113","788877002950113","2","1","0"
"DhDRAvaMx328PsIHDWIR","BJIT_Rifat","3","1564","788877001950114","788877002950114","4","1","0"
"DhDRAvaMx328PsIHDWIR","BJIT_Rifat","2","902","788877001950115","788877002950115","3","1","0"
"DhDRAvaMx328PsIHDWIR","BJIT_Rifat","2","900","788877001950116","788877002950116","5","1","0"
"DhDRAvaMx328PsIHDWIR","BJIT_Rifat","2","1988","788877001950117","788877002950117","3","1","0"
"DhDRAvaMx328PsIHDWIR","BJIT_Rifat","1","1588","788877001950118","788877002950118","5","1","0"
"DhDRAvaMx328PsIHDWIR","BJIT_Rifat","3","193","788877001950119","788877002950119","5","1","0"
"DhDRAvaMx328PsIHDWIR","BJIT_Rifat","3","424","788877001950120","788877002950120","3","1","0"
"DhDRAvaMx328PsIHDWIR","BJIT_Rifat","1","493","788877001950121","788877002950121","4","1","0"
"DhDRAvaMx328PsIHDWIR","BJIT_Rifat","1","1980","788877001950122","788877002950122","4","1","0"
"DhDRAvaMx328PsIHDWIR","BJIT_Rifat","1","1762","788877001950123","788877002950123","5","1","0"
"DhDRAvaMx328PsIHDWIR","BJIT_Rifat","3","61","788877001950124","788877002950124","5","1","0"
"DhDRAvaMx328PsIHDWIR","BJIT_Rifat","1","1784","788877001950125","788877002950125","3","1","0"
"DhDRAvaMx328PsIHDWIR","BJIT_Rifat","2","10","788877001950126","788877002950126","2","1","0"
"DhDRAvaMx328PsIHDWIR","BJIT_Rifat","2","258","788877001950127","788877002950127","3","1","0"
"DhDRAvaMx328PsIHDWIR","BJIT_Rifat","1","1989","788877001950128","788877002950128","3","1","0"
"DhDRAvaMx328PsIHDWIR","BJIT_Rifat","1","1782","788877001950129","788877002950129","5","1","0"
"DhDRAvaMx328PsIHDWIR","BJIT_Rifat","1","1638","788877001950130","788877002950130","1","1","0"
"DhDRAvaMx328PsIHDWIR","BJIT_Rifat","3","823","788877001950131","788877002950131","2","1","0"
"DhDRAvaMx328PsIHDWIR","BJIT_Rifat","3","1963","788877001950132","788877002950132","4","1","0"
"DhDRAvaMx328PsIHDWIR","BJIT_Rifat","3","1166","788877001950133","788877002950133","2","1","0"
"DhDRAvaMx328PsIHDWIR","BJIT_Rifat","3","1495","788877001950134","788877002950134","3","1","0"
"DhDRAvaMx328PsIHDWIR","BJIT_Rifat","1","1548","788877001950135","788877002950135","5","1","0"
"DhDRAvaMx328PsIHDWIR","BJIT_Rifat","1","1144","788877001950136","788877002950136","2","1","0"
"DhDRAvaMx328PsIHDWIR","BJIT_Rifat","3","1569","788877001950137","788877002950137","1","1","0"
"DhDRAvaMx328PsIHDWIR","BJIT_Rifat","1","57","788877001950138","788877002950138","3","1","0"
"DhDRAvaMx328PsIHDWIR","BJIT_Rifat","2","1663","788877001950139","788877002950139","5","1","0"
"DhDRAvaMx328PsIHDWIR","BJIT_Rifat","1","464","788877001950140","788877002950140","1","1","0"
"DhDRAvaMx328PsIHDWIR","BJIT_Rifat","3","1010","788877001950141","788877002950141","5","1","0"
"DhDRAvaMx328PsIHDWIR","BJIT_Rifat","3","594","788877001950142","788877002950142","3","1","0"
"DhDRAvaMx328PsIHDWIR","BJIT_Rifat","3","191","788877001950143","788877002950143","4","1","0"
"DhDRAvaMx328PsIHDWIR","BJIT_Rifat","1","995","788877001950144","788877002950144","3","1","0"
"DhDRAvaMx328PsIHDWIR","BJIT_Rifat","2","573","788877001950145","788877002950145","2","1","0"
"DhDRAvaMx328PsIHDWIR","BJIT_Rifat","3","1824","788877001950146","788877002950146","5","1","0"
"DhDRAvaMx328PsIHDWIR","BJIT_Rifat","2","1089","788877001950147","788877002950147","1","1","0"
"DhDRAvaMx328PsIHDWIR","BJIT_Rifat","3","1635","788877001950148","788877002950148","2","1","0"
"DhDRAvaMx328PsIHDWIR","BJIT_Rifat","2","492","788877001950149","788877002950149","4","1","0"
"DhDRAvaMx328PsIHDWIR","BJIT_Rifat","1","1129","788877001950150","788877002950150","5","1","0"
"DhDRAvaMx328PsIHDWIR","BJIT_Rifat","3","1971","788877001950151","788877002950151","3","1","0"
"DhDRAvaMx328PsIHDWIR","BJIT_Rifat","1","234","788877001950152","788877002950152","2","1","0"
"DhDRAvaMx328PsIHDWIR","BJIT_Rifat","2","1329","788877001950153","788877002950153","3","1","0"
"DhDRAvaMx328PsIHDWIR","BJIT_Rifat","2","307","788877001950154","788877002950154","1","1","0"
"DhDRAvaMx328PsIHDWIR","BJIT_Rifat","2","1942","788877001950155","788877002950155","1","1","0"
"DhDRAvaMx328PsIHDWIR","BJIT_Rifat","1","24","788877001950156","788877002950156","5","1","0"
"DhDRAvaMx328PsIHDWIR","BJIT_Rifat","2","713","788877001950157","788877002950157","3","1","0"
"DhDRAvaMx328PsIHDWIR","BJIT_Rifat","2","832","788877001950158","788877002950158","3","1","0"
"DhDRAvaMx328PsIHDWIR","BJIT_Rifat","2","527","788877001950159","788877002950159","3","1","0"
"DhDRAvaMx328PsIHDWIR","BJIT_Rifat","3","301","788877001950160","788877002950160","1","1","0"
"DhDRAvaMx328PsIHDWIR","BJIT_Rifat","1","354","788877001950161","788877002950161","5","1","0"
"DhDRAvaMx328PsIHDWIR","BJIT_Rifat","3","946","788877001950162","788877002950162","3","1","0"
"DhDRAvaMx328PsIHDWIR","BJIT_Rifat","1","763","788877001950163","788877002950163","5","1","0"
"DhDRAvaMx328PsIHDWIR","BJIT_Rifat","3","251","788877001950164","788877002950164","3","1","0"
"DhDRAvaMx328PsIHDWIR","BJIT_Rifat","2","1623","788877001950165","788877002950165","4","1","0"
"DhDRAvaMx328PsIHDWIR","BJIT_Rifat","1","1150","788877001950166","788877002950166","1","1","0"
"DhDRAvaMx328PsIHDWIR","BJIT_Rifat","2","693","788877001950167","788877002950167","2","1","0"
"DhDRAvaMx328PsIHDWIR","BJIT_Rifat","3","1102","788877001950168","788877002950168","2","1","0"
"DhDRAvaMx328PsIHDWIR","BJIT_Rifat","1","1871","788877001950169","788877002950169","5","1","0"
"DhDRAvaMx328PsIHDWIR","BJIT_Rifat","2","1386","788877001950170","788877002950170","1","1","0"
"DhDRAvaMx328PsIHDWIR","BJIT_Rifat","3","1389","788877001950171","788877002950171","4","1","0"
"DhDRAvaMx328PsIHDWIR","BJIT_Rifat","1","1610","788877001950172","788877002950172","4","1","0"
"DhDRAvaMx328PsIHDWIR","BJIT_Rifat","1","644","788877001950173","788877002950173","2","1","0"
"DhDRAvaMx328PsIHDWIR","BJIT_Rifat","1","679","788877001950174","788877002950174","5","1","0"
"DhDRAvaMx328PsIHDWIR","BJIT_Rifat","2","151","788877001950175","788877002950175","2","1","0"
"DhDRAvaMx328PsIHDWIR","BJIT_Rifat","3","193","788877001950176","788877002950176","1","1","0"
"DhDRAvaMx328PsIHDWIR","BJIT_Rifat","1","1349","788877001950177","788877002950177","4","1","0"
"DhDRAvaMx328PsIHDWIR","BJIT_Rifat","2","149","788877001950178","788877002950178","5","1","0"
"DhDRAvaMx328PsIHDWIR","BJIT_Rifat","2","1507","788877001950179","788877002950179","2","1","0"
"DhDRAvaMx328PsIHDWIR","BJIT_Rifat","1","1916","788877001950180","788877002950180","4","1","0"
"DhDRAvaMx328PsIHDWIR","BJIT_Rifat","3","1944","788877001950181","788877002950181","4","1","0"
"DhDRAvaMx328PsIHDWIR","BJIT_Rifat","2","126","788877001950182","788877002950182","2","1","0"
"DhDRAvaMx328PsIHDWIR","BJIT_Rifat","1","129","788877001950183","788877002950183","1","1","0"
"DhDRAvaMx328PsIHDWIR","BJIT_Rifat","2","5","788877001950184","788877002950184","3","1","0"
"DhDRAvaMx328PsIHDWIR","BJIT_Rifat","2","1339","788877001950185","788877002950185","5","1","0"
"DhDRAvaMx328PsIHDWIR","BJIT_Rifat","3","78","788877001950186","788877002950186","3","1","0"
"DhDRAvaMx328PsIHDWIR","BJIT_Rifat","1","960","788877001950187","788877002950187","5","1","0"
"DhDRAvaMx328PsIHDWIR","BJIT_Rifat","2","1419","788877001950188","788877002950188","1","1","0"
"DhDRAvaMx328PsIHDWIR","BJIT_Rifat","2","1567","788877001950189","788877002950189","1","1","0"
"DhDRAvaMx328PsIHDWIR","BJIT_Rifat","3","89","788877001950190","788877002950190","3","1","0"
"DhDRAvaMx328PsIHDWIR","BJIT_Rifat","2","563","788877001950191","788877002950191","4","1","0"
"DhDRAvaMx328PsIHDWIR","BJIT_Rifat","3","64","788877001950192","788877002950192","4","1","0"
"DhDRAvaMx328PsIHDWIR","BJIT_Rifat","3","817","788877001950193","788877002950193","2","1","0"
"DhDRAvaMx328PsIHDWIR","BJIT_Rifat","1","1025","788877001950194","788877002950194","1","1","0"
"DhDRAvaMx328PsIHDWIR","BJIT_Rifat","3","938","788877001950195","788877002950195","3","1","0"
"DhDRAvaMx328PsIHDWIR","BJIT_Rifat","2","179","788877001950196","788877002950196","3","1","0"
"DhDRAvaMx328PsIHDWIR","BJIT_Rifat","2","1895","788877001950197","788877002950197","5","1","0"
"DhDRAvaMx328PsIHDWIR","BJIT_Rifat","3","223","788877001950198","788877002950198","3","1","0"
"DhDRAvaMx328PsIHDWIR","BJIT_Rifat","1","1540","788877001950199","788877002950199","1","1","0"
"DhDRAvaMx328PsIHDWIR","BJIT_Rifat","1","441","788877001950200","788877002950200","4","1","0"
"DhDRAvaMx328PsIHDWIR","BJIT_Rifat","2","1029","788877001950201","788877002950201","5","1","0"
"DhDRAvaMx328PsIHDWIR","BJIT_Rifat","3","1256","788877001950202","788877002950202","1","1","0"
"DhDRAvaMx328PsIHDWIR","BJIT_Rifat","2","891","788877001950203","788877002950203","3","1","0"
"DhDRAvaMx328PsIHDWIR","BJIT_Rifat","1","1137","788877001950204","788877002950204","2","1","0"
"DhDRAvaMx328PsIHDWIR","BJIT_Rifat","2","114","788877001950205","788877002950205","3","1","0"
"DhDRAvaMx328PsIHDWIR","BJIT_Rifat","2","1968","788877001950206","788877002950206","1","1","0"
"DhDRAvaMx328PsIHDWIR","BJIT_Rifat","2","896","788877001950207","788877002950207","5","1","0"
"DhDRAvaMx328PsIHDWIR","BJIT_Rifat","3","962","788877001950208","788877002950208","2","1","0"
"DhDRAvaMx328PsIHDWIR","BJIT_Rifat","3","318","788877001950209","788877002950209","3","1","0"
"DhDRAvaMx328PsIHDWIR","BJIT_Rifat","3","1186","788877001950210","788877002950210","2","1","0"
"DhDRAvaMx328PsIHDWIR","BJIT_Rifat","2","1487","788877001950211","788877002950211","3","1","0"
"DhDRAvaMx328PsIHDWIR","BJIT_Rifat","2","1884","788877001950212","788877002950212","4","1","0"
"DhDRAvaMx328PsIHDWIR","BJIT_Rifat","2","503","788877001950213","788877002950213","1","1","0"
"DhDRAvaMx328PsIHDWIR","BJIT_Rifat","1","1469","788877001950214","788877002950214","5","1","0"
"DhDRAvaMx328PsIHDWIR","BJIT_Rifat","2","228","788877001950215","788877002950215","3","1","0"
"DhDRAvaMx328PsIHDWIR","BJIT_Rifat","1","116","788877001950216","788877002950216","1","1","0"
"DhDRAvaMx328PsIHDWIR","BJIT_Rifat","2","1210","788877001950217","788877002950217","1","1","0"
"DhDRAvaMx328PsIHDWIR","BJIT_Rifat","2","1193","788877001950218","788877002950218","4","1","0"
"DhDRAvaMx328PsIHDWIR","BJIT_Rifat","3","763","788877001950219","788877002950219","2","1","0"
"DhDRAvaMx328PsIHDWIR","BJIT_Rifat","1","208","788877001950220","788877002950220","3","1","0"
"DhDRAvaMx328PsIHDWIR","BJIT_Rifat","2","332","788877001950221","788877002950221","2","1","0"
"DhDRAvaMx328PsIHDWIR","BJIT_Rifat","2","419","788877001950222","788877002950222","5","1","0"
"DhDRAvaMx328PsIHDWIR","BJIT_Rifat","2","1092","788877001950223","788877002950223","5","1","0"
"DhDRAvaMx328PsIHDWIR","BJIT_Rifat","1","609","788877001950224","788877002950224","5","1","0"
"DhDRAvaMx328PsIHDWIR","BJIT_Rifat","1","1430","788877001950225","788877002950225","2","1","0"
"DhDRAvaMx328PsIHDWIR","BJIT_Rifat","1","1058","788877001950226","788877002950226","3","1","0"
"DhDRAvaMx328PsIHDWIR","BJIT_Rifat","3","1825","788877001950227","788877002950227","5","1","0"
"DhDRAvaMx328PsIHDWIR","BJIT_Rifat","1","912","788877001950228","788877002950228","2","1","0"
"DhDRAvaMx328PsIHDWIR","BJIT_Rifat","3","1256","788877001950229","788877002950229","3","1","0"
"DhDRAvaMx328PsIHDWIR","BJIT_Rifat","3","1120","788877001950230","788877002950230","5","1","0"
"DhDRAvaMx328PsIHDWIR","BJIT_Rifat","2","225","788877001950231","788877002950231","4","1","0"
"DhDRAvaMx328PsIHDWIR","BJIT_Rifat","1","1597","788877001950232","788877002950232","4","1","0"
"DhDRAvaMx328PsIHDWIR","BJIT_Rifat","3","655","788877001950233","788877002950233","4","1","0"
"DhDRAvaMx328PsIHDWIR","BJIT_Rifat","1","847","788877001950234","788877002950234","3","1","0"
"DhDRAvaMx328PsIHDWIR","BJIT_Rifat","3","1469","788877001950235","788877002950235","2","1","0"
"DhDRAvaMx328PsIHDWIR","BJIT_Rifat","3","1916","788877001950236","788877002950236","2","1","0"
"DhDRAvaMx328PsIHDWIR","BJIT_Rifat","3","1595","788877001950237","788877002950237","5","1","0"
"DhDRAvaMx328PsIHDWIR","BJIT_Rifat","1","1401","788877001950238","788877002950238","5","1","0"
"DhDRAvaMx328PsIHDWIR","BJIT_Rifat","2","298","788877001950239","788877002950239","3","1","0"
"DhDRAvaMx328PsIHDWIR","BJIT_Rifat","1","600","788877001950240","788877002950240","2","1","0"
"DhDRAvaMx328PsIHDWIR","BJIT_Rifat","2","215","788877001950241","788877002950241","5","1","0"
"DhDRAvaMx328PsIHDWIR","BJIT_Rifat","1","629","788877001950242","788877002950242","2","1","0"
"DhDRAvaMx328PsIHDWIR","BJIT_Rifat","2","448","788877001950243","788877002950243","3","1","0"
"DhDRAvaMx328PsIHDWIR","BJIT_Rifat","2","174","788877001950244","788877002950244","4","1","0"
"DhDRAvaMx328PsIHDWIR","BJIT_Rifat","3","1274","788877001950245","788877002950245","1","1","0"
"DhDRAvaMx328PsIHDWIR","BJIT_Rifat","3","1415","788877001950246","788877002950246","3","1","0"
"DhDRAvaMx328PsIHDWIR","BJIT_Rifat","1","1993","788877001950247","788877002950247","1","1","0"
"DhDRAvaMx328PsIHDWIR","BJIT_Rifat","1","1657","788877001950248","788877002950248","1","1","0"
"DhDRAvaMx328PsIHDWIR","BJIT_Rifat","3","1599","788877001950249","788877002950249","4","1","0"
"DhDRAvaMx328PsIHDWIR","BJIT_Rifat","2","1864","788877001950250","788877002950250","3","1","0"
"DhDRAvaMx328PsIHDWIR","BJIT_Rifat","1","98","788877001950251","788877002950251","3","1","0"
"DhDRAvaMx328PsIHDWIR","BJIT_Rifat","2","1347","788877001950252","788877002950252","2","1","0"
"DhDRAvaMx328PsIHDWIR","BJIT_Rifat","1","1315","788877001950253","788877002950253","4","1","0"
"DhDRAvaMx328PsIHDWIR","BJIT_Rifat","3","531","788877001950254","788877002950254","4","1","0"
"DhDRAvaMx328PsIHDWIR","BJIT_Rifat","1","885","788877001950255","788877002950255","3","1","0"
"DhDRAvaMx328PsIHDWIR","BJIT_Rifat","2","527","788877001950256","788877002950256","2","1","0"
"DhDRAvaMx328PsIHDWIR","BJIT_Rifat","1","1233","788877001950257","788877002950257","1","1","0"
"DhDRAvaMx328PsIHDWIR","BJIT_Rifat","2","831","788877001950258","788877002950258","5","1","0"
"DhDRAvaMx328PsIHDWIR","BJIT_Rifat","2","951","788877001950259","788877002950259","1","1","0"
"DhDRAvaMx328PsIHDWIR","BJIT_Rifat","2","1568","788877001950260","788877002950260","4","1","0"
"DhDRAvaMx328PsIHDWIR","BJIT_Rifat","2","1085","788877001950261","788877002950261","5","1","0"
"DhDRAvaMx328PsIHDWIR","BJIT_Rifat","2","444","788877001950262","788877002950262","3","1","0"
"DhDRAvaMx328PsIHDWIR","BJIT_Rifat","1","1960","788877001950263","788877002950263","2","1","0"
"DhDRAvaMx328PsIHDWIR","BJIT_Rifat","1","292","788877001950264","788877002950264","3","1","0"
"DhDRAvaMx328PsIHDWIR","BJIT_Rifat","1","1001","788877001950265","788877002950265","3","1","0"
"DhDRAvaMx328PsIHDWIR","BJIT_Rifat","2","841","788877001950266","788877002950266","3","1","0"
"DhDRAvaMx328PsIHDWIR","BJIT_Rifat","3","449","788877001950267","788877002950267","4","1","0"
"DhDRAvaMx328PsIHDWIR","BJIT_Rifat","1","138","788877001950268","788877002950268","5","1","0"
"DhDRAvaMx328PsIHDWIR","BJIT_Rifat","3","1309","788877001950269","788877002950269","5","1","0"
"DhDRAvaMx328PsIHDWIR","BJIT_Rifat","2","981","788877001950270","788877002950270","5","1","0"
"DhDRAvaMx328PsIHDWIR","BJIT_Rifat","2","1033","788877001950271","788877002950271","3","1","0"
"DhDRAvaMx328PsIHDWIR","BJIT_Rifat","1","399","788877001950272","788877002950272","3","1","0"
"DhDRAvaMx328PsIHDWIR","BJIT_Rifat","2","1705","788877001950273","788877002950273","2","1","0"
"DhDRAvaMx328PsIHDWIR","BJIT_Rifat","2","686","788877001950274","788877002950274","4","1","0"
"DhDRAvaMx328PsIHDWIR","BJIT_Rifat","2","1665","788877001950275","788877002950275","4","1","0"
"DhDRAvaMx328PsIHDWIR","BJIT_Rifat","3","485","788877001950276","788877002950276","5","1","0"
"DhDRAvaMx328PsIHDWIR","BJIT_Rifat","1","713","788877001950277","788877002950277","1","1","0"
"DhDRAvaMx328PsIHDWIR","BJIT_Rifat","1","908","788877001950278","788877002950278","5","1","0"
"DhDRAvaMx328PsIHDWIR","BJIT_Rifat","1","166","788877001950279","788877002950279","5","1","0"
"DhDRAvaMx328PsIHDWIR","BJIT_Rifat","2","87","788877001950280","788877002950280","3","1","0"
"DhDRAvaMx328PsIHDWIR","BJIT_Rifat","2","1970","788877001950281","788877002950281","1","1","0"
"DhDRAvaMx328PsIHDWIR","BJIT_Rifat","2","1200","788877001950282","788877002950282","1","1","0"
"DhDRAvaMx328PsIHDWIR","BJIT_Rifat","3","557","788877001950283","788877002950283","4","1","0"
"DhDRAvaMx328PsIHDWIR","BJIT_Rifat","2","77","788877001950284","788877002950284","3","1","0"
"DhDRAvaMx328PsIHDWIR","BJIT_Rifat","2","1569","788877001950285","788877002950285","5","1","0"
"DhDRAvaMx328PsIHDWIR","BJIT_Rifat","3","641","788877001950286","788877002950286","2","1","0"
"DhDRAvaMx328PsIHDWIR","BJIT_Rifat","2","1254","788877001950287","788877002950287","3","1","0"
"DhDRAvaMx328PsIHDWIR","BJIT_Rifat","1","1924","788877001950288","788877002950288","3","1","0"
"DhDRAvaMx328PsIHDWIR","BJIT_Rifat","1","920","788877001950289","788877002950289","3","1","0"
"DhDRAvaMx328PsIHDWIR","BJIT_Rifat","1","1192","788877001950290","788877002950290","2","1","0"
"DhDRAvaMx328PsIHDWIR","BJIT_Rifat","1","311","788877001950291","788877002950291","1","1","0"
"DhDRAvaMx328PsIHDWIR","BJIT_Rifat","1","80","788877001950292","788877002950292","2","1","0"
"DhDRAvaMx328PsIHDWIR","BJIT_Rifat","2","941","788877001950293","788877002950293","2","1","0"
"DhDRAvaMx328PsIHDWIR","BJIT_Rifat","3","1577","788877001950294","788877002950294","5","1","0"
"DhDRAvaMx328PsIHDWIR","BJIT_Rifat","3","279","788877001950295","788877002950295","1","1","0"
"DhDRAvaMx328PsIHDWIR","BJIT_Rifat","2","765","788877001950296","788877002950296","5","1","0"
"DhDRAvaMx328PsIHDWIR","BJIT_Rifat","1","1876","788877001950297","788877002950297","5","1","0"
"DhDRAvaMx328PsIHDWIR","BJIT_Rifat","3","782","788877001950298","788877002950298","2","1","0"
"DhDRAvaMx328PsIHDWIR","BJIT_Rifat","1","899","788877001950299","788877002950299","2","1","0"
"DhDRAvaMx328PsIHDWIR","BJIT_Rifat","2","975","788877001950300","788877002950300","1","1","0"
"DhDRAvaMx328PsIHDWIR","BJIT_Rifat","1","709","788877001950301","788877002950301","3","1","0"
"DhDRAvaMx328PsIHDWIR","BJIT_Rifat","1","1133","788877001950302","788877002950302","2","1","0"
"DhDRAvaMx328PsIHDWIR","BJIT_Rifat","1","648","788877001950303","788877002950303","2","1","0"
"DhDRAvaMx328PsIHDWIR","BJIT_Rifat","3","396","788877001950304","788877002950304","2","1","0"
"DhDRAvaMx328PsIHDWIR","BJIT_Rifat","3","344","788877001950305","788877002950305","3","1","0"
"DhDRAvaMx328PsIHDWIR","BJIT_Rifat","2","1595","788877001950306","788877002950306","5","1","0"
"DhDRAvaMx328PsIHDWIR","BJIT_Rifat","3","1916","788877001950307","788877002950307","1","1","0"
"DhDRAvaMx328PsIHDWIR","BJIT_Rifat","1","739","788877001950308","788877002950308","2","1","0"
"DhDRAvaMx328PsIHDWIR","BJIT_Rifat","3","970","788877001950309","788877002950309","3","1","0"
"DhDRAvaMx328PsIHDWIR","BJIT_Rifat","3","1494","788877001950310","788877002950310","5","1","0"
"DhDRAvaMx328PsIHDWIR","BJIT_Rifat","2","1117","788877001950311","788877002950311","3","1","0"
"DhDRAvaMx328PsIHDWIR","BJIT_Rifat","1","1091","788877001950312","788877002950312","5","1","0"
"DhDRAvaMx328PsIHDWIR","BJIT_Rifat","3","1334","788877001950313","788877002950313","1","1","0"
"DhDRAvaMx328PsIHDWIR","BJIT_Rifat","2","1123","788877001950314","788877002950314","4","1","0"
"DhDRAvaMx328PsIHDWIR","BJIT_Rifat","3","1252","788877001950315","788877002950315","1","1","0"
"DhDRAvaMx328PsIHDWIR","BJIT_Rifat","3","1853","788877001950316","788877002950316","5","1","0"
"DhDRAvaMx328PsIHDWIR","BJIT_Rifat","1","1006","788877001950317","788877002950317","5","1","0"
"DhDRAvaMx328PsIHDWIR","BJIT_Rifat","2","684","788877001950318","788877002950318","5","1","0"
"DhDRAvaMx328PsIHDWIR","BJIT_Rifat","2","810","788877001950319","788877002950319","1","1","0"
"DhDRAvaMx328PsIHDWIR","BJIT_Rifat","2","1025","788877001950320","788877002950320","3","1","0"
"DhDRAvaMx328PsIHDWIR","BJIT_Rifat","3","1240","788877001950321","788877002950321","2","1","0"
"DhDRAvaMx328PsIHDWIR","BJIT_Rifat","3","486","788877001950322","788877002950322","5","1","0"
"DhDRAvaMx328PsIHDWIR","BJIT_Rifat","1","839","788877001950323","788877002950323","5","1","0"
"DhDRAvaMx328PsIHDWIR","BJIT_Rifat","2","1242","788877001950324","788877002950324","5","1","0"
"DhDRAvaMx328PsIHDWIR","BJIT_Rifat","3","711","788877001950325","788877002950325","4","1","0"
"DhDRAvaMx328PsIHDWIR","BJIT_Rifat","1","86","788877001950326","788877002950326","4","1","0"
"DhDRAvaMx328PsIHDWIR","BJIT_Rifat","2","288","788877001950327","788877002950327","4","1","0"
"DhDRAvaMx328PsIHDWIR","BJIT_Rifat","2","476","788877001950328","788877002950328","3","1","0"
"DhDRAvaMx328PsIHDWIR","BJIT_Rifat","2","150","788877001950329","788877002950329","4","1","0"
"DhDRAvaMx328PsIHDWIR","BJIT_Rifat","3","928","788877001950330","788877002950330","2","1","0"
"DhDRAvaMx328PsIHDWIR","BJIT_Rifat","2","506","788877001950331","788877002950331","5","1","0"
"DhDRAvaMx328PsIHDWIR","BJIT_Rifat","2","1589","788877001950332","788877002950332","4","1","0"
"DhDRAvaMx328PsIHDWIR","BJIT_Rifat","2","1314","788877001950333","788877002950333","5","1","0"
"DhDRAvaMx328PsIHDWIR","BJIT_Rifat","1","328","788877001950334","788877002950334","1","1","0"
"DhDRAvaMx328PsIHDWIR","BJIT_Rifat","3","464","788877001950335","788877002950335","5","1","0"
"DhDRAvaMx328PsIHDWIR","BJIT_Rifat","1","1346","788877001950336","788877002950336","4","1","0"
"DhDRAvaMx328PsIHDWIR","BJIT_Rifat","2","10","788877001950337","788877002950337","5","1","0"
"DhDRAvaMx328PsIHDWIR","BJIT_Rifat","1","932","788877001950338","788877002950338","2","1","0"
"DhDRAvaMx328PsIHDWIR","BJIT_Rifat","3","292","788877001950339","788877002950339","5","1","0"
"DhDRAvaMx328PsIHDWIR","BJIT_Rifat","3","1058","788877001950340","788877002950340","3","1","0"
"DhDRAvaMx328PsIHDWIR","BJIT_Rifat","3","1444","788877001950341","788877002950341","4","1","0"
"DhDRAvaMx328PsIHDWIR","BJIT_Rifat","1","1850","788877001950342","788877002950342","2","1","0"
"DhDRAvaMx328PsIHDWIR","BJIT_Rifat","3","88","788877001950343","788877002950343","5","1","0"
"DhDRAvaMx328PsIHDWIR","BJIT_Rifat","1","206","788877001950344","788877002950344","5","1","0"
"DhDRAvaMx328PsIHDWIR","BJIT_Rifat","3","1328","788877001950345","788877002950345","2","1","0"
"DhDRAvaMx328PsIHDWIR","BJIT_Rifat","1","710","788877001950346","788877002950346","1","1","0"
"DhDRAvaMx328PsIHDWIR","BJIT_Rifat","2","922","788877001950347","788877002950347","5","1","0"
"DhDRAvaMx328PsIHDWIR","BJIT_Rifat","2","1688","788877001950348","788877002950348","5","1","0"
"DhDRAvaMx328PsIHDWIR","BJIT_Rifat","3","1695","788877001950349","788877002950349","4","1","0"
"DhDRAvaMx328PsIHDWIR","BJIT_Rifat","2","1751","788877001950350","788877002950350","3","1","0"
"DhDRAvaMx328PsIHDWIR","BJIT_Rifat","2","1601","788877001950351","788877002950351","5","1","0"
"DhDRAvaMx328PsIHDWIR","BJIT_Rifat","2","486","788877001950352","788877002950352","4","1","0"
"DhDRAvaMx328PsIHDWIR","BJIT_Rifat","2","890","788877001950353","788877002950353","5","1","0"
"DhDRAvaMx328PsIHDWIR","BJIT_Rifat","3","1653","788877001950354","788877002950354","3","1","0"
"DhDRAvaMx328PsIHDWIR","BJIT_Rifat","3","1455","788877001950355","788877002950355","5","1","0"
"DhDRAvaMx328PsIHDWIR","BJIT_Rifat","2","1006","788877001950356","788877002950356","2","1","0"
"DhDRAvaMx328PsIHDWIR","BJIT_Rifat","2","393","788877001950357","788877002950357","3","1","0"
"DhDRAvaMx328PsIHDWIR","BJIT_Rifat","1","620","788877001950358","788877002950358","3","1","0"
"DhDRAvaMx328PsIHDWIR","BJIT_Rifat","1","164","788877001950359","788877002950359","4","1","0"
"DhDRAvaMx328PsIHDWIR","BJIT_Rifat","2","1174","788877001950360","788877002950360","4","1","0"
"DhDRAvaMx328PsIHDWIR","BJIT_Rifat","2","18","788877001950361","788877002950361","1","1","0"
"DhDRAvaMx328PsIHDWIR","BJIT_Rifat","2","479","788877001950362","788877002950362","5","1","0"
"DhDRAvaMx328PsIHDWIR","BJIT_Rifat","3","150","788877001950363","788877002950363","5","1","0"
"DhDRAvaMx328PsIHDWIR","BJIT_Rifat","3","1780","788877001950364","788877002950364","1","1","0"
"DhDRAvaMx328PsIHDWIR","BJIT_Rifat","1","1699","788877001950365","788877002950365","5","1","0"
"DhDRAvaMx328PsIHDWIR","BJIT_Rifat","3","372","788877001950366","788877002950366","2","1","0"
"DhDRAvaMx328PsIHDWIR","BJIT_Rifat","3","1858","788877001950367","788877002950367","1","1","0"
"DhDRAvaMx328PsIHDWIR","BJIT_Rifat","2","1610","788877001950368","788877002950368","3","1","0"
"DhDRAvaMx328PsIHDWIR","BJIT_Rifat","1","1121","788877001950369","788877002950369","5","1","0"
"DhDRAvaMx328PsIHDWIR","BJIT_Rifat","2","121","788877001950370","788877002950370","5","1","0"
"DhDRAvaMx328PsIHDWIR","BJIT_Rifat","2","1664","788877001950371","788877002950371","3","1","0"
"DhDRAvaMx328PsIHDWIR","BJIT_Rifat","1","1200","788877001950372","788877002950372","1","1","0"
"DhDRAvaMx328PsIHDWIR","BJIT_Rifat","2","1296","788877001950373","788877002950373","2","1","0"
"DhDRAvaMx328PsIHDWIR","BJIT_Rifat","2","42","788877001950374","788877002950374","4","1","0"
"DhDRAvaMx328PsIHDWIR","BJIT_Rifat","2","1639","788877001950375","788877002950375","3","1","0"
"DhDRAvaMx328PsIHDWIR","BJIT_Rifat","2","1419","788877001950376","788877002950376","1","1","0"
"DhDRAvaMx328PsIHDWIR","BJIT_Rifat","2","249","788877001950377","788877002950377","5","1","0"
"DhDRAvaMx328PsIHDWIR","BJIT_Rifat","3","1610","788877001950378","788877002950378","3","1","0"
"DhDRAvaMx328PsIHDWIR","BJIT_Rifat","1","632","788877001950379","788877002950379","3","1","0"
"DhDRAvaMx328PsIHDWIR","BJIT_Rifat","2","1727","788877001950380","788877002950380","5","1","0"
"DhDRAvaMx328PsIHDWIR","BJIT_Rifat","3","649","788877001950381","788877002950381","4","1","0"
"DhDRAvaMx328PsIHDWIR","BJIT_Rifat","1","998","788877001950382","788877002950382","1","1","0"
"DhDRAvaMx328PsIHDWIR","BJIT_Rifat","1","1978","788877001950383","788877002950383","3","1","0"
"DhDRAvaMx328PsIHDWIR","BJIT_Rifat","3","1763","788877001950384","788877002950384","2","1","0"
"DhDRAvaMx328PsIHDWIR","BJIT_Rifat","3","163","788877001950385","788877002950385","4","1","0"
"DhDRAvaMx328PsIHDWIR","BJIT_Rifat","3","630","788877001950386","788877002950386","2","1","0"
"DhDRAvaMx328PsIHDWIR","BJIT_Rifat","3","173","788877001950387","788877002950387","4","1","0"
"DhDRAvaMx328PsIHDWIR","BJIT_Rifat","1","1901","788877001950388","788877002950388","4","1","0"
"DhDRAvaMx328PsIHDWIR","BJIT_Rifat","1","439","788877001950389","788877002950389","5","1","0"
"DhDRAvaMx328PsIHDWIR","BJIT_Rifat","2","1943","788877001950390","788877002950390","5","1","0"
"DhDRAvaMx328PsIHDWIR","BJIT_Rifat","1","1032","788877001950391","788877002950391","3","1","0"
"DhDRAvaMx328PsIHDWIR","BJIT_Rifat","2","1717","788877001950392","788877002950392","5","1","0"
"DhDRAvaMx328PsIHDWIR","BJIT_Rifat","2","1762","788877001950393","788877002950393","5","1","0"
"DhDRAvaMx328PsIHDWIR","BJIT_Rifat","3","754","788877001950394","788877002950394","2","1","0"
"DhDRAvaMx328PsIHDWIR","BJIT_Rifat","3","1752","788877001950395","788877002950395","1","1","0"
"DhDRAvaMx328PsIHDWIR","BJIT_Rifat","3","1179","788877001950396","788877002950396","1","1","0"
"DhDRAvaMx328PsIHDWIR","BJIT_Rifat","2","123","788877001950397","788877002950397","5","1","0"
"DhDRAvaMx328PsIHDWIR","BJIT_Rifat","2","442","788877001950398","788877002950398","1","1","0"
"DhDRAvaMx328PsIHDWIR","BJIT_Rifat","1","1747","788877001950399","788877002950399","4","1","0"
"DhDRAvaMx328PsIHDWIR","BJIT_Rifat","2","1882","788877001950400","788877002950400","3","1","0"
"DhDRAvaMx328PsIHDWIR","BJIT_Rifat","1","965","788877001950401","788877002950401","1","1","0"
"DhDRAvaMx328PsIHDWIR","BJIT_Rifat","1","661","788877001950402","788877002950402","1","1","0"
"DhDRAvaMx328PsIHDWIR","BJIT_Rifat","3","1605","788877001950403","788877002950403","3","1","0"
"DhDRAvaMx328PsIHDWIR","BJIT_Rifat","1","1098","788877001950404","788877002950404","1","1","0"
"DhDRAvaMx328PsIHDWIR","BJIT_Rifat","2","461","788877001950405","788877002950405","3","1","0"
"DhDRAvaMx328PsIHDWIR","BJIT_Rifat","3","52","788877001950406","788877002950406","1","1","0"
"DhDRAvaMx328PsIHDWIR","BJIT_Rifat","1","10","788877001950407","788877002950407","4","1","0"
"DhDRAvaMx328PsIHDWIR","BJIT_Rifat","2","582","788877001950408","788877002950408","4","1","0"
"DhDRAvaMx328PsIHDWIR","BJIT_Rifat","1","1381","788877001950409","788877002950409","2","1","0"
"DhDRAvaMx328PsIHDWIR","BJIT_Rifat","1","477","788877001950410","788877002950410","4","1","0"
"DhDRAvaMx328PsIHDWIR","BJIT_Rifat","2","876","788877001950411","788877002950411","3","1","0"
"DhDRAvaMx328PsIHDWIR","BJIT_Rifat","2","668","788877001950412","788877002950412","4","1","0"
"DhDRAvaMx328PsIHDWIR","BJIT_Rifat","1","130","788877001950413","788877002950413","5","1","0"
"DhDRAvaMx328PsIHDWIR","BJIT_Rifat","1","1241","788877001950414","788877002950414","3","1","0"
"DhDRAvaMx328PsIHDWIR","BJIT_Rifat","3","1921","788877001950415","788877002950415","5","1","0"
"DhDRAvaMx328PsIHDWIR","BJIT_Rifat","1","898","788877001950416","788877002950416","4","1","0"
"DhDRAvaMx328PsIHDWIR","BJIT_Rifat","2","953","788877001950417","788877002950417","5","1","0"
"DhDRAvaMx328PsIHDWIR","BJIT_Rifat","3","1542","788877001950418","788877002950418","1","1","0"
"DhDRAvaMx328PsIHDWIR","BJIT_Rifat","3","7","788877001950419","788877002950419","1","1","0"
"DhDRAvaMx328PsIHDWIR","BJIT_Rifat","2","64","788877001950420","788877002950420","4","1","0"
"DhDRAvaMx328PsIHDWIR","BJIT_Rifat","2","1096","788877001950421","788877002950421","1","1","0"
"DhDRAvaMx328PsIHDWIR","BJIT_Rifat","1","137","788877001950422","788877002950422","5","1","0"
"DhDRAvaMx328PsIHDWIR","BJIT_Rifat","3","1620","788877001950423","788877002950423","5","1","0"
"DhDRAvaMx328PsIHDWIR","BJIT_Rifat","2","594","788877001950424","788877002950424","2","1","0"
"DhDRAvaMx328PsIHDWIR","BJIT_Rifat","3","1248","788877001950425","788877002950425","4","1","0"
"DhDRAvaMx328PsIHDWIR","BJIT_Rifat","1","1336","788877001950426","788877002950426","3","1","0"
"DhDRAvaMx328PsIHDWIR","BJIT_Rifat","1","38","788877001950427","788877002950427","5","1","0"
"DhDRAvaMx328PsIHDWIR","BJIT_Rifat","2","193","788877001950428","788877002950428","1","1","0"
"DhDRAvaMx328PsIHDWIR","BJIT_Rifat","2","962","788877001950429","788877002950429","2","1","0"
"DhDRAvaMx328PsIHDWIR","BJIT_Rifat","3","94","788877001950430","788877002950430","1","1","0"
"DhDRAvaMx328PsIHDWIR","BJIT_Rifat","3","1470","788877001950431","788877002950431","2","1","0"
"DhDRAvaMx328PsIHDWIR","BJIT_Rifat","3","777","788877001950432","788877002950432","5","1","0"
"DhDRAvaMx328PsIHDWIR","BJIT_Rifat","2","1391","788877001950433","788877002950433","2","1","0"
"DhDRAvaMx328PsIHDWIR","BJIT_Rifat","1","1640","788877001950434","788877002950434","4","1","0"
"DhDRAvaMx328PsIHDWIR","BJIT_Rifat","2","622","788877001950435","788877002950435","1","1","0"
"DhDRAvaMx328PsIHDWIR","BJIT_Rifat","1","1514","788877001950436","788877002950436","5","1","0"
"DhDRAvaMx328PsIHDWIR","BJIT_Rifat","1","371","788877001950437","788877002950437","2","1","0"
"DhDRAvaMx328PsIHDWIR","BJIT_Rifat","1","1917","788877001950438","788877002950438","5","1","0"
"DhDRAvaMx328PsIHDWIR","BJIT_Rifat","2","1457","788877001950439","788877002950439","4","1","0"
"DhDRAvaMx328PsIHDWIR","BJIT_Rifat","3","1651","788877001950440","788877002950440","5","1","0"
"DhDRAvaMx328PsIHDWIR","BJIT_Rifat","1","415","788877001950441","788877002950441","2","1","0"
"DhDRAvaMx328PsIHDWIR","BJIT_Rifat","3","1903","788877001950442","788877002950442","5","1","0"
"DhDRAvaMx328PsIHDWIR","BJIT_Rifat","2","1505","788877001950443","788877002950443","1","1","0"
"DhDRAvaMx328PsIHDWIR","BJIT_Rifat","2","69","788877001950444","788877002950444","5","1","0"
"DhDRAvaMx328PsIHDWIR","BJIT_Rifat","3","833","788877001950445","788877002950445","3","1","0"
"DhDRAvaMx328PsIHDWIR","BJIT_Rifat","1","1721","788877001950446","788877002950446","4","1","0"
"DhDRAvaMx328PsIHDWIR","BJIT_Rifat","2","353","788877001950447","788877002950447","4","1","0"
"DhDRAvaMx328PsIHDWIR","BJIT_Rifat","3","1677","788877001950448","788877002950448","1","1","0"
"DhDRAvaMx328PsIHDWIR","BJIT_Rifat","2","1241","788877001950449","788877002950449","2","1","0"
"DhDRAvaMx328PsIHDWIR","BJIT_Rifat","3","1766","788877001950450","788877002950450","5","1","0"
"DhDRAvaMx328PsIHDWIR","BJIT_Rifat","3","1319","788877001950451","788877002950451","2","1","0"
"DhDRAvaMx328PsIHDWIR","BJIT_Rifat","1","1713","788877001950452","788877002950452","5","1","0"
"DhDRAvaMx328PsIHDWIR","BJIT_Rifat","3","367","788877001950453","788877002950453","1","1","0"
"DhDRAvaMx328PsIHDWIR","BJIT_Rifat","2","336","788877001950454","788877002950454","5","1","0"
"DhDRAvaMx328PsIHDWIR","BJIT_Rifat","3","1497","788877001950455","788877002950455","1","1","0"
"DhDRAvaMx328PsIHDWIR","BJIT_Rifat","1","537","788877001950456","788877002950456","1","1","0"
"DhDRAvaMx328PsIHDWIR","BJIT_Rifat","1","1509","788877001950457","788877002950457","4","1","0"
"DhDRAvaMx328PsIHDWIR","BJIT_Rifat","3","1733","788877001950458","788877002950458","4","1","0"
"DhDRAvaMx328PsIHDWIR","BJIT_Rifat","2","1558","788877001950459","788877002950459","3","1","0"
"DhDRAvaMx328PsIHDWIR","BJIT_Rifat","2","1227","788877001950460","788877002950460","4","1","0"
"DhDRAvaMx328PsIHDWIR","BJIT_Rifat","1","1551","788877001950461","788877002950461","3","1","0"
"DhDRAvaMx328PsIHDWIR","BJIT_Rifat","2","1284","788877001950462","788877002950462","4","1","0"
"DhDRAvaMx328PsIHDWIR","BJIT_Rifat","1","640","788877001950463","788877002950463","1","1","0"
"DhDRAvaMx328PsIHDWIR","BJIT_Rifat","1","290","788877001950464","788877002950464","2","1","0"
"DhDRAvaMx328PsIHDWIR","BJIT_Rifat","2","33","788877001950465","788877002950465","1","1","0"
"DhDRAvaMx328PsIHDWIR","BJIT_Rifat","2","1050","788877001950466","788877002950466","5","1","0"
"DhDRAvaMx328PsIHDWIR","BJIT_Rifat","1","1016","788877001950467","788877002950467","4","1","0"
"DhDRAvaMx328PsIHDWIR","BJIT_Rifat","2","862","788877001950468","788877002950468","3","1","0"
"DhDRAvaMx328PsIHDWIR","BJIT_Rifat","3","663","788877001950469","788877002950469","5","1","0"
"DhDRAvaMx328PsIHDWIR","BJIT_Rifat","3","1157","788877001950470","788877002950470","5","1","0"
"DhDRAvaMx328PsIHDWIR","BJIT_Rifat","2","718","788877001950471","788877002950471","1","1","0"
"DhDRAvaMx328PsIHDWIR","BJIT_Rifat","3","1757","788877001950472","788877002950472","2","1","0"
"DhDRAvaMx328PsIHDWIR","BJIT_Rifat","3","900","788877001950473","788877002950473","1","1","0"
"DhDRAvaMx328PsIHDWIR","BJIT_Rifat","1","1650","788877001950474","788877002950474","1","1","0"
"DhDRAvaMx328PsIHDWIR","BJIT_Rifat","1","797","788877001950475","788877002950475","5","1","0"
"DhDRAvaMx328PsIHDWIR","BJIT_Rifat","2","1888","788877001950476","788877002950476","4","1","0"
"DhDRAvaMx328PsIHDWIR","BJIT_Rifat","3","1930","788877001950477","788877002950477","2","1","0"
"DhDRAvaMx328PsIHDWIR","BJIT_Rifat","3","713","788877001950478","788877002950478","3","1","0"
"DhDRAvaMx328PsIHDWIR","BJIT_Rifat","2","633","788877001950479","788877002950479","3","1","0"
"DhDRAvaMx328PsIHDWIR","BJIT_Rifat","2","212","788877001950480","788877002950480","2","1","0"
"DhDRAvaMx328PsIHDWIR","BJIT_Rifat","1","1935","788877001950481","788877002950481","5","1","0"
"DhDRAvaMx328PsIHDWIR","BJIT_Rifat","2","564","788877001950482","788877002950482","5","1","0"
"DhDRAvaMx328PsIHDWIR","BJIT_Rifat","1","371","788877001950483","788877002950483","2","1","0"
"DhDRAvaMx328PsIHDWIR","BJIT_Rifat","3","1160","788877001950484","788877002950484","1","1","0"
"DhDRAvaMx328PsIHDWIR","BJIT_Rifat","2","1987","788877001950485","788877002950485","2","1","0"
"DhDRAvaMx328PsIHDWIR","BJIT_Rifat","3","1631","788877001950486","788877002950486","5","1","0"
"DhDRAvaMx328PsIHDWIR","BJIT_Rifat","1","67","788877001950487","788877002950487","1","1","0"
"DhDRAvaMx328PsIHDWIR","BJIT_Rifat","3","1519","788877001950488","788877002950488","4","1","0"
"DhDRAvaMx328PsIHDWIR","BJIT_Rifat","3","1007","788877001950489","788877002950489","4","1","0"
"DhDRAvaMx328PsIHDWIR","BJIT_Rifat","2","1524","788877001950490","788877002950490","5","1","0"
"DhDRAvaMx328PsIHDWIR","BJIT_Rifat","1","1018","788877001950491","788877002950491","2","1","0"
"DhDRAvaMx328PsIHDWIR","BJIT_Rifat","2","321","788877001950492","788877002950492","1","1","0"
"DhDRAvaMx328PsIHDWIR","BJIT_Rifat","2","1436","788877001950493","788877002950493","3","1","0"
"DhDRAvaMx328PsIHDWIR","BJIT_Rifat","2","286","788877001950494","788877002950494","2","1","0"
"DhDRAvaMx328PsIHDWIR","BJIT_Rifat","1","1314","788877001950495","788877002950495","2","1","0"
"DhDRAvaMx328PsIHDWIR","BJIT_Rifat","3","1836","788877001950496","788877002950496","5","1","0"
"DhDRAvaMx328PsIHDWIR","BJIT_Rifat","1","1620","788877001950497","788877002950497","4","1","0"
"DhDRAvaMx328PsIHDWIR","BJIT_Rifat","1","403","788877001950498","788877002950498","2","1","0"
"DhDRAvaMx328PsIHDWIR","BJIT_Rifat","3","324","788877001950499","788877002950499","1","1","0"
"DhDRAvaMx328PsIHDWIR","BJIT_Rifat","1","767","788877001950500","788877002950500","5","1","0"
"DhDRAvaMx328PsIHDWIR","BJIT_Rifat","3","327","788877001950501","788877002950501","2","1","0"
"DhDRAvaMx328PsIHDWIR","BJIT_Rifat","2","283","788877001950502","788877002950502","2","1","0"
"DhDRAvaMx328PsIHDWIR","BJIT_Rifat","2","1830","788877001950503","788877002950503","5","1","0"
"DhDRAvaMx328PsIHDWIR","BJIT_Rifat","3","1153","788877001950504","788877002950504","4","1","0"
"DhDRAvaMx328PsIHDWIR","BJIT_Rifat","3","1338","788877001950505","788877002950505","4","1","0"
"DhDRAvaMx328PsIHDWIR","BJIT_Rifat","1","1182","788877001950506","788877002950506","3","1","0"
"DhDRAvaMx328PsIHDWIR","BJIT_Rifat","3","1854","788877001950507","788877002950507","3","1","0"
"DhDRAvaMx328PsIHDWIR","BJIT_Rifat","2","1444","788877001950508","788877002950508","3","1","0"
"DhDRAvaMx328PsIHDWIR","BJIT_Rifat","2","1944","788877001950509","788877002950509","2","1","0"
"DhDRAvaMx328PsIHDWIR","BJIT_Rifat","2","708","788877001950510","788877002950510","3","1","0"
"DhDRAvaMx328PsIHDWIR","BJIT_Rifat","1","664","788877001950511","788877002950511","5","1","0"
"DhDRAvaMx328PsIHDWIR","BJIT_Rifat","1","311","788877001950512","788877002950512","3","1","0"
"DhDRAvaMx328PsIHDWIR","BJIT_Rifat","3","370","788877001950513","788877002950513","3","1","0"
"DhDRAvaMx328PsIHDWIR","BJIT_Rifat","1","1773","788877001950514","788877002950514","1","1","0"
"DhDRAvaMx328PsIHDWIR","BJIT_Rifat","3","1122","788877001950515","788877002950515","4","1","0"
"DhDRAvaMx328PsIHDWIR","BJIT_Rifat","2","1120","788877001950516","788877002950516","5","1","0"
"DhDRAvaMx328PsIHDWIR","BJIT_Rifat","1","1399","788877001950517","788877002950517","3","1","0"
"DhDRAvaMx328PsIHDWIR","BJIT_Rifat","1","746","788877001950518","788877002950518","1","1","0"
"DhDRAvaMx328PsIHDWIR","BJIT_Rifat","3","679","788877001950519","788877002950519","1","1","0"
"DhDRAvaMx328PsIHDWIR","BJIT_Rifat","3","1641","788877001950520","788877002950520","2","1","0"
"DhDRAvaMx328PsIHDWIR","BJIT_Rifat","1","441","788877001950521","788877002950521","1","1","0"
"DhDRAvaMx328PsIHDWIR","BJIT_Rifat","2","813","788877001950522","788877002950522","3","1","0"
"DhDRAvaMx328PsIHDWIR","BJIT_Rifat","1","1797","788877001950523","788877002950523","5","1","0"
"DhDRAvaMx328PsIHDWIR","BJIT_Rifat","2","832","788877001950524","788877002950524","3","1","0"
"DhDRAvaMx328PsIHDWIR","BJIT_Rifat","2","202","788877001950525","788877002950525","5","1","0"
"DhDRAvaMx328PsIHDWIR","BJIT_Rifat","2","1937","788877001950526","788877002950526","3","1","0"
"DhDRAvaMx328PsIHDWIR","BJIT_Rifat","3","600","788877001950527","788877002950527","2","1","0"
"DhDRAvaMx328PsIHDWIR","BJIT_Rifat","2","1243","788877001950528","788877002950528","3","1","0"
"DhDRAvaMx328PsIHDWIR","BJIT_Rifat","3","834","788877001950529","788877002950529","3","1","0"
"DhDRAvaMx328PsIHDWIR","BJIT_Rifat","3","1134","788877001950530","788877002950530","4","1","0"
"DhDRAvaMx328PsIHDWIR","BJIT_Rifat","1","1627","788877001950531","788877002950531","3","1","0"
"DhDRAvaMx328PsIHDWIR","BJIT_Rifat","2","1923","788877001950532","788877002950532","3","1","0"
"DhDRAvaMx328PsIHDWIR","BJIT_Rifat","2","1023","788877001950533","788877002950533","4","1","0"
"DhDRAvaMx328PsIHDWIR","BJIT_Rifat","3","1475","788877001950534","788877002950534","3","1","0"
"DhDRAvaMx328PsIHDWIR","BJIT_Rifat","3","435","788877001950535","788877002950535","5","1","0"
"DhDRAvaMx328PsIHDWIR","BJIT_Rifat","1","1957","788877001950536","788877002950536","4","1","0"
"DhDRAvaMx328PsIHDWIR","BJIT_Rifat","2","1228","788877001950537","788877002950537","4","1","0"
"DhDRAvaMx328PsIHDWIR","BJIT_Rifat","1","1536","788877001950538","788877002950538","1","1","0"
"DhDRAvaMx328PsIHDWIR","BJIT_Rifat","2","1610","788877001950539","788877002950539","4","1","0"
"DhDRAvaMx328PsIHDWIR","BJIT_Rifat","2","833","788877001950540","788877002950540","2","1","0"
"DhDRAvaMx328PsIHDWIR","BJIT_Rifat","3","1911","788877001950541","788877002950541","1","1","0"
"DhDRAvaMx328PsIHDWIR","BJIT_Rifat","1","230","788877001950542","788877002950542","5","1","0"
"DhDRAvaMx328PsIHDWIR","BJIT_Rifat","2","1377","788877001950543","788877002950543","4","1","0"
"DhDRAvaMx328PsIHDWIR","BJIT_Rifat","1","1163","788877001950544","788877002950544","5","1","0"
"DhDRAvaMx328PsIHDWIR","BJIT_Rifat","1","1362","788877001950545","788877002950545","5","1","0"
"DhDRAvaMx328PsIHDWIR","BJIT_Rifat","1","1095","788877001950546","788877002950546","5","1","0"
"DhDRAvaMx328PsIHDWIR","BJIT_Rifat","2","921","788877001950547","788877002950547","4","1","0"
"DhDRAvaMx328PsIHDWIR","BJIT_Rifat","2","801","788877001950548","788877002950548","5","1","0"
"DhDRAvaMx328PsIHDWIR","BJIT_Rifat","3","1637","788877001950549","788877002950549","1","1","0"
"DhDRAvaMx328PsIHDWIR","BJIT_Rifat","3","111","788877001950550","788877002950550","5","1","0"
"DhDRAvaMx328PsIHDWIR","BJIT_Rifat","2","579","788877001950551","788877002950551","3","1","0"
"DhDRAvaMx328PsIHDWIR","BJIT_Rifat","2","765","788877001950552","788877002950552","3","1","0"
"DhDRAvaMx328PsIHDWIR","BJIT_Rifat","3","203","788877001950553","788877002950553","1","1","0"
"DhDRAvaMx328PsIHDWIR","BJIT_Rifat","2","126","788877001950554","788877002950554","3","1","0"
"DhDRAvaMx328PsIHDWIR","BJIT_Rifat","1","648","788877001950555","788877002950555","1","1","0"
"DhDRAvaMx328PsIHDWIR","BJIT_Rifat","3","690","788877001950556","788877002950556","5","1","0"
"DhDRAvaMx328PsIHDWIR","BJIT_Rifat","3","908","788877001950557","788877002950557","1","1","0"
"DhDRAvaMx328PsIHDWIR","BJIT_Rifat","1","1902","788877001950558","788877002950558","2","1","0"
"DhDRAvaMx328PsIHDWIR","BJIT_Rifat","1","1636","788877001950559","788877002950559","3","1","0"
"DhDRAvaMx328PsIHDWIR","BJIT_Rifat","2","942","788877001950560","788877002950560","1","1","0"
"DhDRAvaMx328PsIHDWIR","BJIT_Rifat","1","1673","788877001950561","788877002950561","4","1","0"
"DhDRAvaMx328PsIHDWIR","BJIT_Rifat","2","178","788877001950562","788877002950562","4","1","0"
"DhDRAvaMx328PsIHDWIR","BJIT_Rifat","1","939","788877001950563","788877002950563","5","1","0"
"DhDRAvaMx328PsIHDWIR","BJIT_Rifat","3","1139","788877001950564","788877002950564","3","1","0"
"DhDRAvaMx328PsIHDWIR","BJIT_Rifat","2","816","788877001950565","788877002950565","3","1","0"
"DhDRAvaMx328PsIHDWIR","BJIT_Rifat","3","1839","788877001950566","788877002950566","3","1","0"
"DhDRAvaMx328PsIHDWIR","BJIT_Rifat","2","1452","788877001950567","788877002950567","1","1","0"
"DhDRAvaMx328PsIHDWIR","BJIT_Rifat","3","1600","788877001950568","788877002950568","3","1","0"
"DhDRAvaMx328PsIHDWIR","BJIT_Rifat","3","539","788877001950569","788877002950569","1","1","0"
"DhDRAvaMx328PsIHDWIR","BJIT_Rifat","3","1878","788877001950570","788877002950570","1","1","0"
"DhDRAvaMx328PsIHDWIR","BJIT_Rifat","2","1173","788877001950571","788877002950571","2","1","0"
"DhDRAvaMx328PsIHDWIR","BJIT_Rifat","3","1052","788877001950572","788877002950572","3","1","0"
"DhDRAvaMx328PsIHDWIR","BJIT_Rifat","1","1026","788877001950573","788877002950573","4","1","0"
"DhDRAvaMx328PsIHDWIR","BJIT_Rifat","1","1191","788877001950574","788877002950574","5","1","0"
"DhDRAvaMx328PsIHDWIR","BJIT_Rifat","3","1430","788877001950575","788877002950575","2","1","0"
"DhDRAvaMx328PsIHDWIR","BJIT_Rifat","2","1823","788877001950576","788877002950576","2","1","0"
"DhDRAvaMx328PsIHDWIR","BJIT_Rifat","3","1467","788877001950577","788877002950577","2","1","0"
"DhDRAvaMx328PsIHDWIR","BJIT_Rifat","1","2","788877001950578","788877002950578","4","1","0"
"DhDRAvaMx328PsIHDWIR","BJIT_Rifat","3","944","788877001950579","788877002950579","1","1","0"
"DhDRAvaMx328PsIHDWIR","BJIT_Rifat","2","1933","788877001950580","788877002950580","2","1","0"
"DhDRAvaMx328PsIHDWIR","BJIT_Rifat","1","1799","788877001950581","788877002950581","4","1","0"
"DhDRAvaMx328PsIHDWIR","BJIT_Rifat","2","1838","788877001950582","788877002950582","3","1","0"
"DhDRAvaMx328PsIHDWIR","BJIT_Rifat","3","98","788877001950583","788877002950583","3","1","0"
"DhDRAvaMx328PsIHDWIR","BJIT_Rifat","3","1496","788877001950584","788877002950584","5","1","0"
"DhDRAvaMx328PsIHDWIR","BJIT_Rifat","3","881","788877001950585","788877002950585","5","1","0"
"DhDRAvaMx328PsIHDWIR","BJIT_Rifat","3","1615","788877001950586","788877002950586","2","1","0"
"DhDRAvaMx328PsIHDWIR","BJIT_Rifat","3","1671","788877001950587","788877002950587","3","1","0"
"DhDRAvaMx328PsIHDWIR","BJIT_Rifat","2","116","788877001950588","788877002950588","5","1","0"
"DhDRAvaMx328PsIHDWIR","BJIT_Rifat","2","848","788877001950589","788877002950589","2","1","0"
"DhDRAvaMx328PsIHDWIR","BJIT_Rifat","1","1506","788877001950590","788877002950590","2","1","0"
"DhDRAvaMx328PsIHDWIR","BJIT_Rifat","3","1753","788877001950591","788877002950591","1","1","0"
"DhDRAvaMx328PsIHDWIR","BJIT_Rifat","2","699","788877001950592","788877002950592","4","1","0"
"DhDRAvaMx328PsIHDWIR","BJIT_Rifat","3","1801","788877001950593","788877002950593","3","1","0"
"DhDRAvaMx328PsIHDWIR","BJIT_Rifat","2","720","788877001950594","788877002950594","3","1","0"
"DhDRAvaMx328PsIHDWIR","BJIT_Rifat","2","593","788877001950595","788877002950595","2","1","0"
"DhDRAvaMx328PsIHDWIR","BJIT_Rifat","1","1673","788877001950596","788877002950596","4","1","0"
"DhDRAvaMx328PsIHDWIR","BJIT_Rifat","1","1084","788877001950597","788877002950597","3","1","0"
"DhDRAvaMx328PsIHDWIR","BJIT_Rifat","3","997","788877001950598","788877002950598","3","1","0"
"DhDRAvaMx328PsIHDWIR","BJIT_Rifat","1","293","788877001950599","788877002950599","3","1","0"
"DhDRAvaMx328PsIHDWIR","BJIT_Rifat","3","948","788877001950600","788877002950600","1","1","0"
"DhDRAvaMx328PsIHDWIR","BJIT_Rifat","2","125","788877001950601","788877002950601","2","1","0"
"DhDRAvaMx328PsIHDWIR","BJIT_Rifat","3","1151","788877001950602","788877002950602","2","1","0"
"DhDRAvaMx328PsIHDWIR","BJIT_Rifat","2","362","788877001950603","788877002950603","4","1","0"
"DhDRAvaMx328PsIHDWIR","BJIT_Rifat","2","783","788877001950604","788877002950604","3","1","0"
"DhDRAvaMx328PsIHDWIR","BJIT_Rifat","2","326","788877001950605","788877002950605","5","1","0"
"DhDRAvaMx328PsIHDWIR","BJIT_Rifat","1","1700","788877001950606","788877002950606","1","1","0"
"DhDRAvaMx328PsIHDWIR","BJIT_Rifat","3","171","788877001950607","788877002950607","1","1","0"
"DhDRAvaMx328PsIHDWIR","BJIT_Rifat","3","1763","788877001950608","788877002950608","3","1","0"
"DhDRAvaMx328PsIHDWIR","BJIT_Rifat","1","1919","788877001950609","788877002950609","5","1","0"
"DhDRAvaMx328PsIHDWIR","BJIT_Rifat","1","302","788877001950610","788877002950610","3","1","0"
"DhDRAvaMx328PsIHDWIR","BJIT_Rifat","3","1404","788877001950611","788877002950611","4","1","0"
"DhDRAvaMx328PsIHDWIR","BJIT_Rifat","3","1185","788877001950612","788877002950612","1","1","0"
"DhDRAvaMx328PsIHDWIR","BJIT_Rifat","2","46","788877001950613","788877002950613","5","1","0"
"DhDRAvaMx328PsIHDWIR","BJIT_Rifat","2","1519","788877001950614","788877002950614","1","1","0"
"DhDRAvaMx328PsIHDWIR","BJIT_Rifat","1","1104","788877001950615","788877002950615","1","1","0"
"DhDRAvaMx328PsIHDWIR","BJIT_Rifat","2","401","788877001950616","788877002950616","4","1","0"
"DhDRAvaMx328PsIHDWIR","BJIT_Rifat","3","1022","788877001950617","788877002950617","3","1","0"
"DhDRAvaMx328PsIHDWIR","BJIT_Rifat","3","643","788877001950618","788877002950618","4","1","0"
"DhDRAvaMx328PsIHDWIR","BJIT_Rifat","3","1533","788877001950619","788877002950619","5","1","0"
"DhDRAvaMx328PsIHDWIR","BJIT_Rifat","2","1104","788877001950620","788877002950620","5","1","0"
"DhDRAvaMx328PsIHDWIR","BJIT_Rifat","1","300","788877001950621","788877002950621","3","1","0"
"DhDRAvaMx328PsIHDWIR","BJIT_Rifat","2","155","788877001950622","788877002950622","2","1","0"
"DhDRAvaMx328PsIHDWIR","BJIT_Rifat","3","805","788877001950623","788877002950623","1","1","0"
"DhDRAvaMx328PsIHDWIR","BJIT_Rifat","1","1335","788877001950624","788877002950624","5","1","0"
"DhDRAvaMx328PsIHDWIR","BJIT_Rifat","3","466","788877001950625","788877002950625","5","1","0"
"DhDRAvaMx328PsIHDWIR","BJIT_Rifat","1","1505","788877001950626","788877002950626","1","1","0"
"DhDRAvaMx328PsIHDWIR","BJIT_Rifat","2","130","788877001950627","788877002950627","5","1","0"
"DhDRAvaMx328PsIHDWIR","BJIT_Rifat","2","860","788877001950628","788877002950628","1","1","0"
"DhDRAvaMx328PsIHDWIR","BJIT_Rifat","1","1255","788877001950629","788877002950629","2","1","0"
"DhDRAvaMx328PsIHDWIR","BJIT_Rifat","3","1047","788877001950630","788877002950630","2","1","0"
"DhDRAvaMx328PsIHDWIR","BJIT_Rifat","1","1183","788877001950631","788877002950631","5","1","0"
"DhDRAvaMx328PsIHDWIR","BJIT_Rifat","2","1788","788877001950632","788877002950632","5","1","0"
"DhDRAvaMx328PsIHDWIR","BJIT_Rifat","2","171","788877001950633","788877002950633","5","1","0"
"DhDRAvaMx328PsIHDWIR","BJIT_Rifat","1","534","788877001950634","788877002950634","3","1","0"
"DhDRAvaMx328PsIHDWIR","BJIT_Rifat","3","537","788877001950635","788877002950635","1","1","0"
"DhDRAvaMx328PsIHDWIR","BJIT_Rifat","3","1069","788877001950636","788877002950636","2","1","0"
"DhDRAvaMx328PsIHDWIR","BJIT_Rifat","1","1268","788877001950637","788877002950637","3","1","0"
"DhDRAvaMx328PsIHDWIR","BJIT_Rifat","3","1305","788877001950638","788877002950638","2","1","0"
"DhDRAvaMx328PsIHDWIR","BJIT_Rifat","1","382","788877001950639","788877002950639","5","1","0"
"DhDRAvaMx328PsIHDWIR","BJIT_Rifat","1","1699","788877001950640","788877002950640","3","1","0"
"DhDRAvaMx328PsIHDWIR","BJIT_Rifat","1","280","788877001950641","788877002950641","3","1","0"
"DhDRAvaMx328PsIHDWIR","BJIT_Rifat","2","245","788877001950642","788877002950642","5","1","0"
"DhDRAvaMx328PsIHDWIR","BJIT_Rifat","3","780","788877001950643","788877002950643","3","1","0"
"DhDRAvaMx328PsIHDWIR","BJIT_Rifat","1","1370","788877001950644","788877002950644","1","1","0"
"DhDRAvaMx328PsIHDWIR","BJIT_Rifat","1","815","788877001950645","788877002950645","1","1","0"
"DhDRAvaMx328PsIHDWIR","BJIT_Rifat","3","220","788877001950646","788877002950646","4","1","0"
"DhDRAvaMx328PsIHDWIR","BJIT_Rifat","2","141","788877001950647","788877002950647","1","1","0"
"DhDRAvaMx328PsIHDWIR","BJIT_Rifat","2","1442","788877001950648","788877002950648","5","1","0"
"DhDRAvaMx328PsIHDWIR","BJIT_Rifat","1","927","788877001950649","788877002950649","2","1","0"
"DhDRAvaMx328PsIHDWIR","BJIT_Rifat","1","128","788877001950650","788877002950650","4","1","0"
"DhDRAvaMx328PsIHDWIR","BJIT_Rifat","1","1427","788877001950651","788877002950651","2","1","0"
"DhDRAvaMx328PsIHDWIR","BJIT_Rifat","1","565","788877001950652","788877002950652","5","1","0"
"DhDRAvaMx328PsIHDWIR","BJIT_Rifat","1","1693","788877001950653","788877002950653","1","1","0"
"DhDRAvaMx328PsIHDWIR","BJIT_Rifat","3","901","788877001950654","788877002950654","3","1","0"
"DhDRAvaMx328PsIHDWIR","BJIT_Rifat","3","960","788877001950655","788877002950655","2","1","0"
"DhDRAvaMx328PsIHDWIR","BJIT_Rifat","2","1616","788877001950656","788877002950656","4","1","0"
"DhDRAvaMx328PsIHDWIR","BJIT_Rifat","1","1813","788877001950657","788877002950657","1","1","0"
"DhDRAvaMx328PsIHDWIR","BJIT_Rifat","2","246","788877001950658","788877002950658","1","1","0"
"DhDRAvaMx328PsIHDWIR","BJIT_Rifat","3","1924","788877001950659","788877002950659","1","1","0"
"DhDRAvaMx328PsIHDWIR","BJIT_Rifat","1","1391","788877001950660","788877002950660","4","1","0"
"DhDRAvaMx328PsIHDWIR","BJIT_Rifat","3","1691","788877001950661","788877002950661","5","1","0"
"DhDRAvaMx328PsIHDWIR","BJIT_Rifat","2","729","788877001950662","788877002950662","1","1","0"
"DhDRAvaMx328PsIHDWIR","BJIT_Rifat","3","1009","788877001950663","788877002950663","1","1","0"
"DhDRAvaMx328PsIHDWIR","BJIT_Rifat","3","703","788877001950664","788877002950664","1","1","0"
"DhDRAvaMx328PsIHDWIR","BJIT_Rifat","2","345","788877001950665","788877002950665","1","1","0"
"DhDRAvaMx328PsIHDWIR","BJIT_Rifat","1","1189","788877001950666","788877002950666","2","1","0"
"DhDRAvaMx328PsIHDWIR","BJIT_Rifat","3","1025","788877001950667","788877002950667","3","1","0"
"DhDRAvaMx328PsIHDWIR","BJIT_Rifat","1","402","788877001950668","788877002950668","4","1","0"
"DhDRAvaMx328PsIHDWIR","BJIT_Rifat","2","62","788877001950669","788877002950669","2","1","0"
"DhDRAvaMx328PsIHDWIR","BJIT_Rifat","2","1105","788877001950670","788877002950670","1","1","0"
"DhDRAvaMx328PsIHDWIR","BJIT_Rifat","1","514","788877001950671","788877002950671","4","1","0"
"DhDRAvaMx328PsIHDWIR","BJIT_Rifat","1","566","788877001950672","788877002950672","2","1","0"
"DhDRAvaMx328PsIHDWIR","BJIT_Rifat","2","226","788877001950673","788877002950673","2","1","0"
"DhDRAvaMx328PsIHDWIR","BJIT_Rifat","2","991","788877001950674","788877002950674","1","1","0"
"DhDRAvaMx328PsIHDWIR","BJIT_Rifat","3","1514","788877001950675","788877002950675","5","1","0"
"DhDRAvaMx328PsIHDWIR","BJIT_Rifat","2","1330","788877001950676","788877002950676","5","1","0"
"DhDRAvaMx328PsIHDWIR","BJIT_Rifat","2","657","788877001950677","788877002950677","5","1","0"
"DhDRAvaMx328PsIHDWIR","BJIT_Rifat","1","1073","788877001950678","788877002950678","1","1","0"
"DhDRAvaMx328PsIHDWIR","BJIT_Rifat","1","1302","788877001950679","788877002950679","1","1","0"
"DhDRAvaMx328PsIHDWIR","BJIT_Rifat","3","1709","788877001950680","788877002950680","4","1","0"
"DhDRAvaMx328PsIHDWIR","BJIT_Rifat","3","1703","788877001950681","788877002950681","5","1","0"
"DhDRAvaMx328PsIHDWIR","BJIT_Rifat","1","150","788877001950682","788877002950682","2","1","0"
"DhDRAvaMx328PsIHDWIR","BJIT_Rifat","2","1610","788877001950683","788877002950683","2","1","0"
"DhDRAvaMx328PsIHDWIR","BJIT_Rifat","1","1783","788877001950684","788877002950684","2","1","0"
"DhDRAvaMx328PsIHDWIR","BJIT_Rifat","3","288","788877001950685","788877002950685","5","1","0"
"DhDRAvaMx328PsIHDWIR","BJIT_Rifat","2","800","788877001950686","788877002950686","2","1","0"
"DhDRAvaMx328PsIHDWIR","BJIT_Rifat","3","939","788877001950687","788877002950687","1","1","0"
"DhDRAvaMx328PsIHDWIR","BJIT_Rifat","2","519","788877001950688","788877002950688","1","1","0"
"DhDRAvaMx328PsIHDWIR","BJIT_Rifat","1","1221","788877001950689","788877002950689","1","1","0"
"DhDRAvaMx328PsIHDWIR","BJIT_Rifat","2","973","788877001950690","788877002950690","4","1","0"
"DhDRAvaMx328PsIHDWIR","BJIT_Rifat","2","1164","788877001950691","788877002950691","2","1","0"
"DhDRAvaMx328PsIHDWIR","BJIT_Rifat","1","208","788877001950692","788877002950692","5","1","0"
"DhDRAvaMx328PsIHDWIR","BJIT_Rifat","2","1549","788877001950693","788877002950693","4","1","0"
"DhDRAvaMx328PsIHDWIR","BJIT_Rifat","2","1480","788877001950694","788877002950694","2","1","0"
"DhDRAvaMx328PsIHDWIR","BJIT_Rifat","2","142","788877001950695","788877002950695","3","1","0"
"DhDRAvaMx328PsIHDWIR","BJIT_Rifat","3","1875","788877001950696","788877002950696","3","1","0"
"DhDRAvaMx328PsIHDWIR","BJIT_Rifat","3","1875","788877001950697","788877002950697","2","1","0"
"DhDRAvaMx328PsIHDWIR","BJIT_Rifat","2","1883","788877001950698","788877002950698","3","1","0"
"DhDRAvaMx328PsIHDWIR","BJIT_Rifat","2","303","788877001950699","788877002950699","3","1","0"
"DhDRAvaMx328PsIHDWIR","BJIT_Rifat","2","1910","788877001950700","788877002950700","1","1","0"
"DhDRAvaMx328PsIHDWIR","BJIT_Rifat","3","1815","788877001950701","788877002950701","1","1","0"
"DhDRAvaMx328PsIHDWIR","BJIT_Rifat","3","1967","788877001950702","788877002950702","1","1","0"
"DhDRAvaMx328PsIHDWIR","BJIT_Rifat","2","214","788877001950703","788877002950703","1","1","0"
"DhDRAvaMx328PsIHDWIR","BJIT_Rifat","3","779","788877001950704","788877002950704","3","1","0"
"DhDRAvaMx328PsIHDWIR","BJIT_Rifat","3","94","788877001950705","788877002950705","2","1","0"
"DhDRAvaMx328PsIHDWIR","BJIT_Rifat","1","953","788877001950706","788877002950706","5","1","0"
"DhDRAvaMx328PsIHDWIR","BJIT_Rifat","2","688","788877001950707","788877002950707","3","1","0"
"DhDRAvaMx328PsIHDWIR","BJIT_Rifat","2","674","788877001950708","788877002950708","5","1","0"
"DhDRAvaMx328PsIHDWIR","BJIT_Rifat","3","1983","788877001950709","788877002950709","1","1","0"
"DhDRAvaMx328PsIHDWIR","BJIT_Rifat","3","640","788877001950710","788877002950710","3","1","0"
"DhDRAvaMx328PsIHDWIR","BJIT_Rifat","3","1069","788877001950711","788877002950711","5","1","0"
"DhDRAvaMx328PsIHDWIR","BJIT_Rifat","2","258","788877001950712","788877002950712","2","1","0"
"DhDRAvaMx328PsIHDWIR","BJIT_Rifat","2","1072","788877001950713","788877002950713","4","1","0"
"DhDRAvaMx328PsIHDWIR","BJIT_Rifat","2","562","788877001950714","788877002950714","4","1","0"
"DhDRAvaMx328PsIHDWIR","BJIT_Rifat","3","1791","788877001950715","788877002950715","2","1","0"
"DhDRAvaMx328PsIHDWIR","BJIT_Rifat","2","488","788877001950716","788877002950716","2","1","0"
"DhDRAvaMx328PsIHDWIR","BJIT_Rifat","3","729","788877001950717","788877002950717","5","1","0"
"DhDRAvaMx328PsIHDWIR","BJIT_Rifat","3","1456","788877001950718","788877002950718","3","1","0"
"DhDRAvaMx328PsIHDWIR","BJIT_Rifat","2","1345","788877001950719","788877002950719","3","1","0"
"DhDRAvaMx328PsIHDWIR","BJIT_Rifat","3","899","788877001950720","788877002950720","1","1","0"
"DhDRAvaMx328PsIHDWIR","BJIT_Rifat","3","1807","788877001950721","788877002950721","1","1","0"
"DhDRAvaMx328PsIHDWIR","BJIT_Rifat","3","1955","788877001950722","788877002950722","2","1","0"
"DhDRAvaMx328PsIHDWIR","BJIT_Rifat","2","270","788877001950723","788877002950723","2","1","0"
"DhDRAvaMx328PsIHDWIR","BJIT_Rifat","2","299","788877001950724","788877002950724","5","1","0"
"DhDRAvaMx328PsIHDWIR","BJIT_Rifat","3","243","788877001950725","788877002950725","4","1","0"
"DhDRAvaMx328PsIHDWIR","BJIT_Rifat","3","1522","788877001950726","788877002950726","1","1","0"
"DhDRAvaMx328PsIHDWIR","BJIT_Rifat","1","735","788877001950727","788877002950727","4","1","0"
"DhDRAvaMx328PsIHDWIR","BJIT_Rifat","2","1754","788877001950728","788877002950728","4","1","0"
"DhDRAvaMx328PsIHDWIR","BJIT_Rifat","2","1903","788877001950729","788877002950729","4","1","0"
"DhDRAvaMx328PsIHDWIR","BJIT_Rifat","1","766","788877001950730","788877002950730","5","1","0"
"DhDRAvaMx328PsIHDWIR","BJIT_Rifat","2","252","788877001950731","788877002950731","4","1","0"
"DhDRAvaMx328PsIHDWIR","BJIT_Rifat","2","897","788877001950732","788877002950732","1","1","0"
"DhDRAvaMx328PsIHDWIR","BJIT_Rifat","2","107","788877001950733","788877002950733","4","1","0"
"DhDRAvaMx328PsIHDWIR","BJIT_Rifat","2","657","788877001950734","788877002950734","5","1","0"
"DhDRAvaMx328PsIHDWIR","BJIT_Rifat","3","765","788877001950735","788877002950735","3","1","0"
"DhDRAvaMx328PsIHDWIR","BJIT_Rifat","2","525","788877001950736","788877002950736","4","1","0"
"DhDRAvaMx328PsIHDWIR","BJIT_Rifat","3","1606","788877001950737","788877002950737","4","1","0"
"DhDRAvaMx328PsIHDWIR","BJIT_Rifat","2","699","788877001950738","788877002950738","2","1","0"
"DhDRAvaMx328PsIHDWIR","BJIT_Rifat","3","1756","788877001950739","788877002950739","4","1","0"
"DhDRAvaMx328PsIHDWIR","BJIT_Rifat","2","921","788877001950740","788877002950740","2","1","0"
"DhDRAvaMx328PsIHDWIR","BJIT_Rifat","1","112","788877001950741","788877002950741","1","1","0"
"DhDRAvaMx328PsIHDWIR","BJIT_Rifat","2","1115","788877001950742","788877002950742","2","1","0"
"DhDRAvaMx328PsIHDWIR","BJIT_Rifat","1","910","788877001950743","788877002950743","4","1","0"
"DhDRAvaMx328PsIHDWIR","BJIT_Rifat","3","1848","788877001950744","788877002950744","5","1","0"
"DhDRAvaMx328PsIHDWIR","BJIT_Rifat","2","1211","788877001950745","788877002950745","1","1","0"
"DhDRAvaMx328PsIHDWIR","BJIT_Rifat","3","1509","788877001950746","788877002950746","3","1","0"
"DhDRAvaMx328PsIHDWIR","BJIT_Rifat","1","1231","788877001950747","788877002950747","3","1","0"
"DhDRAvaMx328PsIHDWIR","BJIT_Rifat","2","1104","788877001950748","788877002950748","5","1","0"
"DhDRAvaMx328PsIHDWIR","BJIT_Rifat","1","587","788877001950749","788877002950749","4","1","0"
"DhDRAvaMx328PsIHDWIR","BJIT_Rifat","1","462","788877001950750","788877002950750","1","1","0"
"DhDRAvaMx328PsIHDWIR","BJIT_Rifat","2","1627","788877001950751","788877002950751","5","1","0"
"DhDRAvaMx328PsIHDWIR","BJIT_Rifat","3","1892","788877001950752","788877002950752","1","1","0"
"DhDRAvaMx328PsIHDWIR","BJIT_Rifat","2","1931","788877001950753","788877002950753","5","1","0"
"DhDRAvaMx328PsIHDWIR","BJIT_Rifat","1","1452","788877001950754","788877002950754","5","1","0"
"DhDRAvaMx328PsIHDWIR","BJIT_Rifat","1","34","788877001950755","788877002950755","1","1","0"
"DhDRAvaMx328PsIHDWIR","BJIT_Rifat","2","637","788877001950756","788877002950756","3","1","0"
"DhDRAvaMx328PsIHDWIR","BJIT_Rifat","3","784","788877001950757","788877002950757","3","1","0"
"DhDRAvaMx328PsIHDWIR","BJIT_Rifat","1","649","788877001950758","788877002950758","3","1","0"
"DhDRAvaMx328PsIHDWIR","BJIT_Rifat","2","547","788877001950759","788877002950759","5","1","0"
"DhDRAvaMx328PsIHDWIR","BJIT_Rifat","1","540","788877001950760","788877002950760","1","1","0"
"DhDRAvaMx328PsIHDWIR","BJIT_Rifat","2","673","788877001950761","788877002950761","3","1","0"
"DhDRAvaMx328PsIHDWIR","BJIT_Rifat","2","1917","788877001950762","788877002950762","3","1","0"
"DhDRAvaMx328PsIHDWIR","BJIT_Rifat","1","1890","788877001950763","788877002950763","2","1","0"
"DhDRAvaMx328PsIHDWIR","BJIT_Rifat","1","697","788877001950764","788877002950764","4","1","0"
"DhDRAvaMx328PsIHDWIR","BJIT_Rifat","3","994","788877001950765","788877002950765","5","1","0"
"DhDRAvaMx328PsIHDWIR","BJIT_Rifat","1","1547","788877001950766","788877002950766","4","1","0"
"DhDRAvaMx328PsIHDWIR","BJIT_Rifat","2","320","788877001950767","788877002950767","2","1","0"
"DhDRAvaMx328PsIHDWIR","BJIT_Rifat","3","1478","788877001950768","788877002950768","5","1","0"
"DhDRAvaMx328PsIHDWIR","BJIT_Rifat","2","1880","788877001950769","788877002950769","5","1","0"
"DhDRAvaMx328PsIHDWIR","BJIT_Rifat","2","1844","788877001950770","788877002950770","5","1","0"
"DhDRAvaMx328PsIHDWIR","BJIT_Rifat","3","1730","788877001950771","788877002950771","1","1","0"
"DhDRAvaMx328PsIHDWIR","BJIT_Rifat","2","1647","788877001950772","788877002950772","1","1","0"
"DhDRAvaMx328PsIHDWIR","BJIT_Rifat","1","151","788877001950773","788877002950773","5","1","0"
"DhDRAvaMx328PsIHDWIR","BJIT_Rifat","1","149","788877001950774","788877002950774","4","1","0"
"DhDRAvaMx328PsIHDWIR","BJIT_Rifat","1","772","788877001950775","788877002950775","5","1","0"
"DhDRAvaMx328PsIHDWIR","BJIT_Rifat","1","671","788877001950776","788877002950776","1","1","0"
"DhDRAvaMx328PsIHDWIR","BJIT_Rifat","2","1353","788877001950777","788877002950777","4","1","0"
"DhDRAvaMx328PsIHDWIR","BJIT_Rifat","1","772","788877001950778","788877002950778","1","1","0"
"DhDRAvaMx328PsIHDWIR","BJIT_Rifat","3","1310","788877001950779","788877002950779","5","1","0"
"DhDRAvaMx328PsIHDWIR","BJIT_Rifat","3","994","788877001950780","788877002950780","3","1","0"
"DhDRAvaMx328PsIHDWIR","BJIT_Rifat","1","1003","788877001950781","788877002950781","5","1","0"
"DhDRAvaMx328PsIHDWIR","BJIT_Rifat","2","249","788877001950782","788877002950782","3","1","0"
"DhDRAvaMx328PsIHDWIR","BJIT_Rifat","3","778","788877001950783","788877002950783","4","1","0"
"DhDRAvaMx328PsIHDWIR","BJIT_Rifat","1","1805","788877001950784","788877002950784","4","1","0"
"DhDRAvaMx328PsIHDWIR","BJIT_Rifat","3","785","788877001950785","788877002950785","3","1","0"
"DhDRAvaMx328PsIHDWIR","BJIT_Rifat","3","467","788877001950786","788877002950786","1","1","0"
"DhDRAvaMx328PsIHDWIR","BJIT_Rifat","2","208","788877001950787","788877002950787","5","1","0"
"DhDRAvaMx328PsIHDWIR","BJIT_Rifat","3","73","788877001950788","788877002950788","1","1","0"
"DhDRAvaMx328PsIHDWIR","BJIT_Rifat","1","148","788877001950789","788877002950789","5","1","0"
"DhDRAvaMx328PsIHDWIR","BJIT_Rifat","2","980","788877001950790","788877002950790","2","1","0"
"DhDRAvaMx328PsIHDWIR","BJIT_Rifat","2","1109","788877001950791","788877002950791","4","1","0"
"DhDRAvaMx328PsIHDWIR","BJIT_Rifat","3","1926","788877001950792","788877002950792","3","1","0"
"DhDRAvaMx328PsIHDWIR","BJIT_Rifat","1","789","788877001950793","788877002950793","4","1","0"
"DhDRAvaMx328PsIHDWIR","BJIT_Rifat","3","868","788877001950794","788877002950794","3","1","0"
"DhDRAvaMx328PsIHDWIR","BJIT_Rifat","3","861","788877001950795","788877002950795","5","1","0"
"DhDRAvaMx328PsIHDWIR","BJIT_Rifat","2","1200","788877001950796","788877002950796","1","1","0"
"DhDRAvaMx328PsIHDWIR","BJIT_Rifat","2","152","788877001950797","788877002950797","5","1","0"
"DhDRAvaMx328PsIHDWIR","BJIT_Rifat","3","598","788877001950798","788877002950798","2","1","0"
"DhDRAvaMx328PsIHDWIR","BJIT_Rifat","2","893","788877001950799","788877002950799","5","1","0"
"DhDRAvaMx328PsIHDWIR","BJIT_Rifat","2","762","788877001950800","788877002950800","4","1","0"
"DhDRAvaMx328PsIHDWIR","BJIT_Rifat","3","1487","788877001950801","788877002950801","4","1","0"
"DhDRAvaMx328PsIHDWIR","BJIT_Rifat","3","800","788877001950802","788877002950802","2","1","0"
"DhDRAvaMx328PsIHDWIR","BJIT_Rifat","1","348","788877001950803","788877002950803","4","1","0"
"DhDRAvaMx328PsIHDWIR","BJIT_Rifat","1","281","788877001950804","788877002950804","1","1","0"
"DhDRAvaMx328PsIHDWIR","BJIT_Rifat","1","1467","788877001950805","788877002950805","5","1","0"
"DhDRAvaMx328PsIHDWIR","BJIT_Rifat","3","680","788877001950806","788877002950806","4","1","0"
"DhDRAvaMx328PsIHDWIR","BJIT_Rifat","1","1306","788877001950807","788877002950807","2","1","0"
"DhDRAvaMx328PsIHDWIR","BJIT_Rifat","2","1421","788877001950808","788877002950808","2","1","0"
"DhDRAvaMx328PsIHDWIR","BJIT_Rifat","2","1794","788877001950809","788877002950809","3","1","0"
"DhDRAvaMx328PsIHDWIR","BJIT_Rifat","1","458","788877001950810","788877002950810","2","1","0"
"DhDRAvaMx328PsIHDWIR","BJIT_Rifat","2","1838","788877001950811","788877002950811","5","1","0"
"DhDRAvaMx328PsIHDWIR","BJIT_Rifat","3","226","788877001950812","788877002950812","5","1","0"
"DhDRAvaMx328PsIHDWIR","BJIT_Rifat","3","1302","788877001950813","788877002950813","5","1","0"
"DhDRAvaMx328PsIHDWIR","BJIT_Rifat","3","1846","788877001950814","788877002950814","2","1","0"
"DhDRAvaMx328PsIHDWIR","BJIT_Rifat","1","946","788877001950815","788877002950815","5","1","0"
"DhDRAvaMx328PsIHDWIR","BJIT_Rifat","1","105","788877001950816","788877002950816","3","1","0"
"DhDRAvaMx328PsIHDWIR","BJIT_Rifat","2","1225","788877001950817","788877002950817","4","1","0"
"DhDRAvaMx328PsIHDWIR","BJIT_Rifat","1","1798","788877001950818","788877002950818","3","1","0"
"DhDRAvaMx328PsIHDWIR","BJIT_Rifat","2","1895","788877001950819","788877002950819","3","1","0"
"DhDRAvaMx328PsIHDWIR","BJIT_Rifat","2","1821","788877001950820","788877002950820","3","1","0"
"DhDRAvaMx328PsIHDWIR","BJIT_Rifat","1","1119","788877001950821","788877002950821","2","1","0"
"DhDRAvaMx328PsIHDWIR","BJIT_Rifat","2","1614","788877001950822","788877002950822","1","1","0"
"DhDRAvaMx328PsIHDWIR","BJIT_Rifat","2","1235","788877001950823","788877002950823","5","1","0"
"DhDRAvaMx328PsIHDWIR","BJIT_Rifat","1","210","788877001950824","788877002950824","4","1","0"
"DhDRAvaMx328PsIHDWIR","BJIT_Rifat","2","1965","788877001950825","788877002950825","5","1","0"
"DhDRAvaMx328PsIHDWIR","BJIT_Rifat","3","805","788877001950826","788877002950826","5","1","0"
"DhDRAvaMx328PsIHDWIR","BJIT_Rifat","2","645","788877001950827","788877002950827","5","1","0"
"DhDRAvaMx328PsIHDWIR","BJIT_Rifat","3","918","788877001950828","788877002950828","4","1","0"
"DhDRAvaMx328PsIHDWIR","BJIT_Rifat","1","381","788877001950829","788877002950829","4","1","0"
"DhDRAvaMx328PsIHDWIR","BJIT_Rifat","3","487","788877001950830","788877002950830","4","1","0"
"DhDRAvaMx328PsIHDWIR","BJIT_Rifat","2","718","788877001950831","788877002950831","4","1","0"
"DhDRAvaMx328PsIHDWIR","BJIT_Rifat","1","1998","788877001950832","788877002950832","3","1","0"
"DhDRAvaMx328PsIHDWIR","BJIT_Rifat","1","1130","788877001950833","788877002950833","3","1","0"
"DhDRAvaMx328PsIHDWIR","BJIT_Rifat","3","1739","788877001950834","788877002950834","4","1","0"
"DhDRAvaMx328PsIHDWIR","BJIT_Rifat","1","1545","788877001950835","788877002950835","4","1","0"
"DhDRAvaMx328PsIHDWIR","BJIT_Rifat","1","735","788877001950836","788877002950836","5","1","0"
"DhDRAvaMx328PsIHDWIR","BJIT_Rifat","1","1268","788877001950837","788877002950837","1","1","0"
"DhDRAvaMx328PsIHDWIR","BJIT_Rifat","3","608","788877001950838","788877002950838","1","1","0"
"DhDRAvaMx328PsIHDWIR","BJIT_Rifat","1","21","788877001950839","788877002950839","1","1","0"
"DhDRAvaMx328PsIHDWIR","BJIT_Rifat","3","1455","788877001950840","788877002950840","2","1","0"
"DhDRAvaMx328PsIHDWIR","BJIT_Rifat","3","1933","788877001950841","788877002950841","3","1","0"
"DhDRAvaMx328PsIHDWIR","BJIT_Rifat","3","1452","788877001950842","788877002950842","5","1","0"
"DhDRAvaMx328PsIHDWIR","BJIT_Rifat","2","798","788877001950843","788877002950843","2","1","0"
"DhDRAvaMx328PsIHDWIR","BJIT_Rifat","3","1428","788877001950844","788877002950844","3","1","0"
"DhDRAvaMx328PsIHDWIR","BJIT_Rifat","1","474","788877001950845","788877002950845","1","1","0"
"DhDRAvaMx328PsIHDWIR","BJIT_Rifat","1","1597","788877001950846","788877002950846","3","1","0"
"DhDRAvaMx328PsIHDWIR","BJIT_Rifat","2","906","788877001950847","788877002950847","4","1","0"
"DhDRAvaMx328PsIHDWIR","BJIT_Rifat","2","1622","788877001950848","788877002950848","2","1","0"
"DhDRAvaMx328PsIHDWIR","BJIT_Rifat","2","1548","788877001950849","788877002950849","1","1","0"
"DhDRAvaMx328PsIHDWIR","BJIT_Rifat","1","735","788877001950850","788877002950850","4","1","0"
"DhDRAvaMx328PsIHDWIR","BJIT_Rifat","1","848","788877001950851","788877002950851","2","1","0"
"DhDRAvaMx328PsIHDWIR","BJIT_Rifat","2","1163","788877001950852","788877002950852","2","1","0"
"DhDRAvaMx328PsIHDWIR","BJIT_Rifat","2","1857","788877001950853","788877002950853","3","1","0"
"DhDRAvaMx328PsIHDWIR","BJIT_Rifat","1","1604","788877001950854","788877002950854","2","1","0"
"DhDRAvaMx328PsIHDWIR","BJIT_Rifat","1","614","788877001950855","788877002950855","2","1","0"
"DhDRAvaMx328PsIHDWIR","BJIT_Rifat","2","289","788877001950856","788877002950856","4","1","0"
"DhDRAvaMx328PsIHDWIR","BJIT_Rifat","2","1994","788877001950857","788877002950857","5","1","0"
"DhDRAvaMx328PsIHDWIR","BJIT_Rifat","1","1815","788877001950858","788877002950858","3","1","0"
"DhDRAvaMx328PsIHDWIR","BJIT_Rifat","1","1389","788877001950859","788877002950859","1","1","0"
"DhDRAvaMx328PsIHDWIR","BJIT_Rifat","2","376","788877001950860","788877002950860","3","1","0"
"DhDRAvaMx328PsIHDWIR","BJIT_Rifat","3","1262","788877001950861","788877002950861","3","1","0"
"DhDRAvaMx328PsIHDWIR","BJIT_Rifat","1","922","788877001950862","788877002950862","1","1","0"
"DhDRAvaMx328PsIHDWIR","BJIT_Rifat","3","1917","788877001950863","788877002950863","4","1","0"
"DhDRAvaMx328PsIHDWIR","BJIT_Rifat","3","1534","788877001950864","788877002950864","3","1","0"
"DhDRAvaMx328PsIHDWIR","BJIT_Rifat","3","77","788877001950865","788877002950865","4","1","0"
"DhDRAvaMx328PsIHDWIR","BJIT_Rifat","3","525","788877001950866","788877002950866","1","1","0"
"DhDRAvaMx328PsIHDWIR","BJIT_Rifat","1","1615","788877001950867","788877002950867","2","1","0"
"DhDRAvaMx328PsIHDWIR","BJIT_Rifat","1","1336","788877001950868","788877002950868","5","1","0"
"DhDRAvaMx328PsIHDWIR","BJIT_Rifat","3","295","788877001950869","788877002950869","5","1","0"
"DhDRAvaMx328PsIHDWIR","BJIT_Rifat","1","1229","788877001950870","788877002950870","3","1","0"
"DhDRAvaMx328PsIHDWIR","BJIT_Rifat","2","1596","788877001950871","788877002950871","2","1","0"
"DhDRAvaMx328PsIHDWIR","BJIT_Rifat","1","1329","788877001950872","788877002950872","3","1","0"
"DhDRAvaMx328PsIHDWIR","BJIT_Rifat","2","601","788877001950873","788877002950873","4","1","0"
"DhDRAvaMx328PsIHDWIR","BJIT_Rifat","2","925","788877001950874","788877002950874","2","1","0"
"DhDRAvaMx328PsIHDWIR","BJIT_Rifat","1","1014","788877001950875","788877002950875","4","1","0"
"DhDRAvaMx328PsIHDWIR","BJIT_Rifat","3","1497","788877001950876","788877002950876","1","1","0"
"DhDRAvaMx328PsIHDWIR","BJIT_Rifat","2","1255","788877001950877","788877002950877","4","1","0"
"DhDRAvaMx328PsIHDWIR","BJIT_Rifat","2","1192","788877001950878","788877002950878","3","1","0"
"DhDRAvaMx328PsIHDWIR","BJIT_Rifat","3","1650","788877001950879","788877002950879","1","1","0"
"DhDRAvaMx328PsIHDWIR","BJIT_Rifat","2","898","788877001950880","788877002950880","4","1","0"
"DhDRAvaMx328PsIHDWIR","BJIT_Rifat","3","1668","788877001950881","788877002950881","3","1","0"
"DhDRAvaMx328PsIHDWIR","BJIT_Rifat","1","93","788877001950882","788877002950882","3","1","0"
"DhDRAvaMx328PsIHDWIR","BJIT_Rifat","1","1487","788877001950883","788877002950883","5","1","0"
"DhDRAvaMx328PsIHDWIR","BJIT_Rifat","3","276","788877001950884","788877002950884","2","1","0"
"DhDRAvaMx328PsIHDWIR","BJIT_Rifat","3","217","788877001950885","788877002950885","1","1","0"
"DhDRAvaMx328PsIHDWIR","BJIT_Rifat","1","1207","788877001950886","788877002950886","1","1","0"
"DhDRAvaMx328PsIHDWIR","BJIT_Rifat","1","254","788877001950887","788877002950887","1","1","0"
"DhDRAvaMx328PsIHDWIR","BJIT_Rifat","2","71","788877001950888","788877002950888","4","1","0"
"DhDRAvaMx328PsIHDWIR","BJIT_Rifat","3","473","788877001950889","788877002950889","5","1","0"
"DhDRAvaMx328PsIHDWIR","BJIT_Rifat","3","850","788877001950890","788877002950890","4","1","0"
"DhDRAvaMx328PsIHDWIR","BJIT_Rifat","2","1579","788877001950891","788877002950891","3","1","0"
"DhDRAvaMx328PsIHDWIR","BJIT_Rifat","3","641","788877001950892","788877002950892","3","1","0"
"DhDRAvaMx328PsIHDWIR","BJIT_Rifat","1","239","788877001950893","788877002950893","4","1","0"
"DhDRAvaMx328PsIHDWIR","BJIT_Rifat","1","447","788877001950894","788877002950894","4","1","0"
"DhDRAvaMx328PsIHDWIR","BJIT_Rifat","1","1361","788877001950895","788877002950895","2","1","0"
"DhDRAvaMx328PsIHDWIR","BJIT_Rifat","1","1779","788877001950896","788877002950896","1","1","0"
"DhDRAvaMx328PsIHDWIR","BJIT_Rifat","3","943","788877001950897","788877002950897","1","1","0"
"DhDRAvaMx328PsIHDWIR","BJIT_Rifat","3","1749","788877001950898","788877002950898","1","1","0"
"DhDRAvaMx328PsIHDWIR","BJIT_Rifat","1","972","788877001950899","788877002950899","5","1","0"
"DhDRAvaMx328PsIHDWIR","BJIT_Rifat","1","906","788877001950900","788877002950900","4","1","0"
"DhDRAvaMx328PsIHDWIR","BJIT_Rifat","2","781","788877001950901","788877002950901","2","1","0"
"DhDRAvaMx328PsIHDWIR","BJIT_Rifat","2","912","788877001950902","788877002950902","3","1","0"
"DhDRAvaMx328PsIHDWIR","BJIT_Rifat","2","68","788877001950903","788877002950903","2","1","0"
"DhDRAvaMx328PsIHDWIR","BJIT_Rifat","3","128","788877001950904","788877002950904","5","1","0"
"DhDRAvaMx328PsIHDWIR","BJIT_Rifat","1","1455","788877001950905","788877002950905","5","1","0"
"DhDRAvaMx328PsIHDWIR","BJIT_Rifat","2","348","788877001950906","788877002950906","4","1","0"
"DhDRAvaMx328PsIHDWIR","BJIT_Rifat","3","1021","788877001950907","788877002950907","4","1","0"
"DhDRAvaMx328PsIHDWIR","BJIT_Rifat","1","730","788877001950908","788877002950908","3","1","0"
"DhDRAvaMx328PsIHDWIR","BJIT_Rifat","1","668","788877001950909","788877002950909","3","1","0"
"DhDRAvaMx328PsIHDWIR","BJIT_Rifat","2","1920","788877001950910","788877002950910","4","1","0"
"DhDRAvaMx328PsIHDWIR","BJIT_Rifat","3","1389","788877001950911","788877002950911","3","1","0"
"DhDRAvaMx328PsIHDWIR","BJIT_Rifat","2","740","788877001950912","788877002950912","1","1","0"
"DhDRAvaMx328PsIHDWIR","BJIT_Rifat","2","67","788877001950913","788877002950913","5","1","0"
"DhDRAvaMx328PsIHDWIR","BJIT_Rifat","2","292","788877001950914","788877002950914","4","1","0"
"DhDRAvaMx328PsIHDWIR","BJIT_Rifat","1","974","788877001950915","788877002950915","3","1","0"
"DhDRAvaMx328PsIHDWIR","BJIT_Rifat","2","330","788877001950916","788877002950916","2","1","0"
"DhDRAvaMx328PsIHDWIR","BJIT_Rifat","3","1002","788877001950917","788877002950917","5","1","0"
"DhDRAvaMx328PsIHDWIR","BJIT_Rifat","3","1247","788877001950918","788877002950918","2","1","0"
"DhDRAvaMx328PsIHDWIR","BJIT_Rifat","2","1851","788877001950919","788877002950919","1","1","0"
"DhDRAvaMx328PsIHDWIR","BJIT_Rifat","1","572","788877001950920","788877002950920","5","1","0"
"DhDRAvaMx328PsIHDWIR","BJIT_Rifat","1","974","788877001950921","788877002950921","3","1","0"
"DhDRAvaMx328PsIHDWIR","BJIT_Rifat","3","639","788877001950922","788877002950922","4","1","0"
"DhDRAvaMx328PsIHDWIR","BJIT_Rifat","3","209","788877001950923","788877002950923","1","1","0"
"DhDRAvaMx328PsIHDWIR","BJIT_Rifat","2","639","788877001950924","788877002950924","4","1","0"
"DhDRAvaMx328PsIHDWIR","BJIT_Rifat","2","1095","788877001950925","788877002950925","2","1","0"
"DhDRAvaMx328PsIHDWIR","BJIT_Rifat","2","1659","788877001950926","788877002950926","5","1","0"
"DhDRAvaMx328PsIHDWIR","BJIT_Rifat","2","1391","788877001950927","788877002950927","1","1","0"
"DhDRAvaMx328PsIHDWIR","BJIT_Rifat","3","1391","788877001950928","788877002950928","5","1","0"
"DhDRAvaMx328PsIHDWIR","BJIT_Rifat","1","691","788877001950929","788877002950929","5","1","0"
"DhDRAvaMx328PsIHDWIR","BJIT_Rifat","2","979","788877001950930","788877002950930","5","1","0"
"DhDRAvaMx328PsIHDWIR","BJIT_Rifat","2","1882","788877001950931","788877002950931","4","1","0"
"DhDRAvaMx328PsIHDWIR","BJIT_Rifat","2","184","788877001950932","788877002950932","1","1","0"
"DhDRAvaMx328PsIHDWIR","BJIT_Rifat","3","1511","788877001950933","788877002950933","5","1","0"
"DhDRAvaMx328PsIHDWIR","BJIT_Rifat","3","1215","788877001950934","788877002950934","4","1","0"
"DhDRAvaMx328PsIHDWIR","BJIT_Rifat","2","1577","788877001950935","788877002950935","1","1","0"
"DhDRAvaMx328PsIHDWIR","BJIT_Rifat","3","1336","788877001950936","788877002950936","1","1","0"
"DhDRAvaMx328PsIHDWIR","BJIT_Rifat","1","839","788877001950937","788877002950937","1","1","0"
"DhDRAvaMx328PsIHDWIR","BJIT_Rifat","1","544","788877001950938","788877002950938","1","1","0"
"DhDRAvaMx328PsIHDWIR","BJIT_Rifat","2","1899","788877001950939","788877002950939","5","1","0"
"DhDRAvaMx328PsIHDWIR","BJIT_Rifat","1","856","788877001950940","788877002950940","1","1","0"
"DhDRAvaMx328PsIHDWIR","BJIT_Rifat","2","53","788877001950941","788877002950941","4","1","0"
"DhDRAvaMx328PsIHDWIR","BJIT_Rifat","1","316","788877001950942","788877002950942","3","1","0"
"DhDRAvaMx328PsIHDWIR","BJIT_Rifat","2","948","788877001950943","788877002950943","1","1","0"
"DhDRAvaMx328PsIHDWIR","BJIT_Rifat","3","1454","788877001950944","788877002950944","5","1","0"
"DhDRAvaMx328PsIHDWIR","BJIT_Rifat","2","127","788877001950945","788877002950945","1","1","0"
"DhDRAvaMx328PsIHDWIR","BJIT_Rifat","3","1936","788877001950946","788877002950946","4","1","0"
"DhDRAvaMx328PsIHDWIR","BJIT_Rifat","3","1216","788877001950947","788877002950947","1","1","0"
"DhDRAvaMx328PsIHDWIR","BJIT_Rifat","2","405","788877001950948","788877002950948","5","1","0"
"DhDRAvaMx328PsIHDWIR","BJIT_Rifat","3","748","788877001950949","788877002950949","5","1","0"
"DhDRAvaMx328PsIHDWIR","BJIT_Rifat","1","818","788877001950950","788877002950950","3","1","0"
"DhDRAvaMx328PsIHDWIR","BJIT_Rifat","2","1186","788877001950951","788877002950951","5","1","0"
"DhDRAvaMx328PsIHDWIR","BJIT_Rifat","2","827","788877001950952","788877002950952","5","1","0"
"DhDRAvaMx328PsIHDWIR","BJIT_Rifat","1","1659","788877001950953","788877002950953","1","1","0"
"DhDRAvaMx328PsIHDWIR","BJIT_Rifat","3","51","788877001950954","788877002950954","1","1","0"
"DhDRAvaMx328PsIHDWIR","BJIT_Rifat","3","1199","788877001950955","788877002950955","2","1","0"
"DhDRAvaMx328PsIHDWIR","BJIT_Rifat","1","1076","788877001950956","788877002950956","2","1","0"
"DhDRAvaMx328PsIHDWIR","BJIT_Rifat","3","1904","788877001950957","788877002950957","4","1","0"
"DhDRAvaMx328PsIHDWIR","BJIT_Rifat","2","514","788877001950958","788877002950958","3","1","0"
"DhDRAvaMx328PsIHDWIR","BJIT_Rifat","2","1575","788877001950959","788877002950959","2","1","0"
"DhDRAvaMx328PsIHDWIR","BJIT_Rifat","3","501","788877001950960","788877002950960","5","1","0"
"DhDRAvaMx328PsIHDWIR","BJIT_Rifat","3","986","788877001950961","788877002950961","1","1","0"
"DhDRAvaMx328PsIHDWIR","BJIT_Rifat","3","199","788877001950962","788877002950962","3","1","0"
"DhDRAvaMx328PsIHDWIR","BJIT_Rifat","2","476","788877001950963","788877002950963","5","1","0"
"DhDRAvaMx328PsIHDWIR","BJIT_Rifat","3","1891","788877001950964","788877002950964","1","1","0"
"DhDRAvaMx328PsIHDWIR","BJIT_Rifat","3","1101","788877001950965","788877002950965","1","1","0"
"DhDRAvaMx328PsIHDWIR","BJIT_Rifat","2","400","788877001950966","788877002950966","1","1","0"
"DhDRAvaMx328PsIHDWIR","BJIT_Rifat","2","1124","788877001950967","788877002950967","1","1","0"
"DhDRAvaMx328PsIHDWIR","BJIT_Rifat","3","114","788877001950968","788877002950968","1","1","0"
"DhDRAvaMx328PsIHDWIR","BJIT_Rifat","1","631","788877001950969","788877002950969","4","1","0"
"DhDRAvaMx328PsIHDWIR","BJIT_Rifat","3","1295","788877001950970","788877002950970","3","1","0"
"DhDRAvaMx328PsIHDWIR","BJIT_Rifat","3","962","788877001950971","788877002950971","3","1","0"
"DhDRAvaMx328PsIHDWIR","BJIT_Rifat","1","1682","788877001950972","788877002950972","3","1","0"
"DhDRAvaMx328PsIHDWIR","BJIT_Rifat","2","1773","788877001950973","788877002950973","1","1","0"
"DhDRAvaMx328PsIHDWIR","BJIT_Rifat","1","1620","788877001950974","788877002950974","3","1","0"
"DhDRAvaMx328PsIHDWIR","BJIT_Rifat","3","1959","788877001950975","788877002950975","5","1","0"
"DhDRAvaMx328PsIHDWIR","BJIT_Rifat","3","1073","788877001950976","788877002950976","2","1","0"
"DhDRAvaMx328PsIHDWIR","BJIT_Rifat","3","181","788877001950977","788877002950977","5","1","0"
"DhDRAvaMx328PsIHDWIR","BJIT_Rifat","1","1216","788877001950978","788877002950978","2","1","0"
"DhDRAvaMx328PsIHDWIR","BJIT_Rifat","3","586","788877001950979","788877002950979","3","1","0"
"DhDRAvaMx328PsIHDWIR","BJIT_Rifat","3","474","788877001950980","788877002950980","5","1","0"
"DhDRAvaMx328PsIHDWIR","BJIT_Rifat","2","417","788877001950981","788877002950981","2","1","0"
"DhDRAvaMx328PsIHDWIR","BJIT_Rifat","2","882","788877001950982","788877002950982","3","1","0"
"DhDRAvaMx328PsIHDWIR","BJIT_Rifat","2","1415","788877001950983","788877002950983","2","1","0"
"DhDRAvaMx328PsIHDWIR","BJIT_Rifat","1","1677","788877001950984","788877002950984","4","1","0"
"DhDRAvaMx328PsIHDWIR","BJIT_Rifat","1","1155","788877001950985","788877002950985","5","1","0"
"DhDRAvaMx328PsIHDWIR","BJIT_Rifat","1","1611","788877001950986","788877002950986","5","1","0"
"DhDRAvaMx328PsIHDWIR","BJIT_Rifat","2","279","788877001950987","788877002950987","5","1","0"
"DhDRAvaMx328PsIHDWIR","BJIT_Rifat","1","342","788877001950988","788877002950988","2","1","0"
"DhDRAvaMx328PsIHDWIR","BJIT_Rifat","1","1034","788877001950989","788877002950989","3","1","0"
"DhDRAvaMx328PsIHDWIR","BJIT_Rifat","2","651","788877001950990","788877002950990","2","1","0"
"DhDRAvaMx328PsIHDWIR","BJIT_Rifat","2","410","788877001950991","788877002950991","2","1","0"
"DhDRAvaMx328PsIHDWIR","BJIT_Rifat","1","579","788877001950992","788877002950992","3","1","0"
"DhDRAvaMx328PsIHDWIR","BJIT_Rifat","1","794","788877001950993","788877002950993","4","1","0"
"DhDRAvaMx328PsIHDWIR","BJIT_Rifat","3","1530","788877001950994","788877002950994","4","1","0"
"DhDRAvaMx328PsIHDWIR","BJIT_Rifat","3","681","788877001950995","788877002950995","1","1","0"
"DhDRAvaMx328PsIHDWIR","BJIT_Rifat","2","67","788877001950996","788877002950996","5","1","0"
"DhDRAvaMx328PsIHDWIR","BJIT_Rifat","1","804","788877001950997","788877002950997","4","1","0"
"DhDRAvaMx328PsIHDWIR","BJIT_Rifat","3","19","788877001950998","788877002950998","5","1","0"
"DhDRAvaMx328PsIHDWIR","BJIT_Rifat","2","1823","788877001950999","788877002950999","2","1","0"
"DhDRAvaMx328PsIHDWIR","BJIT_Rifat","3","289","788877001951000","788877002951000","3","1","0"